60 51 6

-1.342067722249715e-10 1.5022304159357888e-10 -8.031149196147301e-9 -1.0879350634625776e-9 -7.029378281149009e-11 -4.3659905012385906e-10 
-1.0026822636902942e-10 5.5100735627465705e-11 1.1153600501689098e-9 -1.7290999403849222e-9 2.4663199535118203e-9 1.8523101492846276e-9 
-2.1396860634797167e-11 -2.4984958464165707e-12 9.801371227591482e-9 4.868388166290578e-10 3.791524051279653e-9 3.5197808815835287e-9 
6.098740409796183e-11 1.1796376675647938e-10 -1.785357213738528e-9 3.0130811577058993e-9 4.757384053333913e-10 3.791855929032725e-10 
2.0664558954415868e-10 1.9015025708230062e-10 -5.927006729227833e-9 4.738568071830518e-9 1.25495630066387e-9 2.3655635068502723e-10 
1.1037581153879139e-11 -4.6340470945923596e-11 6.625040705478943e-9 2.2913481442031768e-9 5.940438504394798e-9 3.935569768999739e-9 
-4.211857342488587e-11 1.2861774014009736e-10 8.508388055146595e-9 2.581556773792316e-9 5.975564640272211e-9 4.643823859619904e-9 
-1.6299076777733963e-10 6.71729910004621e-11 -4.657522551708664e-9 2.05638389097021e-9 -2.421863188222223e-9 -1.878600037706992e-9 
-6.078412982314002e-11 -5.094115081674399e-11 -2.394313759562411e-9 1.2568368723734815e-9 -4.141158913031378e-9 -1.1242028983032505e-9 
-1.370169806651276e-10 -2.52178559282579e-11 5.921424024485177e-9 3.4343479629180126e-9 3.98512339976961e-9 4.613709471605753e-9 
5.1508366134178245e-11 -1.6199457038138858e-11 2.295781701887085e-9 1.323882613621881e-9 3.469166990875181e-9 2.881181692423216e-9 
1.3654676104045408e-11 3.8223669577931717e-11 -3.738044102877925e-9 -8.62988077879046e-10 -4.9455834681285785e-9 -5.091444010204931e-9 
2.0511660547205076e-10 -1.2659451886908438e-10 -1.1782602515061752e-9 -1.3775515196696096e-9 5.1114134241610785e-9 5.063915005686988e-9 
2.171238105371938e-10 -1.7099411492259422e-10 1.8579471808478573e-9 -1.8208735211402061e-9 7.585167327196562e-9 1.1973628931045224e-8 
-2.076223985364627e-11 4.339719424344504e-11 -3.004922272146166e-10 9.876741051307567e-11 -1.4687362904230783e-9 -3.4772085738685137e-10 
-3.4355725422988234e-11 2.9382145648553884e-11 -6.376956564699509e-10 2.3479111693210837e-9 -2.5525845556779775e-9 -1.0635025294791588e-8 
3.3466502470752776e-11 5.0314206313598035e-11 3.914002878239776e-9 8.570904041212724e-9 1.545478491016448e-8 9.682910485155234e-9 
-7.016144036621476e-11 4.348102182814709e-12 4.33486541357738e-9 4.68027660287829e-9 2.1523946927960742e-8 1.6772492461684907e-8 
2.0581731945361962e-10 -4.566529220215111e-11 -2.6606219480802106e-9 -6.6130092412182774e-9 -1.4188418271111331e-8 -8.265437536139169e-9 
3.48920533074176e-10 -1.0920966517870459e-10 -3.537084898096782e-9 -1.7667724398637013e-8 -1.6391162872947027e-8 -7.63630153004566e-9 
-2.0409463132205813e-10 -1.5778717058878759e-10 9.687320602400793e-10 2.2112393270161945e-8 -1.0109718407820758e-8 -4.891044289324105e-10 
-3.800079600293064e-11 -9.053089536272537e-11 4.3309043342986745e-10 1.6843433064747264e-8 1.8073861672006628e-9 -7.860616058829808e-9 
-1.5554622005976855e-11 9.173678397455017e-12 -5.19752817390376e-10 -1.6678521902715142e-8 -1.5320482575899698e-9 -5.1548504042866756e-11 
-1.3537649034425109e-11 1.5157833166034347e-11 2.581803112454905e-10 2.0668002854155775e-9 2.73116716551621e-9 5.380581831698372e-9 
-1.5897929530899537e-11 2.604073947259528e-12 8.872036176587305e-11 2.8838289908652754e-9 4.356187971383843e-9 4.2951781496789616e-9 
0.0 0.0 0.0 1.155982376351167e-9 2.0402345541331555e-9 9.828140327282846e-10 
-1.6660225957233867e-12 -5.215529784680052e-12 4.716666233899382e-11 3.5427771299544024e-9 2.1171908962349316e-9 3.6126846204821548e-9 
5.074297326647669e-13 -8.136888264825388e-12 1.645132726637118e-10 4.475046263719802e-9 1.1326202011891782e-9 3.5604387232962707e-9 
-4.3767089376555415e-11 -1.2942072639641293e-11 4.410560597133672e-11 1.7801448424422473e-9 -8.070151386824061e-10 1.1641003132998971e-9 
-1.1873898163898226e-10 -6.166951552568612e-11 -3.3566345086111256e-10 -1.1471343056241208e-8 -1.110693764655521e-8 -7.504448499942992e-9 
-1.0391455612682528e-10 -8.605520021519491e-11 -8.690086475429661e-10 -1.7524110146452298e-8 -1.4329464393416128e-8 -1.1991239911305484e-8 
8.259942825547969e-11 1.1712286182429936e-10 1.5201222366436478e-9 1.6962383490104384e-8 1.9473484423846076e-8 1.1361917211746482e-8 
5.679356354677176e-11 1.4270089957417547e-10 3.0222065991786554e-9 2.3663554012009084e-8 2.537975773778432e-8 1.5978524613159475e-8 
-7.7844777626107e-11 8.579662181474213e-11 1.7465986581933447e-9 6.0181510082746176e-9 1.0045605981708889e-8 7.535572502267267e-9 
-1.6422519634996006e-10 -5.335532637376016e-11 -6.080358410382285e-10 -7.245929770505968e-9 -8.892500218079832e-9 -8.953195792318995e-9 
-5.6457735205212947e-11 -4.8814108194587897e-11 -1.3023518587086128e-9 -8.074986962604558e-9 -6.529133336833277e-9 -7.4466899572498485e-9 
3.7964528623781715e-11 2.979538871887915e-11 7.326454952614456e-10 -2.495759501399428e-10 3.280946318358127e-9 6.284441137295042e-9 
7.963364701279571e-11 1.8938509474101353e-11 2.5846792942545437e-9 4.2778086093035184e-9 1.1731870279154463e-8 1.5043089293623835e-8 
1.0479358924758832e-10 -1.6379720608378893e-11 1.3216336862940625e-9 -3.0846489792727615e-10 5.219175681670548e-9 9.152983080245808e-9 
7.42666969426157e-11 -1.1683185218150484e-10 2.828480962072894e-10 -2.2023593332446502e-9 3.9836143365412435e-9 3.931019552358507e-9 
5.557325310100821e-11 -1.0801569541917765e-10 -7.561810102017401e-10 -3.718223465178297e-9 1.7233970800994065e-9 4.345233445127207e-9 
1.3056891007775335e-10 -7.748075527746905e-11 1.1759414262959958e-10 -2.3100251836489896e-9 2.0705883861756943e-9 5.083510724622727e-9 
-2.524956060812885e-11 -2.02159921946632e-10 7.797964498345948e-10 1.611554756820969e-9 4.233452976562738e-9 6.884911164218728e-9 
-3.4415795620973784e-11 -1.5137644343034763e-10 1.2564656960459424e-9 1.4256740690082649e-10 5.278397134294794e-9 8.21470609389681e-9 
9.407128993399671e-11 -9.852502679724804e-12 1.3861114937382375e-9 3.52663785635821e-11 4.616980027551515e-9 6.885147059703594e-9 
-1.4762818236112923e-10 -1.0729484222668539e-10 8.207398650710363e-10 2.8731303576903508e-9 3.945735159917719e-9 5.093377862114571e-9 
1.7323641204904748e-11 7.844417062497036e-12 7.500555499632059e-10 4.372774242023144e-9 5.106595867450274e-9 5.661436982987605e-9 
5.290290451855713e-11 1.0222198735969466e-10 1.0696990312878472e-9 2.7165121460597413e-9 3.988782656611126e-9 5.645609452895667e-9 
-1.0435569517785667e-10 -1.308207052152373e-10 6.682972090926128e-10 -1.3332673853261852e-9 3.4871664793243635e-9 5.2898228776012455e-9 
-2.2515023103349464e-11 -6.6338655593920205e-12 1.1182646764063887e-9 -1.3910000112471995e-10 4.99064920730171e-9 4.593342945410521e-9 
1.3726386480229016e-10 1.0710548718357536e-10 1.6208336906023368e-9 1.3984844592889087e-9 5.952567686328094e-9 5.254014495052226e-9 

4.1468586556647996e-8 5.932997668532526e-8 6.196368226317337e-7 8.135488317075359e-7 8.527621685296368e-7 9.108771423882224e-7 
3.976780468412809e-8 5.053777736917474e-8 6.19409962070772e-7 8.572463412962285e-7 8.785441914587008e-7 9.111467073746149e-7 
3.806702135167491e-8 4.369717875700393e-8 6.166537000590676e-7 8.867591319808573e-7 9.138889850789271e-7 9.205315553192038e-7 
3.6125502000268624e-8 4.110308660910187e-8 6.319126383491906e-7 9.085172346665367e-7 9.525496227318373e-7 9.310294925127547e-7 
3.388475741668931e-8 4.2538899516236894e-8 6.447529140761657e-7 9.34231195074734e-7 9.892280512322268e-7 9.349259790499857e-7 
3.186633636255001e-8 4.6248783395865903e-8 6.324669806568736e-7 9.56669459810902e-7 1.0297206074363088e-6 9.415469977254535e-7 
3.0087628787573165e-8 5.07234946258815e-8 6.224219547486095e-7 9.727912240012313e-7 1.0805126589466326e-6 9.580694547587108e-7 
2.8043478388495948e-8 5.4792200993678997e-8 6.228746702739974e-7 9.826210390739279e-7 1.1332310585362845e-6 9.75181978896999e-7 
2.6190005665791243e-8 5.7687461202538075e-8 6.083940573102894e-7 9.89103441248139e-7 1.180004645727239e-6 9.867272328126e-7 
2.4149682165147753e-8 5.9572862471917845e-8 5.733432432199946e-7 9.971340017742992e-7 1.2209177401781067e-6 1.0024184859859133e-6 
2.2024397554188938e-8 6.042271032927121e-8 5.401945538352121e-7 1.0069107694380681e-6 1.2643529448429652e-6 1.0234413306728358e-6 
2.0117739060223247e-8 6.095183796613108e-8 5.075020794210414e-7 1.023377453968746e-6 1.3007086911051443e-6 1.038947061812961e-6 
1.8157279551899416e-8 6.096026755978191e-8 4.6376233145864415e-7 1.0452553153644226e-6 1.3246444020640345e-6 1.0412396293183541e-6 
1.6532354680186514e-8 6.033454480954826e-8 4.1217284609787865e-7 1.0724117416180414e-6 1.3493224039008665e-6 1.043298703766979e-6 
1.5425326551677444e-8 5.96739049526928e-8 3.658637344385389e-7 1.1010508479322542e-6 1.3744079101158998e-6 1.0614855680881466e-6 
1.4349371197683556e-8 5.908940654167725e-8 3.2441466328794584e-7 1.1414570725255028e-6 1.413160508567867e-6 1.0854543534275055e-6 
1.328389209341255e-8 5.9442227127938596e-8 2.8412855372564035e-7 1.2220417921349098e-6 1.474171644961657e-6 1.0725265423920041e-6 
1.2766254039985368e-8 5.918663144456977e-8 2.4809961578645573e-7 1.336215139957531e-6 1.049275830310922e-6 1.538439967083915e-6 
1.1999647623475215e-8 5.707357987848935e-8 2.2407782910961868e-7 1.4618427779511934e-6 1.096808423613616e-6 1.6098382467899866e-6 
1.118080947164618e-8 5.217563599178684e-8 1.9111136167363748e-7 1.4559705082062005e-6 1.2025626147268384e-6 1.643749312007829e-6 
9.391775074146336e-9 4.360395429714236e-8 1.4845466090751203e-7 1.1196902216677087e-6 1.5009938677419344e-6 1.5947680025960526e-6 
7.070898845301272e-9 3.1748330891929293e-8 1.1264581855069331e-7 1.172246783391927e-6 1.4044360097850917e-6 1.394687140390254e-6 
4.924393070986408e-9 1.882167912435467e-8 7.163996784444665e-8 1.1626102051300502e-6 1.0901625640903044e-6 1.105204766412735e-6 
2.7118182060240207e-9 8.508855343485208e-9 2.863048209563639e-8 8.785583013053044e-7 7.320775253345553e-7 7.666489720846564e-7 
1.0066310344521463e-9 2.9219205875879485e-9 4.428059715802528e-9 5.288082726644164e-7 4.888121311607043e-7 5.058593998907979e-7 
0.0 0.0 0.0 4.428009461507881e-7 4.4310988682882524e-7 4.41764973067403e-7 
1.3564653731718007e-9 1.352571571761676e-9 3.0832275308212847e-9 4.7541581189418087e-7 4.7162718275730483e-7 4.8651239054038e-7 
3.439557994338565e-9 3.4268342195776565e-9 1.814326670325131e-8 6.662020167109273e-7 6.580287487531941e-7 7.005185003306625e-7 
7.02801438175052e-9 7.0215775685162975e-9 5.392558161960096e-8 9.834533207283694e-7 9.739010569466617e-7 9.520783459252647e-7 
1.1729704315028952e-8 1.1690983597894296e-8 1.004517678659995e-7 1.2577958731818436e-6 1.2456236620735096e-6 1.126675736410296e-6 
1.5966350570656107e-8 1.5918698494923923e-8 1.32345308015597e-7 1.3933242700228864e-6 1.392585621857448e-6 1.1524061695553635e-6 
1.885513983769379e-8 1.8815490965310038e-8 1.4243908159142633e-7 1.3811437342845068e-6 1.3787400822531317e-6 1.0643640341452057e-6 
2.096130831168888e-8 2.089139505233903e-8 1.4283568913947258e-7 1.3156137265678835e-6 1.3097630329716676e-6 9.688707993825362e-7 
2.314661836818012e-8 2.309252485834108e-8 1.545734930206172e-7 9.527184405987872e-7 1.3003385799578619e-6 1.3025681509515127e-6 
2.5841965947145677e-8 2.577502274729599e-8 1.7761126502079357e-7 9.765683023415081e-7 1.3501652850847412e-6 1.3463959935267672e-6 
2.800577074616445e-8 2.7941356962866856e-8 1.9820810332391143e-7 9.70145505109281e-7 1.34716353336766e-6 1.3551838407735355e-6 
3.00167938582988e-8 2.994383833021285e-8 2.2060333424604123e-7 9.54936964205386e-7 1.3387723777937921e-6 1.339117651387241e-6 
3.1721642049132546e-8 3.1696668847782415e-8 2.477199365421923e-7 9.576839017279455e-7 1.350696175131848e-6 1.3526566059351299e-6 
3.3473081221071206e-8 3.338829080012662e-8 2.832662305655226e-7 9.702025470714784e-7 1.3939049308414525e-6 1.3925295851698545e-6 
3.528633339508727e-8 3.533799980132681e-8 3.2054662301995644e-7 9.747031571797756e-7 1.4219553480807872e-6 1.4265012053955962e-6 
3.678743458494331e-8 3.681396560698242e-8 3.539425150774118e-7 9.671851415864628e-7 1.4417580404465483e-6 1.4400580919500132e-6 
3.817675746402883e-8 3.81157031100499e-8 3.8792482814634536e-7 9.550840238920315e-7 1.4537925428018567e-6 1.4531364934656475e-6 
4.026081629295606e-8 4.047202065223691e-8 4.215791228332782e-7 9.399506851044376e-7 1.461446406385211e-6 1.4599468866047475e-6 
4.171818406841729e-8 4.18611073505689e-8 4.564508252873798e-7 9.235864780729712e-7 1.4702524311358614e-6 1.4703943391308622e-6 
4.315706170490277e-8 4.3073216686550605e-8 4.893362486916485e-7 9.037852106795506e-7 1.4830115366906873e-6 1.481142539737148e-6 
4.4997107944058454e-8 4.5192465288563755e-8 5.210933445205681e-7 8.845279508308532e-7 1.4875437086791187e-6 1.4901532171563193e-6 
4.581735059096008e-8 4.58959895582229e-8 5.48974370305035e-7 8.666595132415716e-7 1.4896197222922762e-6 1.4929532967056266e-6 
4.683802403819916e-8 4.6772412170725786e-8 5.71611137509089e-7 8.467769957637382e-7 1.492993662561507e-6 1.4918684683669012e-6 
4.820955390697539e-8 4.828351896532322e-8 5.900225112945901e-7 8.278657129237458e-7 1.4935502520774956e-6 1.4928356696735763e-6 
4.836075324901954e-8 4.84399744414163e-8 6.013861232144497e-7 8.164723192462155e-7 1.4892790957301402e-6 1.4934084111184384e-6 
4.7987384768225116e-8 4.8040343418205404e-8 6.042661261832758e-7 8.102117698676344e-7 1.4900458712210447e-6 1.4932051728048753e-6 

7.903505858450201e-8 8.784688097341231e-8 6.020695889084526e-7 7.588700032354188e-7 1.0339718164437053e-6 9.684073057603536e-7 
7.483495107156768e-8 7.468281037659943e-8 5.838687371037042e-7 7.862008933749633e-7 1.036578607193026e-6 9.797477224828048e-7 
6.951720011500366e-8 6.549246567490098e-8 5.754647228910747e-7 8.075381749661046e-7 1.0407155247578228e-6 9.873515406581783e-7 
6.444187234120908e-8 6.222988358236285e-8 5.468170881772523e-7 8.093214621850015e-7 1.0508318055702997e-6 9.848943072150992e-7 
6.008867301305713e-8 6.324001259008494e-8 5.155144511550359e-7 7.966686022863913e-7 1.0591449468901727e-6 9.77816525819506e-7 
5.5339588684772066e-8 6.851881162518707e-8 5.092024593809802e-7 7.856069555653181e-7 1.0680378367091612e-6 9.782298523412961e-7 
5.033393720908512e-8 7.508898106986013e-8 4.971695995375021e-7 7.897394142621539e-7 1.0794975401804612e-6 9.824459891351066e-7 
4.58212891038941e-8 7.945294589428382e-8 4.694232353325593e-7 8.01484490531523e-7 1.105450944661053e-6 9.854612861771553e-7 
4.169963470696994e-8 8.248631774816111e-8 4.4735007913512247e-7 8.311038536889943e-7 1.128063021123502e-6 9.889879858933465e-7 
3.8234503927501377e-8 8.53733697569085e-8 4.4077622019888906e-7 8.800767044941462e-7 1.1534244162977345e-6 9.94196315650063e-7 
3.513732491172751e-8 8.722564858401031e-8 4.292777428034074e-7 9.451611815782262e-7 1.1888161703570368e-6 9.995432633635284e-7 
3.215782010688743e-8 8.692098748386674e-8 4.1441771174349056e-7 1.0270765344819745e-6 1.241844903970549e-6 1.0126014150823932e-6 
2.994529176337791e-8 8.66857826308395e-8 4.020179600026613e-7 1.1348596530606742e-6 1.3148383018929625e-6 1.028314824986262e-6 
2.8041691637315803e-8 8.637579736355481e-8 3.892703822048656e-7 1.2677670389025736e-6 1.4153873095907302e-6 1.0489425457821156e-6 
2.5762924230302415e-8 8.460945123128606e-8 3.642891181585267e-7 1.402267604323899e-6 1.4806129049278565e-6 1.0489949627505821e-6 
2.4506000418625975e-8 8.176857187756475e-8 3.2366106749062343e-7 1.4996885395311507e-6 1.4824845706523127e-6 1.0500383393470632e-6 
2.2285712637261436e-8 7.659562291655594e-8 2.7803006305691805e-7 1.5177802793778161e-6 1.4920976536419984e-6 1.1085813145342445e-6 
1.853173408722075e-8 6.830761064570729e-8 2.2988022659536717e-7 1.45316191510776e-6 1.1656723965905176e-6 1.4351740277252156e-6 
1.555411713490524e-8 5.762451108598082e-8 1.8643941255803868e-7 1.3223431948914113e-6 1.2310877282889089e-6 1.3278923235730394e-6 
1.2302453709286284e-8 4.5141469593313864e-8 1.5327362729960736e-7 1.1960797738138742e-6 1.2745719284809424e-6 1.1142593513649875e-6 
9.968299136065746e-9 3.30627658173906e-8 1.1078273336384769e-7 1.2344109016993447e-6 1.0015533142851296e-6 9.455138856203296e-7 
6.914040484284268e-9 2.2936085329614793e-8 6.041116282305103e-8 9.933598534839358e-7 7.93317016075967e-7 8.370671281581281e-7 
4.131469299453524e-9 1.5780563015442764e-8 2.498476829944993e-8 7.317242295243651e-7 6.656867418633512e-7 7.158699333927389e-7 
2.427178173358095e-9 1.0472463668271661e-8 9.544817138451737e-9 6.138060211617556e-7 5.983802880450284e-7 6.175249829949787e-7 
1.1723705063328928e-9 5.226570310951169e-9 3.808111305023853e-9 5.801669168411206e-7 5.801696897532171e-7 5.769049204363925e-7 
0.0 0.0 0.0 5.62471787301835e-7 5.748765947668148e-7 5.763054357067529e-7 
2.205105080206582e-9 2.207086940594047e-9 3.942931965139574e-9 5.804179748289653e-7 5.799861909378484e-7 5.689021361528366e-7 
4.365880833680625e-9 4.3741989049230784e-9 8.761752717850369e-9 5.938828040928343e-7 5.939287834447486e-7 5.980544847384581e-7 
6.448911544031957e-9 6.44519090473168e-9 1.7257682328784474e-8 6.279488799793335e-7 6.309347845138566e-7 6.818757743092612e-7 
8.68352280958569e-9 8.695255023651712e-9 2.89678686557512e-8 7.180943295063773e-7 7.201537888341148e-7 7.637981485635196e-7 
1.1633338666960629e-8 1.165008231378905e-8 5.923218688129701e-8 8.854441671031815e-7 8.799210459341019e-7 8.797699374407839e-7 
1.5627737649274443e-8 1.5673894861260845e-8 1.208269444567389e-7 1.0757158549762085e-6 1.074067220794551e-6 1.0640088704674147e-6 
2.0383593490989376e-8 2.0339181084816022e-8 1.9731338628004345e-7 1.289093186014125e-6 1.2885776767642265e-6 1.2661372491636992e-6 
2.5417021518920923e-8 2.5371147900671474e-8 2.613668232368985e-7 1.3697556868720596e-6 1.437891820602037e-6 1.4341723598377069e-6 
3.0481590980991753e-8 3.0246400424550496e-8 2.9358572431432903e-7 1.3243739360822961e-6 1.4426989572778555e-6 1.4449352170588505e-6 
3.504147762769338e-8 3.494669164392281e-8 2.960977768992293e-7 1.2164999605075366e-6 1.3849084466240913e-6 1.371033424137295e-6 
4.0031412774431856e-8 3.993992907730687e-8 2.9498993615954755e-7 1.1360834444438386e-6 1.3360788534548447e-6 1.3261735990172491e-6 
4.608539590079529e-8 4.58208211097548e-8 2.960128613623735e-7 1.0797491742646788e-6 1.3010064065036077e-6 1.2910475049950729e-6 
5.148205232632348e-8 5.161033294338331e-8 3.011577433737404e-7 1.0277556497617976e-6 1.2607386913389154e-6 1.257824045240926e-6 
5.5968311315172944e-8 5.602878932974163e-8 3.034300638986598e-7 9.728807555821386e-7 1.2220119865358178e-6 1.218077501052158e-6 
6.079139374263427e-8 6.064735085008642e-8 3.148503549194402e-7 9.337149802749472e-7 1.2042912122804693e-6 1.2042513397486349e-6 
6.433817412761588e-8 6.481640354139181e-8 3.302441553716767e-7 9.008207914320402e-7 1.2077560100033636e-6 1.2086898274051124e-6 
6.747884880576137e-8 6.754332500957253e-8 3.4829389443089894e-7 8.666344825549325e-7 1.2230341317465514e-6 1.2254294593462687e-6 
7.07495200723444e-8 7.070278647805878e-8 3.6389184825166084e-7 8.298506461551387e-7 1.2383571526416601e-6 1.2393923186057607e-6 
7.234491522248218e-8 7.247731992792907e-8 3.793332425385089e-7 7.975251863010969e-7 1.2503546155841789e-6 1.2509292872855858e-6 
7.432022337850412e-8 7.405485589332413e-8 3.9448627121886665e-7 7.61546204438744e-7 1.2587554453452216e-6 1.2601201354524737e-6 
7.62051965168479e-8 7.607467556493687e-8 4.1079313095723904e-7 7.308779440584595e-7 1.2717976245047771e-6 1.271043792522133e-6 
7.691301096057616e-8 7.663985945106258e-8 4.2845878382210545e-7 7.118249531225561e-7 1.2819994716786384e-6 1.2839710733807529e-6 
7.815046251574778e-8 7.759177705819217e-8 4.405559137665786e-7 6.920381954550636e-7 1.2892764863775843e-6 1.2920495979763119e-6 
7.89511138844442e-8 7.833408359477992e-8 4.4604764759915176e-7 6.844916851225253e-7 1.2968826444095423e-6 1.294438222338217e-6 
7.883579712929923e-8 7.816667032680616e-8 4.4637987624730464e-7 6.819980028967095e-7 1.298607774491536e-6 1.2968042709278914e-6 

1.2984368601267305e-7 1.5951870979424494e-7 8.072246219327709e-7 1.2619321324493375e-6 1.5550935271857711e-6 1.5440111110690356e-6 
1.2053542767424106e-7 1.2407726480525136e-7 7.693268554673958e-7 1.2735378116317394e-6 1.5520714580759106e-6 1.5254424043441594e-6 
1.113187549512047e-7 9.961511796248343e-8 7.372053346078197e-7 1.2581535753858266e-6 1.5460556930287252e-6 1.485700767217477e-6 
1.0451443077285628e-7 9.102635285686988e-8 7.348270903780318e-7 1.2507551536451302e-6 1.547127956256787e-6 1.4596409729629189e-6 
9.610905571171384e-8 9.237440512586312e-8 7.234900376734957e-7 1.2549834685487332e-6 1.5542881355025814e-6 1.438930230770777e-6 
8.768753949546548e-8 9.864194536353398e-8 6.962663317174358e-7 1.2676377848562897e-6 1.5688866696110034e-6 1.4163851938021174e-6 
7.99722610143554e-8 1.0681539794605151e-7 6.724424603963107e-7 1.2970816094170995e-6 1.590088603872356e-6 1.4011571390702945e-6 
7.208656747505179e-8 1.1567652852920353e-7 6.532074152771987e-7 1.3330726029584736e-6 1.6215523252808029e-6 1.3881340707730804e-6 
6.564095244337663e-8 1.2376810435738039e-7 6.257361371397165e-7 1.3844412604494236e-6 1.6684158741436405e-6 1.3879364696457156e-6 
5.855112804996775e-8 1.2799440961045977e-7 5.902141547035868e-7 1.4502541625311433e-6 1.7265149259104657e-6 1.3970547310772845e-6 
5.3413462625003064e-8 1.3030275517283097e-7 5.534208041231617e-7 1.534357481107853e-6 1.7828237471498174e-6 1.4193483613739001e-6 
4.9584701899075476e-8 1.3089748381894498e-7 5.051297799681421e-7 1.6136571903157945e-6 1.805357409399653e-6 1.4391746402949316e-6 
4.451090314944448e-8 1.2893601900607775e-7 4.455618844199944e-7 1.6703232534202324e-6 1.7959895654436892e-6 1.4612181622669303e-6 
4.054419318101975e-8 1.2497055036903941e-7 3.843345432403181e-7 1.6893787151156694e-6 1.798503885368562e-6 1.510723019314456e-6 
3.6681068037562766e-8 1.1852214162920466e-7 3.3321089301309673e-7 1.6799898474238406e-6 1.8051935329384288e-6 1.5928967334589546e-6 
3.0967559166650687e-8 1.0924074306724588e-7 2.9006556915820206e-7 1.635796106310721e-6 1.7315164178660355e-6 1.6724190708107626e-6 
2.7075598888749235e-8 9.672720823646279e-8 2.528267329056366e-7 1.5816954564595877e-6 1.6214301495469671e-6 1.72772923199939e-6 
2.3012398253616232e-8 8.25397181595883e-8 2.0762646508070252e-7 1.5210769342875451e-6 1.6868650175723926e-6 1.4871512683424463e-6 
1.8583125639696992e-8 6.925870355205644e-8 1.5322951003552205e-7 1.4521337894167505e-6 1.5408228881733709e-6 1.395909258338599e-6 
1.4371779130797248e-8 5.766242053426862e-8 9.932513306825713e-8 1.3806102902566317e-6 1.3761410474572423e-6 1.3111294392672592e-6 
1.0220831328303788e-8 4.794735171532029e-8 6.080255720199655e-8 1.2201514170172437e-6 1.3097406305161371e-6 1.189941410948024e-6 
7.3413272341853674e-9 3.977695655654112e-8 3.8673746426560423e-8 1.1244182007144792e-6 1.1133795518821205e-6 1.2034967668822828e-6 
5.1698618385562366e-9 3.006154569904642e-8 2.5007266131062876e-8 1.0688322065894534e-6 1.0772180435147347e-6 1.1066090636131422e-6 
3.3074639927625035e-9 1.979541595492008e-8 1.566096860972008e-8 1.0506040994083244e-6 1.0618727576332246e-6 1.0566429791617203e-6 
1.6258718931126354e-9 1.0385700640830178e-8 7.785078590085868e-9 1.0501044782244411e-6 1.0566005652897137e-6 1.0469610224851277e-6 
0.0 0.0 0.0 1.0560357484617568e-6 1.0471085802882653e-6 1.0485809580757584e-6 
4.1464068593533326e-9 4.17086950740118e-9 8.140907861540567e-9 1.0485986650125765e-6 1.0536075434817897e-6 1.0504809743226558e-6 
8.040228728541159e-9 8.102127818129742e-9 1.5701130595734337e-8 1.0494956094926855e-6 1.0563730381963136e-6 1.0451498283410935e-6 
1.1777459611541627e-8 1.1891531340997684e-8 2.371706475946337e-8 1.0591840610411495e-6 1.0641065054042112e-6 1.0727853562316563e-6 
1.5410102479916126e-8 1.5501803371021536e-8 3.539675985233142e-8 1.0786644646271688e-6 1.0826203152818016e-6 1.1499977455014223e-6 
1.87214179714998e-8 1.872462855052676e-8 4.848123331627497e-8 1.1048760973808216e-6 1.1135913278951599e-6 1.2392664072308482e-6 
2.1491560261885918e-8 2.1519045953191726e-8 5.7933315831359765e-8 1.1591012119195547e-6 1.1660981331848345e-6 1.2721891218234063e-6 
2.4233342311722745e-8 2.4271544786183507e-8 7.623562510798256e-8 1.2301671621926115e-6 1.23140555561018e-6 1.2693210899129078e-6 
2.7849471837058924e-8 2.79063138282604e-8 1.1384313286328139e-7 1.2768460923202923e-6 1.310964486965854e-6 1.315110038648806e-6 
3.1922651982774416e-8 3.209411957572977e-8 1.719756604418582e-7 1.3280216958433385e-6 1.3949161388014434e-6 1.3943948666674054e-6 
3.727780573648621e-8 3.7071177799218727e-8 2.506573957980003e-7 1.4414740813466372e-6 1.5225181420583839e-6 1.5276472632029262e-6 
4.3616165312908914e-8 4.3440515489755e-8 3.3502774963614863e-7 1.5509540837068918e-6 1.6553130127855378e-6 1.6558166452413976e-6 
4.881077137414442e-8 4.893392626160553e-8 4.114418848556538e-7 1.6119485524615386e-6 1.7406689243920196e-6 1.7433952240292552e-6 
5.482924873553431e-8 5.433216527949937e-8 4.6828990954256564e-7 1.6076836692709932e-6 1.775966496732532e-6 1.7764282030025118e-6 
6.066802268587012e-8 6.081428625894322e-8 4.978391556808187e-7 1.5531887426515685e-6 1.7630084937481542e-6 1.759448590765986e-6 
6.576046681074153e-8 6.59510524102785e-8 5.118771729480683e-7 1.4764329572733013e-6 1.7285488817846808e-6 1.7290210118180563e-6 
7.216535447124616e-8 7.14758780666312e-8 5.116030003838414e-7 1.3901323232685847e-6 1.6797912913914612e-6 1.68086718713687e-6 
7.778025605081643e-8 7.822015601340754e-8 5.064235651946227e-7 1.3130366494481575e-6 1.6229084096650753e-6 1.6236502333079416e-6 
8.267593771798122e-8 8.240195433550994e-8 5.063216337504446e-7 1.2380936179332544e-6 1.562172295160188e-6 1.561887769374327e-6 
8.898382205403458e-8 8.851342037714525e-8 5.13517101701459e-7 1.1812717361186443e-6 1.5205536358237353e-6 1.5183999282915198e-6 
9.362945397110011e-8 9.462648516752119e-8 5.271457538393179e-7 1.1263528090938165e-6 1.484616464962955e-6 1.4887942431385816e-6 
9.796895241757158e-8 9.844567960596286e-8 5.395625788616134e-7 1.076627128700584e-6 1.4594153651901141e-6 1.4660392147051284e-6 
1.0256625791844607e-7 1.0254909397100949e-7 5.504065796542687e-7 1.0382560872403574e-6 1.4446242761392487e-6 1.4438276762118508e-6 
1.04473772020268e-7 1.0567589854256979e-7 5.583860329624256e-7 1.013070182975564e-6 1.4361165229727563e-6 1.4375305933970275e-6 
1.0654447282483626e-7 1.0731149157262015e-7 5.605324414428877e-7 1.0091376014784706e-6 1.428515363571899e-6 1.4306587257648e-6 
1.0803037180811774e-7 1.0783758659236652e-7 5.582044229502407e-7 1.0121685528697615e-6 1.427584547857635e-6 1.4284050715713655e-6 

1.7021285649185366e-7 1.9303935709795185e-7 9.569827369324075e-7 1.226594068618265e-6 1.7968213836981341e-6 1.6762828319860533e-6 
1.6299531018899338e-7 1.6642120856392472e-7 9.228025368242398e-7 1.2529018503628236e-6 1.7890989579484671e-6 1.6634493655085038e-6 
1.535269878948296e-7 1.448696144763825e-7 8.80707298284144e-7 1.2944021091244924e-6 1.7905430151326675e-6 1.6571615797706486e-6 
1.4305565597908996e-7 1.33122080593368e-7 8.390680113466822e-7 1.3406131798727944e-6 1.805278198728438e-6 1.6727333783941903e-6 
1.3197474565836215e-7 1.3105605103305412e-7 7.967194098732009e-7 1.3790809059287296e-6 1.829021368614005e-6 1.688325883000341e-6 
1.2172377609113227e-7 1.3769936172233935e-7 7.586325388800256e-7 1.419035975438536e-6 1.8606992008980185e-6 1.6963769812139004e-6 
1.1204887802162849e-7 1.4874708151255555e-7 7.18266208873456e-7 1.465442434609584e-6 1.8975687096160326e-6 1.7115933683601744e-6 
1.0273433616164667e-7 1.573487162066686e-7 6.668942793316748e-7 1.5101896886274024e-6 1.932304335101789e-6 1.736132701916596e-6 
9.272428144876744e-8 1.603664664396622e-7 6.075316324246535e-7 1.552308304460278e-6 1.9600113928069104e-6 1.7461300878184427e-6 
8.378452803019801e-8 1.6145491117350367e-7 5.453093948231505e-7 1.5959941315276514e-6 1.984915086545594e-6 1.7674825864990879e-6 
7.624843606449758e-8 1.616019734768039e-7 4.891502158835033e-7 1.6253823403376864e-6 1.995633825943135e-6 1.7994644320737942e-6 
6.616270270391188e-8 1.5804214036777235e-7 4.381615793900155e-7 1.6481916857867642e-6 1.992447837013587e-6 1.849222050373085e-6 
5.85394732523647e-8 1.5239238613213955e-7 3.9571406816805163e-7 1.6704962614304194e-6 1.9482890941322973e-6 1.903444667574583e-6 
5.1944026486076024e-8 1.4412186510514438e-7 3.4968884372905326e-7 1.6953549898500513e-6 1.8668378082125718e-6 1.913056175646529e-6 
4.3361676848442156e-8 1.3264453582960065e-7 2.980498143141646e-7 1.719687720169493e-6 1.793534709302193e-6 1.847150536511936e-6 
3.7288491355380505e-8 1.2221655269721932e-7 2.4318067021701977e-7 1.7520403914923527e-6 1.7375449891916494e-6 1.742859433859302e-6 
3.206031619304974e-8 1.1354760264803893e-7 1.9078666416205784e-7 1.7667933552129834e-6 1.6964919034959735e-6 1.6647514413893443e-6 
2.532928608118438e-8 1.0406627392427417e-7 1.4259916953657806e-7 1.7485952689363929e-6 1.6363524122866123e-6 1.6688394830218494e-6 
2.0263811897910522e-8 9.710848450805843e-8 1.0601894341658095e-7 1.7306753909547492e-6 1.6371031405779286e-6 1.6359442334121486e-6 
1.5722795618151048e-8 8.777115374471418e-8 8.23541569780226e-8 1.6767442114100634e-6 1.6587440044779005e-6 1.6448180925901271e-6 
1.2178580962934106e-8 7.392823474259917e-8 6.224620873122107e-8 1.632232235584031e-6 1.6649085556231767e-6 1.6656387810125066e-6 
9.340376372769082e-9 5.97205518702622e-8 4.561249723681308e-8 1.6549519693668593e-6 1.6995152069207681e-6 1.6634872409012116e-6 
6.689527677218493e-9 4.605265287305637e-8 3.327711393602648e-8 1.7123509918799881e-6 1.7312795565990374e-6 1.7096610549344062e-6 
4.408991840853698e-9 3.068974845697708e-8 2.2341533600593617e-8 1.7687819702825583e-6 1.771762161136377e-6 1.7899290321594983e-6 
2.1765575368272214e-9 1.536131397500151e-8 1.1364739699032388e-8 1.7954841408441756e-6 1.7851904371630414e-6 1.8288655281089853e-6 
0.0 0.0 0.0 1.8489247091670929e-6 1.787923418293795e-6 1.786517772223156e-6 
5.897670751791831e-9 5.921178042871924e-9 1.2142981430902069e-8 1.7817445359018806e-6 1.7826073284504991e-6 1.8479187570373445e-6 
1.1497768973789918e-8 1.1515510753108393e-8 2.4035013680818276e-8 1.7739367989019877e-6 1.777815735933707e-6 1.8233916444992998e-6 
1.676292034421898e-8 1.6759515363094047e-8 3.597273773597903e-8 1.7482580519613564e-6 1.7523356540555396e-6 1.7562429852287332e-6 
2.1715001326094076e-8 2.1786724528909663e-8 4.8260685805323927e-8 1.7106308757974676e-6 1.713603860275033e-6 1.680284962156209e-6 
2.6064933258585607e-8 2.613179526133621e-8 6.264938757977412e-8 1.6795142755782156e-6 1.6859587445594046e-6 1.6642522226396244e-6 
3.037501618096378e-8 3.029468401422419e-8 8.005925641224583e-8 1.65420162629531e-6 1.65725681183688e-6 1.711835479229896e-6 
3.5111919330178844e-8 3.5081855076722815e-8 9.58306793221728e-8 1.6244939188115448e-6 1.6272565111859417e-6 1.768271386203093e-6 
4.0080481833037015e-8 4.007062612015701e-8 1.0933808848019381e-7 1.7688029913505368e-6 1.6020549909907512e-6 1.6049074386627655e-6 
4.5447121603434794e-8 4.544133527210376e-8 1.2709555824749329e-7 1.7254672981621723e-6 1.593825076654632e-6 1.594289991297605e-6 
4.9785141658393926e-8 4.990388927011419e-8 1.544672779296566e-7 1.656092038974588e-6 1.5748459848829737e-6 1.5756671996570457e-6 
5.4587481465373694e-8 5.429472118464107e-8 1.978094011594163e-7 1.601843574933236e-6 1.5501596825705841e-6 1.550141825987427e-6 
6.047955026864112e-8 6.037668476190696e-8 2.544325049799677e-7 1.565220568521578e-6 1.5372486261406287e-6 1.5357639418029728e-6 
6.528604446692751e-8 6.583857341008608e-8 3.1544011869676457e-7 1.5365364773234703e-6 1.5161717365608647e-6 1.516123424352253e-6 
7.129042192348057e-8 7.080422609469537e-8 3.7854875306670696e-7 1.530988142886767e-6 1.508490573836878e-6 1.5095598284371873e-6 
7.780182925456115e-8 7.744566294702999e-8 4.443533728042207e-7 1.5447572360266806e-6 1.5144216761168475e-6 1.5137511730943502e-6 
8.222583958752993e-8 8.244276805223628e-8 5.098058422123765e-7 1.5733942006693754e-6 1.5160195680712905e-6 1.5178404396581176e-6 
8.998411622519519e-8 8.89216232314114e-8 5.702636117891737e-7 1.6049670100188065e-6 1.5170159146233652e-6 1.5190995724564255e-6 
9.871911818034663e-8 9.806211815905346e-8 6.126204322159004e-7 1.6198621122447097e-6 1.5105957154439378e-6 1.5132084854763656e-6 
1.0536905276583195e-7 1.0530391638532564e-7 6.331767913340365e-7 1.6160079864785732e-6 1.5020158011084747e-6 1.504847208006366e-6 
1.140307080187329e-7 1.1242039944705237e-7 6.376704291728345e-7 1.6152223329010698e-6 1.4878089845212644e-6 1.4885755339097506e-6 
1.2151426292840148e-7 1.209702605952354e-7 6.308907064468615e-7 1.6174449934081801e-6 1.4638959711594097e-6 1.4649017997136316e-6 
1.2578313592267452e-7 1.2617471337536977e-7 6.090783026922289e-7 1.6288763231862168e-6 1.4449542188990123e-6 1.4485323504507325e-6 
1.2980562599910546e-7 1.287903278938966e-7 5.654774337715261e-7 1.6633882966659635e-6 1.4323325504442357e-6 1.4346797791099616e-6 
1.3360171888024131e-7 1.3248016316665433e-7 4.978395783132472e-7 1.716359637801714e-6 1.4230333594676325e-6 1.4283043426496324e-6 
1.340600477591351e-7 1.3447847912701448e-7 4.555618962835209e-7 1.7528255863688513e-6 1.4210503456542402e-6 1.4270278994871917e-6 

2.1899170635840735e-7 2.2724710572677003e-7 8.955707492523756e-7 9.82804334562144e-7 1.6142197528765245e-6 1.6221241601884007e-6 
2.0660714857662255e-7 2.19478925369559e-7 8.681521121562466e-7 1.0455977095336852e-6 1.6835119439279698e-6 1.6780587831651805e-6 
1.9329418380679704e-7 2.10466799462839e-7 8.269688511630108e-7 1.1022355587020245e-6 1.739090230715693e-6 1.7162603550474508e-6 
1.8176819098593636e-7 2.026553392023002e-7 7.766545362695319e-7 1.1620136703465793e-6 1.7830051868155408e-6 1.7500751574803278e-6 
1.703575326006519e-7 1.9757798416556915e-7 7.301720841218428e-7 1.2340587436564346e-6 1.8066955562979392e-6 1.7873805003136656e-6 
1.5784348044151414e-7 1.9380847952095335e-7 6.807939279171798e-7 1.2874607280140292e-6 1.8112940454781556e-6 1.805522504213143e-6 
1.439892834076886e-7 1.930206168548749e-7 6.323140551009536e-7 1.3306770064061742e-6 1.8099291736841024e-6 1.8141919287336966e-6 
1.3075705733327764e-7 1.941176351251003e-7 5.816140237883414e-7 1.389608407172479e-6 1.7976386684792689e-6 1.8103150459031896e-6 
1.1921967680176006e-7 1.9575844599571883e-7 5.360159464545837e-7 1.4448022656239948e-6 1.767828432604106e-6 1.7975320526931772e-6 
1.0851020838196973e-7 1.939109062245249e-7 4.900249434659647e-7 1.4955764507503404e-6 1.736310347132233e-6 1.7621584058808417e-6 
9.43205418619912e-8 1.8616656435479318e-7 4.372235585656024e-7 1.5447608116061186e-6 1.695565590580184e-6 1.7032295846192578e-6 
8.383994237122052e-8 1.7863688539686653e-7 3.827940509992351e-7 1.582505311072873e-6 1.6710012614625765e-6 1.6281811799870756e-6 
7.490862818210769e-8 1.7255254576297873e-7 3.3256064905324114e-7 1.6072712796509414e-6 1.6546561622550283e-6 1.5655321737154697e-6 
6.175390442331753e-8 1.6357613687087901e-7 2.778228050776989e-7 1.5971340074581217e-6 1.6426205512201494e-6 1.538239370056744e-6 
5.328554580342247e-8 1.5639065027393087e-7 2.2524081214893841e-7 1.572164249676138e-6 1.6474391505982994e-6 1.5420282610009764e-6 
4.5165290433389285e-8 1.5384337798583865e-7 1.8039622903832451e-7 1.5436263845698504e-6 1.6538257565653985e-6 1.567061213044487e-6 
3.548068495947757e-8 1.4608739790150483e-7 1.4955931345760533e-7 1.514890297932584e-6 1.6829965874240116e-6 1.5930442389259953e-6 
2.990445351131491e-8 1.343953963822679e-7 1.253824538186372e-7 1.4771232858440138e-6 1.6038957195510528e-6 1.7270254219389135e-6 
2.4192735396952506e-8 1.1825965293670705e-7 1.0122581258498855e-7 1.4332788212638777e-6 1.583189168735441e-6 1.7640909437614757e-6 
1.9421518171012215e-8 1.0724000740770987e-7 8.283093678373925e-8 1.4941057168025891e-6 1.60333849510941e-6 1.8112925075808483e-6 
1.541941341553442e-8 9.100042077590686e-8 6.95386809520085e-8 1.7485206426656864e-6 1.5629714616602806e-6 1.8713417942603682e-6 
1.1938115488413265e-8 7.145692213347423e-8 5.6087153156768326e-8 1.86207115957905e-6 1.9139532023305894e-6 1.6700631379175854e-6 
8.808496872420256e-9 5.455552746264067e-8 4.2369805297220144e-8 1.908654836739681e-6 1.9167499757712264e-6 1.7933062809410798e-6 
5.641408040168162e-9 3.7344345269512954e-8 2.8661793305029295e-8 1.9349040887527585e-6 1.9266733369312695e-6 1.885124806928111e-6 
2.7937105125394013e-9 1.8058378076624824e-8 1.4400953118752589e-8 1.9504905583341474e-6 1.9444340157105427e-6 1.9426381770304967e-6 
0.0 0.0 0.0 1.949149856738058e-6 1.942915438153066e-6 1.9386698887437565e-6 
6.945915317348217e-9 6.886248253385436e-9 1.4756869211646758e-8 1.9540232064373802e-6 1.947215257094732e-6 1.9516203573134337e-6 
1.3890715355445796e-8 1.3778969583737592e-8 3.0255891527235775e-8 1.9406284548944988e-6 1.941839313682437e-6 1.9105363687595607e-6 
2.0532179438551807e-8 2.0383156835128112e-8 4.514492688989278e-8 1.915626697552834e-6 1.9166081715593417e-6 1.8436363738621628e-6 
2.6300318522117223e-8 2.618968197964812e-8 5.955487425772773e-8 1.8855727584449907e-6 1.885006172712267e-6 1.759247338615896e-6 
3.117242876003115e-8 3.1252651470599965e-8 7.286319485420239e-8 1.8421915073632311e-6 1.8422505194213285e-6 1.629225224647711e-6 
3.63287057702076e-8 3.64990579330757e-8 8.763553046417435e-8 1.783889752216902e-6 1.7855757963368436e-6 1.449434141294822e-6 
4.174924729096607e-8 4.168108727319356e-8 1.0702051881612278e-7 1.7423976040297188e-6 1.7480471026805776e-6 1.3819678185245635e-6 
4.785461983865887e-8 4.783974017743946e-8 1.2877840722988682e-7 1.41821700604091e-6 1.721694704036329e-6 1.7247034198788846e-6 
5.4925163653426044e-8 5.4901923822846804e-8 1.4721185510077372e-7 1.4663644315622491e-6 1.7017378911249368e-6 1.7062596411434307e-6 
6.335504585351838e-8 6.318374516661566e-8 1.631103324299174e-7 1.497592151104731e-6 1.6908916924297486e-6 1.6947019517052248e-6 
7.125206861445115e-8 7.154689447353138e-8 1.778403940915628e-7 1.4882417836666436e-6 1.6712358721200899e-6 1.6791213813124394e-6 
7.909750048266524e-8 7.939589092543102e-8 1.937140003512939e-7 1.4419008020603397e-6 1.6462818973433214e-6 1.652987115247693e-6 
8.718977203177967e-8 8.675871018988306e-8 2.178605240467283e-7 1.3745788475826032e-6 1.6135475894622833e-6 1.6155758310081026e-6 
9.359607830214288e-8 9.380415120450076e-8 2.503220449398525e-7 1.3241527615493439e-6 1.5752742711379392e-6 1.5733534959070935e-6 
9.955822082776946e-8 9.86903446079243e-8 2.8697383564004554e-7 1.289040348126641e-6 1.532774645741707e-6 1.5294585278566728e-6 
1.0532753241911935e-7 1.0404808676684122e-7 3.197693862735866e-7 1.2554112719544746e-6 1.4876661565086435e-6 1.484142643183282e-6 
1.0839596092265625e-7 1.0859414299612603e-7 3.458127732335077e-7 1.2235151570343026e-6 1.4528913017904929e-6 1.4535619053425216e-6 
1.12063179649334e-7 1.106156267317368e-7 3.7148007930916873e-7 1.2098988829542053e-6 1.426395350158411e-6 1.423419262705768e-6 
1.1842906203790441e-7 1.1737538311845105e-7 4.0228542881862105e-7 1.2312564933825538e-6 1.4065595522882142e-6 1.4078161364584428e-6 
1.2233014002346492e-7 1.2297001125825252e-7 4.217832047141818e-7 1.2606630690467645e-6 1.3860217119006154e-6 1.382099873431803e-6 
1.247004933164583e-7 1.237795086680904e-7 4.2360496445941576e-7 1.302052717064118e-6 1.3665802798707093e-6 1.3601584652025346e-6 
1.2923313984689984e-7 1.2766187086552145e-7 4.0165178702797784e-7 1.3665047971517257e-6 1.3452170332338818e-6 1.3463209961253364e-6 
1.3092358725006326e-7 1.3150377691876167e-7 3.4059828840282844e-7 1.4591565665479604e-6 1.3274253341321054e-6 1.3317795434751485e-6 
1.3074373988241833e-7 1.3064485690177412e-7 2.427423787259455e-7 1.574055332733463e-6 1.3197651469683368e-6 1.3049477956355138e-6 
1.3047213023963552e-7 1.2921315342067116e-7 1.824489724770344e-7 1.6439975467915047e-6 1.3159959277607297e-6 1.298736167669063e-6 

3.5471178628077755e-7 3.1455225635265137e-7 9.884482666722018e-7 1.0022998919878035e-6 2.4361211448729686e-6 2.200859135709839e-6 
3.2808752341422456e-7 3.0622497347691125e-7 9.339780399513304e-7 1.0969016427582805e-6 2.46825861469225e-6 2.2185323172626978e-6 
3.095003869351387e-7 2.938867713380602e-7 8.870683325483424e-7 1.1979347577134815e-6 2.4997286250890604e-6 2.2362480240661575e-6 
2.9150705635354844e-7 2.839079909575516e-7 8.367161445351389e-7 1.2989403627521814e-6 2.531334274298349e-6 2.2468770895668372e-6 
2.6775759432523573e-7 2.7976785743912843e-7 7.819642408046594e-7 1.4076714562323287e-6 2.548181910812633e-6 2.2659238817762514e-6 
2.435467383686811e-7 2.7808926122217107e-7 7.22777041554909e-7 1.511530002169058e-6 2.553510971087646e-6 2.2897746645241775e-6 
2.2470757247209724e-7 2.7802280861507924e-7 6.684493752799305e-7 1.6251149168914205e-6 2.5563302715575186e-6 2.333773239067142e-6 
2.074578983435345e-7 2.7940652097474806e-7 6.114814265936086e-7 1.730562469245637e-6 2.5536220994949987e-6 2.3885092350497685e-6 
1.854533353764365e-7 2.801160958995879e-7 5.516972255216542e-7 1.7979833172906476e-6 2.554239051189084e-6 2.4462516250591275e-6 
1.631701928737683e-7 2.81590720830582e-7 4.928626194518954e-7 1.8786393609105426e-6 2.5594887918104643e-6 2.514690262982338e-6 
1.4759095086933e-7 2.831620816095417e-7 4.3470419507147605e-7 1.9688416442363353e-6 2.589822755182089e-6 2.591686982433808e-6 
1.3002211000243763e-7 2.829760282897423e-7 3.740511149474216e-7 2.0435515664456012e-6 2.631368756861972e-6 2.659000342739578e-6 
1.1007576400498283e-7 2.8258198605262424e-7 3.212854131052508e-7 2.1219122948480095e-6 2.715699749587574e-6 2.7228310404073084e-6 
9.841205403208188e-8 2.8419798150252024e-7 2.8129153640138664e-7 2.1926273007924407e-6 2.7913977337485567e-6 2.776311463739427e-6 
8.606111080059551e-8 2.7522913806844694e-7 2.492692070399255e-7 2.2261564016775943e-6 2.8371807523686086e-6 2.7991336991184533e-6 
7.175318486797834e-8 2.602432709720437e-7 2.198478292538135e-7 2.2607278967715714e-6 2.8395545991324527e-6 2.7995724661554828e-6 
6.090449301385945e-8 2.4846745278539735e-7 1.8906867752497766e-7 2.284486332594886e-6 2.8386453522959482e-6 2.790987935098496e-6 
5.195806130086719e-8 2.368513020932468e-7 1.649183227066537e-7 2.405867665896889e-6 2.8717962676580577e-6 2.8548785316660382e-6 
4.318593583998985e-8 2.1367364576802541e-7 1.4586325969136282e-7 2.5908907215569184e-6 3.0253189424628933e-6 2.9069510563634265e-6 
3.5700899922424935e-8 1.8753088621314136e-7 1.2874390234663674e-7 2.885485288150972e-6 3.0705372402708816e-6 2.940012289489806e-6 
2.9062769052358514e-8 1.6147771559375536e-7 1.096714624766338e-7 3.1177868820862784e-6 3.0172184580192373e-6 2.9471370149869784e-6 
2.2805057470108344e-8 1.327266969568331e-7 9.01731169630912e-8 3.0875724516824464e-6 2.9458281901497302e-6 3.0445395169637486e-6 
1.680215989010846e-8 9.916630445380989e-8 7.018935924831931e-8 3.006845194898557e-6 2.937865331009002e-6 2.994123419069069e-6 
1.1218113343496665e-8 6.54922360998162e-8 4.814666217698897e-8 2.927208884489648e-6 2.9028914229478445e-6 2.903709554956648e-6 
5.597426110965366e-9 3.350924417456976e-8 2.445851664951277e-8 2.8872807727738815e-6 2.886126209162229e-6 2.868267541140401e-6 
0.0 0.0 0.0 2.8380111165144673e-6 2.878759337296584e-6 2.8673946449382494e-6 
1.3217582466720228e-8 1.3261656167697093e-8 2.5701960417844547e-8 2.889443959633564e-6 2.8792829810935252e-6 2.8643447205927073e-6 
2.592060665602621e-8 2.5980595795899672e-8 5.092394796147832e-8 2.911771170710308e-6 2.9028915839090458e-6 2.888477638286905e-6 
3.7582407120690276e-8 3.7635756768195814e-8 7.579966562933355e-8 2.9468675357879263e-6 2.9332981351768275e-6 2.965486489695623e-6 
4.858229692733688e-8 4.846709867588948e-8 1.0198512626177176e-7 2.9971342196823594e-6 2.985723239632247e-6 3.0396212304703305e-6 
5.8885345902067896e-8 5.868626010610043e-8 1.2735163585596016e-7 3.0556811645458726e-6 3.0503109265909913e-6 3.080749463573672e-6 
6.867568100377429e-8 6.847083357718165e-8 1.539182692457914e-7 3.0921500333528728e-6 3.0888528777860722e-6 3.055254363363477e-6 
7.768772252698942e-8 7.771812653716573e-8 1.8029704065604965e-7 3.101123880922513e-6 3.1019748138568942e-6 2.908342317090647e-6 
8.513523738797561e-8 8.543110900766797e-8 2.0573851360809066e-7 2.598237898947307e-6 3.0673954873098035e-6 3.0645676907784226e-6 
9.371994654049426e-8 9.359385856247376e-8 2.3358132361667994e-7 2.367234763055628e-6 2.9999382829160513e-6 2.995897279832611e-6 
1.031278728836938e-7 1.0339114084358535e-7 2.641967406151277e-7 2.2902438950553466e-6 2.9195103550689927e-6 2.9168353061943764e-6 
1.1253904233903229e-7 1.1302591479408657e-7 2.935975363144196e-7 2.247213358395188e-6 2.8315841841369537e-6 2.8287067014504646e-6 
1.2529567381080404e-7 1.2499778090625666e-7 3.242713661359036e-7 2.219113930068491e-6 2.7669554629504425e-6 2.770002311817347e-6 
1.3761916869345593e-7 1.3828322449835222e-7 3.5179029507512183e-7 2.1930103683259357e-6 2.7100502461844586e-6 2.7121003910368714e-6 
1.4877706446627219e-7 1.490917982916177e-7 3.7301521195191546e-7 2.135595084696603e-6 2.667842870554199e-6 2.6793483877419994e-6 
1.598635678057067e-7 1.6109320198222834e-7 3.955668487070278e-7 2.0619234500510073e-6 2.6475843980094086e-6 2.6508734517717244e-6 
1.699168076673637e-7 1.7128401506817328e-7 4.246328479502371e-7 1.9813532199978976e-6 2.6297701357621988e-6 2.6342753078441363e-6 
1.8093576794683937e-7 1.8152605615471782e-7 4.5430326448556997e-7 1.9092422860450394e-6 2.613335892401949e-6 2.608081850962343e-6 
1.9116571734156517e-7 1.9316207094655546e-7 4.731910029920211e-7 1.8251974090445818e-6 2.572890866048803e-6 2.566939959368624e-6 
1.9682886220625877e-7 1.989393800123304e-7 4.778994626922308e-7 1.7442729101981174e-6 2.5224211814293346e-6 2.5075521713795484e-6 
2.0534089029555665e-7 2.0476536009451848e-7 4.806154073412812e-7 1.7014899212038003e-6 2.47054995886688e-6 2.4616831080732936e-6 
2.1426336946689852e-7 2.1451255463354947e-7 4.723891054731786e-7 1.6905712234228821e-6 2.4246638050699015e-6 2.422823012037548e-6 
2.1853290646771404e-7 2.1981995866259547e-7 4.3839667105858694e-7 1.6965227868947154e-6 2.386829224292409e-6 2.3793273531079347e-6 
2.2281019449581728e-7 2.2187396332449034e-7 3.7070615275133313e-7 1.7495075508653958e-6 2.3622638982722503e-6 2.3570873003937606e-6 
2.272222160434111e-7 2.2634220767395988e-7 2.687777665316684e-7 1.8456809974906508e-6 2.358435180452216e-6 2.358381815209035e-6 
2.2862833861916886e-7 2.2946652068955137e-7 2.0958411755915774e-7 1.909648986118888e-6 2.356232242468159e-6 2.3580590400227665e-6 

3.8415276133709123e-7 4.417629282231024e-7 9.85830930488216e-7 1.14973450158503e-6 3.055751692163539e-6 2.6400309586059665e-6 
3.766709150038298e-7 4.315878017385747e-7 9.476986273736787e-7 1.2344113968244303e-6 3.0126459802234982e-6 2.6245337205658264e-6 
3.604125355319667e-7 4.219686418973716e-7 8.978491901669306e-7 1.3311285019937223e-6 2.9780627436041606e-6 2.6281575007857294e-6 
3.343575704168898e-7 4.16903397848556e-7 8.294086218642063e-7 1.432720350355012e-6 2.9506018559474256e-6 2.6355324887490695e-6 
3.0917893449747687e-7 4.130889731843129e-7 7.513906558358853e-7 1.5396835423055882e-6 2.927752098791233e-6 2.651682307554529e-6 
2.895049905697788e-7 4.08855027295887e-7 6.765661816213369e-7 1.6524694682092384e-6 2.9287143513065765e-6 2.6676272709670593e-6 
2.6351547948940196e-7 4.0501978362756646e-7 6.080549467383165e-7 1.774525538473173e-6 2.9522212092988384e-6 2.690866882856534e-6 
2.3090970620619184e-7 3.98429375641909e-7 5.42594135297577e-7 1.8822992339059928e-6 2.99827248119417e-6 2.7179431399413197e-6 
2.0137578565126416e-7 3.933594910165749e-7 4.794756613599569e-7 1.980204503192359e-6 3.0680698810385923e-6 2.744926885933393e-6 
1.7951419505997472e-7 3.876615039852476e-7 4.2992579814224546e-7 2.0583693137207382e-6 3.1368782800174073e-6 2.764565849530869e-6 
1.5767338237151322e-7 3.732158339776033e-7 4.018023214969217e-7 2.08522165129752e-6 3.159610921748958e-6 2.7699715664569257e-6 
1.3459025755883522e-7 3.5455800069481945e-7 3.7648451945085587e-7 2.077873100305844e-6 3.1357207702952194e-6 2.769159577410931e-6 
1.2101099667252448e-7 3.4026814492091456e-7 3.4236147462862667e-7 2.056641231063996e-6 3.063851461070949e-6 2.7396912119104823e-6 
1.082315974601803e-7 3.2788765807601674e-7 3.131776812795382e-7 2.0941597399344048e-6 3.005804691585392e-6 2.7323439047498936e-6 
8.968602070161272e-8 3.131403720126953e-7 2.8631683054279e-7 2.171585477729118e-6 2.9727445778804253e-6 2.7416132375565034e-6 
7.883074986995067e-8 2.946989657586451e-7 2.543926879755013e-7 2.2901860481271514e-6 2.988466011012996e-6 2.808597277860869e-6 
7.0585673797875e-8 2.7723598747795805e-7 2.2769304417618981e-7 2.5525524080791913e-6 3.0486858421186077e-6 2.9876084394870454e-6 
5.999252495349265e-8 2.5649858626050774e-7 1.9945595292809714e-7 2.841210873485882e-6 3.105738907342151e-6 3.08217434843034e-6 
5.183706067611563e-8 2.335227162104603e-7 1.7333543769759996e-7 2.960962122532597e-6 3.1181080664949697e-6 3.076349139195435e-6 
4.400275626530839e-8 2.0251716573190608e-7 1.475808703916284e-7 2.9048536221813235e-6 2.9801682128957663e-6 3.0404003379881817e-6 
3.683436756351154e-8 1.7129485954493316e-7 1.2286831054345332e-7 2.9056313182732707e-6 2.7835636412476966e-6 2.99710070312898e-6 
2.9197936200733118e-8 1.4039064952067883e-7 9.936864369958133e-8 2.885773026292084e-6 2.9349120699807635e-6 2.772805964445328e-6 
2.1871497063076073e-8 1.0735922749837643e-7 7.611264959860975e-8 2.8940136685409667e-6 2.9162650720552514e-6 2.809866504108723e-6 
1.4654882143885586e-8 7.256649172562295e-8 5.1623247763939896e-8 2.8998786725739602e-6 2.904285743571476e-6 2.844662755053761e-6 
7.279176606374495e-9 3.635902927995785e-8 2.612980031973056e-8 2.8821335488671805e-6 2.8978603472805696e-6 2.8592270867225664e-6 
0.0 0.0 0.0 2.855578648987466e-6 2.8927812949911765e-6 2.893216808575384e-6 
1.4717550426085174e-8 1.4731544687295892e-8 2.7217264683846987e-8 2.892436756108279e-6 2.9011720063333936e-6 2.8594080849430325e-6 
2.9120348397698294e-8 2.9121921842197275e-8 5.4089320323766246e-8 2.9054445106749066e-6 2.9075367273928213e-6 2.8476671617338626e-6 
4.2851106681078796e-8 4.290921314893843e-8 8.019659538678293e-8 2.909407166361852e-6 2.914479840010578e-6 2.8158599722730856e-6 
5.582683548836018e-8 5.5972515595846414e-8 1.0603908381339543e-7 2.918906096457401e-6 2.9239996077787623e-6 2.780339689972036e-6 
6.775625441441424e-8 6.771919476206826e-8 1.3241679099339354e-7 2.9234317075995225e-6 2.927079028012132e-6 2.7508437839586237e-6 
7.813486630342764e-8 7.8344290832889e-8 1.5977046823356302e-7 2.9327303945143635e-6 2.9379036139738682e-6 2.7652134133039206e-6 
8.864199609737859e-8 8.847321152034818e-8 1.891411268969047e-7 2.9702897846069973e-6 2.970290816009746e-6 2.8434773669428673e-6 
9.932761593770113e-8 9.919428887443872e-8 2.206163888005753e-7 2.885366670288966e-6 3.011444868428383e-6 3.017714935321934e-6 
1.095858913629713e-7 1.102805029832273e-7 2.541907062011512e-7 2.7893021730181035e-6 3.071478044889749e-6 3.0759285500853433e-6 
1.2142063947148151e-7 1.2141135323841927e-7 2.9211061072998827e-7 2.505663474051939e-6 3.143786076748246e-6 3.1511002410116417e-6 
1.3403642966955473e-7 1.34578441301571e-7 3.338680131351455e-7 2.2372170925642164e-6 3.219030630465839e-6 3.2256499932163492e-6 
1.4188266681403112e-7 1.4205610712885338e-7 3.7798734127652195e-7 2.0899369238234442e-6 3.2723859112241508e-6 3.2734153738478686e-6 
1.5075332326461066e-7 1.5026928031731068e-7 4.17790459907104e-7 1.987642845449831e-6 3.2653278802600537e-6 3.266810076755892e-6 
1.59711161233107e-7 1.60281306748952e-7 4.565173965519336e-7 1.948353943226641e-6 3.2276543582641386e-6 3.2200365898170956e-6 
1.660513835849787e-7 1.658707947157388e-7 4.8504683592919e-7 1.9136769836815947e-6 3.1930800527640907e-6 3.1995914801094856e-6 
1.7590843020977093e-7 1.75634178341667e-7 5.060281116411139e-7 1.8719368015570735e-6 3.166645038622999e-6 3.172468367422698e-6 
1.8364240246111478e-7 1.8418023501399998e-7 5.23459652867782e-7 1.8496765268177667e-6 3.1460724211126385e-6 3.1595810709595464e-6 
1.903981084159453e-7 1.900345002893653e-7 5.411544129515243e-7 1.822472231554502e-6 3.1413251940739155e-6 3.14618582957142e-6 
2.031433364394672e-7 2.0381262665192282e-7 5.539491556371645e-7 1.8004877159067689e-6 3.15264061110638e-6 3.1650570806357776e-6 
2.1258558272620578e-7 2.1446975809748765e-7 5.532681031214893e-7 1.7700352423463792e-6 3.1766885858328003e-6 3.1809416685225565e-6 
2.1654912128459082e-7 2.171819019830155e-7 5.367106310237718e-7 1.7389843014667595e-6 3.195786522022654e-6 3.2088944708610305e-6 
2.2410105584232126e-7 2.2430592184463248e-7 5.06419679871977e-7 1.7210613108508223e-6 3.222634596472756e-6 3.2157801207214223e-6 
2.298912275085835e-7 2.3262059298813956e-7 4.5889973739259036e-7 1.7348708552174898e-6 3.2420332778510834e-6 3.2378550874439035e-6 
2.3096830619333628e-7 2.338985882844337e-7 3.789338747026592e-7 1.7822626572546302e-6 3.2398445748395723e-6 3.2490169404563193e-6 
2.3027911086683281e-7 2.3222048870872337e-7 3.311929665950141e-7 1.8215305167896323e-6 3.2313578455486194e-6 3.241988010960767e-6 

3.479928519001296e-7 3.850530107453713e-7 7.583171968054161e-7 1.137991347763854e-6 2.5794483348762e-6 2.2990507526363e-6 
3.330188706100775e-7 3.7676736642966353e-7 7.162522996958034e-7 1.2198908908651357e-6 2.571590509877928e-6 2.2359174938939e-6 
3.071098996425492e-7 3.6591388010881723e-7 6.700965955606877e-7 1.2762949975394515e-6 2.5679165456713005e-6 2.171145225195433e-6 
2.829875988713407e-7 3.533958123167096e-7 6.266899027424638e-7 1.3279853731046992e-6 2.5632841991538848e-6 2.113294649803894e-6 
2.632675659307498e-7 3.430063260588831e-7 5.840934150990157e-7 1.3780727429570665e-6 2.5661645003771813e-6 2.070764625408102e-6 
2.395160729118018e-7 3.3652868543819445e-7 5.425556282908852e-7 1.4192322430131691e-6 2.576817955146062e-6 2.044488105226199e-6 
2.1197517072517823e-7 3.3146597745970263e-7 4.964531416336852e-7 1.4441734272224134e-6 2.585192579746103e-6 2.0252148744091276e-6 
1.9041351159479895e-7 3.228405958830824e-7 4.6221106479142344e-7 1.4430310917943848e-6 2.525895232284499e-6 1.9998381416994706e-6 
1.782146859014888e-7 3.130966241903624e-7 4.4823381891233656e-7 1.4434303095957115e-6 2.4408612560546356e-6 1.985808299084031e-6 
1.6027065690767348e-7 3.0391805259026244e-7 4.2789750883543243e-7 1.4417824033880388e-6 2.3668005449108664e-6 1.9610240021262646e-6 
1.3838765430065508e-7 2.993215170774841e-7 3.9940013459942393e-7 1.485098781168462e-6 2.3108894793955337e-6 1.945825332676044e-6 
1.2764603266152165e-7 2.959113162928676e-7 3.8937995483809246e-7 1.6039025691221192e-6 2.3198007744071686e-6 1.9753042005947606e-6 
1.1512222627184572e-7 2.9141678055524584e-7 3.809405476331274e-7 1.7664535546687406e-6 2.3644094254409335e-6 2.0465030450354167e-6 
9.732733559493145e-8 2.8247493871457444e-7 3.5034604071162387e-7 1.9197776959496987e-6 2.4405338763052163e-6 2.1523617953018693e-6 
9.085504219997215e-8 2.7692950984847227e-7 3.2236596679293525e-7 2.2009020109907684e-6 2.516599472472974e-6 2.3549127393555974e-6 
8.507142583973491e-8 2.668596952007001e-7 2.8483957136148606e-7 2.4590925423720183e-6 2.534596904760548e-6 2.4734193171143643e-6 
7.577307433181253e-8 2.4661372123010715e-7 2.4317382438574466e-7 2.4674076454591537e-6 2.4798268891294114e-6 2.457585112744992e-6 
6.875414331556662e-8 2.2554898917529518e-7 2.0641990586327652e-7 2.3087519972572516e-6 2.3462952965097815e-6 2.37132742936068e-6 
6.124866253763312e-8 2.0641036772999707e-7 1.7523744145462371e-7 2.2165999425250957e-6 2.279114218265246e-6 2.2677746487720913e-6 
5.1671073330541724e-8 1.8537005958907023e-7 1.4817597402581717e-7 2.196778277641773e-6 2.292021284485415e-6 2.184960973443319e-6 
4.257868479276151e-8 1.6068921329094414e-7 1.2396921417905575e-7 2.31566902491925e-6 2.1576789985171784e-6 2.1373344818186877e-6 
3.39750757521157e-8 1.3173224367561866e-7 1.0133008446673822e-7 2.2577193084009762e-6 2.107541126055745e-6 2.121786442291759e-6 
2.5526126146387976e-8 1.021904867116071e-7 7.738693568452264e-8 2.1865423896405903e-6 2.100361874509461e-6 2.1123404063570366e-6 
1.661404017956679e-8 6.991930702856862e-8 5.221114497910045e-8 2.132376384972644e-6 2.0880151856938116e-6 2.1149396903963945e-6 
8.404197342465056e-9 3.5206761850751705e-8 2.6707227283493452e-8 2.112508016439453e-6 2.095556375489906e-6 2.120864351049699e-6 
0.0 0.0 0.0 2.1302779599313783e-6 2.0921828422969057e-6 2.100270354362555e-6 
1.4668926653195413e-8 1.4576443794072515e-8 2.7125030937832814e-8 2.0960588054132006e-6 2.0994501046119727e-6 2.131040639866683e-6 
2.8855222997875685e-8 2.874962478623567e-8 5.36380316283798e-8 2.092406060625676e-6 2.094898063601907e-6 2.1398973106781734e-6 
4.2909158926539934e-8 4.273227330621536e-8 7.997052357640944e-8 2.097490728509995e-6 2.101024976606025e-6 2.1571052494936736e-6 
5.6765151859473384e-8 5.66976930127286e-8 1.0510664899350025e-7 2.1145521672506475e-6 2.1218943191827264e-6 2.1712088308883136e-6 
6.910138192822574e-8 6.935370164437277e-8 1.280712291841987e-7 2.1507331337603817e-6 2.1603029397269746e-6 2.2059025010003045e-6 
8.128397079218261e-8 8.151617520931727e-8 1.4957212389314064e-7 2.1930912068521896e-6 2.201947083868959e-6 2.245735796797194e-6 
9.347992493056787e-8 9.391654468695361e-8 1.739288402845638e-7 2.2525948586353154e-6 2.254651576018519e-6 2.2884390970306645e-6 
1.0678483203874883e-7 1.0646363480779143e-7 2.0418333597012716e-7 2.312844466595521e-6 2.2956516947550454e-6 2.2978930150522656e-6 
1.203451375214985e-7 1.1982589983836034e-7 2.3965400045372125e-7 2.362557791194111e-6 2.3262190399589014e-6 2.3269262963028573e-6 
1.3023224115995262e-7 1.3004351557438152e-7 2.7378504399736545e-7 2.375290845320198e-6 2.3264299452341593e-6 2.3245247985538586e-6 
1.399228719579058e-7 1.3877827493649094e-7 3.080634705913274e-7 2.3047294479632e-6 2.3107879730091444e-6 2.3119218335220892e-6 
1.5228098995643689e-7 1.5221672184325795e-7 3.432519027247848e-7 2.088076060565966e-6 2.311622141146117e-6 2.3150012456270877e-6 
1.5864523975588333e-7 1.5861280595079888e-7 3.801823125927581e-7 1.814313191646753e-6 2.353138668361735e-6 2.351145934475512e-6 
1.6438481976833724e-7 1.638227219314318e-7 4.205204931204656e-7 1.6301818253403053e-6 2.4327716258228033e-6 2.4378625290053087e-6 
1.7318433335194866e-7 1.7356584344872051e-7 4.6100810486099864e-7 1.5310193526551136e-6 2.513569395334961e-6 2.517330560883594e-6 
1.789225596672753e-7 1.7827485926303864e-7 4.943330386831671e-7 1.4764256993793733e-6 2.5486766450326562e-6 2.5493541735258425e-6 
1.8385346090920472e-7 1.829623799570646e-7 5.178260205942118e-7 1.4376580757682162e-6 2.5515819684658343e-6 2.549878695167442e-6 
1.929540930257966e-7 1.9339791282902094e-7 5.382644451067612e-7 1.4342844637734845e-6 2.5555696529420092e-6 2.560006806430547e-6 
1.98838176175638e-7 1.988492638009553e-7 5.549684396084057e-7 1.4469089930403145e-6 2.5649916385578148e-6 2.570399960380162e-6 
2.0513170063528698e-7 2.0448685493425338e-7 5.742961129992972e-7 1.4765250281764568e-6 2.5856805227328948e-6 2.5881769464349083e-6 
2.1916575741453383e-7 2.2019466377457062e-7 5.843650039775671e-7 1.5365782828064988e-6 2.6201124930766904e-6 2.617581824941125e-6 
2.225490807054865e-7 2.2430074380583068e-7 5.647841246947797e-7 1.5938496577205497e-6 2.6373169147576276e-6 2.6387310889277988e-6 
2.2745010154755662e-7 2.2697782557352803e-7 5.094991954765026e-7 1.6842768651260287e-6 2.6319663618560032e-6 2.6373727601682925e-6 
2.345586147378392e-7 2.3384775131341562e-7 4.1829022322954925e-7 1.7952251270639325e-6 2.633508907069304e-6 2.6459993195135094e-6 
2.317326832593181e-7 2.3194361249838058e-7 3.6540179977658844e-7 1.852959075793323e-6 2.631460735577049e-6 2.6381930626904975e-6 

2.6280240559315715e-7 2.8698369029616373e-7 6.249211958284414e-7 1.0698582320010565e-6 2.223993404139229e-6 1.7418500990013878e-6 
2.3560444258335176e-7 2.7697226382327746e-7 6.004481580850698e-7 1.1438279068519734e-6 2.21844352063216e-6 1.6793897636600887e-6 
2.208885543186542e-7 2.7158305580463764e-7 5.818695631457817e-7 1.2044350166932516e-6 2.230914758740828e-6 1.6474400128253205e-6 
2.0977227217836792e-7 2.645167829799295e-7 5.55722514147063e-7 1.2330887946362027e-6 2.222903428925419e-6 1.6259770408949525e-6 
1.9362755321014727e-7 2.605986483182864e-7 5.256723978551616e-7 1.2289543094891505e-6 2.193128663332513e-6 1.6031747113976826e-6 
1.764327258995087e-7 2.570650381020463e-7 5.152541689292025e-7 1.203231484383099e-6 2.1356153430111747e-6 1.5716169260248101e-6 
1.6884439337598932e-7 2.550967827824831e-7 5.090161823130442e-7 1.19107975747487e-6 2.106613081962916e-6 1.54662871363264e-6 
1.6150661612657896e-7 2.54159752894313e-7 4.834875043964393e-7 1.202867900353866e-6 2.113690946524981e-6 1.5443818271452543e-6 
1.4501446704089367e-7 2.5787196602434225e-7 4.617942788169982e-7 1.2570542311762577e-6 2.1463936809957214e-6 1.5781124090567493e-6 
1.3220140320025237e-7 2.621663829886729e-7 4.6772099072546117e-7 1.3597131225241406e-6 2.1928259486876147e-6 1.651251437844827e-6 
1.274804387525228e-7 2.6593783141662727e-7 4.784390136141479e-7 1.5350684044674092e-6 2.2529470705044614e-6 1.760489926362306e-6 
1.2105338170583038e-7 2.6801972319311524e-7 4.570102751790368e-7 1.7464442580729657e-6 2.2963232541782647e-6 1.8962043692095738e-6 
1.1284928563559701e-7 2.654261957100622e-7 4.274098587097254e-7 1.9838308521222477e-6 2.295143369633436e-6 2.0394121714204355e-6 
1.0846065216571603e-7 2.6060054925387083e-7 3.8366000998178484e-7 2.131551654091719e-6 2.2138731426902195e-6 2.0936741330419256e-6 
1.0388377246005877e-7 2.563605484397383e-7 3.32306546232254e-7 2.0765824699923766e-6 2.062240429116111e-6 2.0555240955822105e-6 
9.482954552533746e-8 2.5550615969016385e-7 2.910250229295136e-7 1.951924718051031e-6 1.908493888813064e-6 2.017244118719951e-6 
8.528567788088754e-8 2.499130471959869e-7 2.55961122675129e-7 1.8522639188467117e-6 1.7890242007123933e-6 2.1198522583469553e-6 
7.696047040808018e-8 2.4227644498020166e-7 2.263216117909856e-7 1.802592310122833e-6 2.3053988513066706e-6 1.7374263788919374e-6 
6.698432447084919e-8 2.2721238547434857e-7 2.0000832345497886e-7 1.7970363745786888e-6 2.2555873056166744e-6 1.7289724387369708e-6 
5.833892020576864e-8 2.0805254729778408e-7 1.752293995859001e-7 1.8815826771687892e-6 2.0450206527112606e-6 1.7489276614494748e-6 
4.9423573439664236e-8 1.8308137198539736e-7 1.4729308909351845e-7 1.9871326662586925e-6 1.921732189057682e-6 1.7893033276255206e-6 
4.072163676752065e-8 1.5152030564383085e-7 1.20269500791409e-7 1.9884973019701297e-6 1.8614527165056387e-6 1.9837532980113432e-6 
3.176864947547842e-8 1.1634517287955048e-7 9.431082444770788e-8 2.0363364040156945e-6 1.957799226444813e-6 2.067161546000818e-6 
2.2640441667287025e-8 7.916908648524933e-8 6.60246996098775e-8 2.1339436157648686e-6 2.091476113815667e-6 2.151143693241022e-6 
1.1824555489324325e-8 4.087013037559241e-8 3.4206545255636575e-8 2.2345411081346587e-6 2.22099613834828e-6 2.2240189268233296e-6 
0.0 0.0 0.0 2.2708113272227324e-6 2.2851172932025077e-6 2.2730997787595172e-6 
1.8228515866562987e-8 1.831703175132245e-8 3.382363699185756e-8 2.2462130726118748e-6 2.237946635540438e-6 2.2349096013227284e-6 
3.580430275336761e-8 3.5862061281167495e-8 6.516402519416833e-8 2.165292332300932e-6 2.1585014822165578e-6 2.18262044717023e-6 
5.215992816672757e-8 5.217170429757932e-8 9.621308799133577e-8 2.0673973210065897e-6 2.061769071149183e-6 2.1330317379043915e-6 
6.751889857580683e-8 6.744504187519279e-8 1.2831656579723734e-7 1.9862448148536596e-6 1.9797626926575363e-6 2.1071712318133154e-6 
8.27610778172091e-8 8.306656215804144e-8 1.6019217230778377e-7 1.92093083443101e-6 1.9184562345516143e-6 2.089526512484235e-6 
9.621194009377218e-8 9.56927802060629e-8 1.8878872112765862e-7 1.8673841087299832e-6 1.8647037536853582e-6 2.0789329543462497e-6 
1.1094523328302444e-7 1.106116016307728e-7 2.1750895500243275e-7 1.8503231657779254e-6 1.844860816486538e-6 2.1033688466310966e-6 
1.2579303589630442e-7 1.2554807133295372e-7 2.482899378486859e-7 2.169620408185458e-6 1.8490593581017983e-6 1.8488235239393022e-6 
1.38579788846059e-7 1.3772154622531988e-7 2.8385125786232035e-7 2.297339582427699e-6 1.9004600547459995e-6 1.897494697879133e-6 
1.522345499896814e-7 1.5285300067988433e-7 3.273637696520342e-7 2.4675128344766515e-6 1.9865992352470054e-6 1.991499892157382e-6 
1.618183669096815e-7 1.6214876970465157e-7 3.745352719452098e-7 2.6063478823510204e-6 2.08981434962763e-6 2.0932526275376336e-6 
1.6687841548419894e-7 1.6627700193757334e-7 4.2699008964739606e-7 2.6141804828646563e-6 2.1461766935564066e-6 2.1488460520145675e-6 
1.756769214888142e-7 1.7650752489150027e-7 4.787099132107113e-7 2.4812651181401104e-6 2.1107379571419957e-6 2.111586638908863e-6 
1.7933478816505875e-7 1.7984175600524638e-7 5.28597277086874e-7 2.2436413253234136e-6 2.0257580362581654e-6 2.026224829092494e-6 
1.7887629453954887e-7 1.786575176596443e-7 5.804308448468445e-7 2.0112884818398325e-6 1.9551947683326083e-6 1.963088707288515e-6 
1.8666148162346742e-7 1.8820103691180008e-7 6.275227466419889e-7 1.8469023709409725e-6 1.940724434611547e-6 1.9446011464583652e-6 
1.9391850049340714e-7 1.9525916592988707e-7 6.605519532613711e-7 1.7285161248702968e-6 1.959979787187351e-6 1.9631397660403454e-6 
1.952198499651882e-7 1.959441108373408e-7 6.800496999451065e-7 1.6384697676565062e-6 2.0019543092996796e-6 2.0043180455908048e-6 
2.0394883717743174e-7 2.0454108637597805e-7 6.798166297153447e-7 1.551334423879513e-6 2.0353128456195967e-6 2.0347643425546817e-6 
2.1219963362411256e-7 2.1288483935931348e-7 6.750461018452084e-7 1.5135130289271737e-6 2.053749075434671e-6 2.0605439499984114e-6 
2.121778931712581e-7 2.1159879198651788e-7 6.43604000686791e-7 1.5007158685861064e-6 2.0473071480648666e-6 2.051890010625821e-6 
2.171469355013058e-7 2.1585099912744284e-7 5.910710645441024e-7 1.5218097277551288e-6 2.0415678518737806e-6 2.045575563293987e-6 
2.1926420491986952e-7 2.178038083099052e-7 5.144773024261901e-7 1.5794609870874071e-6 2.041787258029382e-6 2.0465761250245095e-6 
2.1858947616799155e-7 2.169669825983002e-7 4.172818589693069e-7 1.6830922446638454e-6 2.051479750480252e-6 2.0559654077601543e-6 
2.1981752546056023e-7 2.1733725071489016e-7 3.592546657603268e-7 1.7358994615190466e-6 2.0587721355076246e-6 2.066733114346281e-6 

2.3831226914669766e-7 2.1928141459694627e-7 6.390966888994738e-7 1.2826804444786857e-6 2.465831251085927e-6 1.7326458734770729e-6 
2.2637750825492212e-7 2.0582420450454627e-7 6.185927555458549e-7 1.3540113250984313e-6 2.4401770340010163e-6 1.6819386562500183e-6 
2.175854820476386e-7 2.0422159789033609e-7 6.196491126953375e-7 1.4019597102530012e-6 2.399685277735322e-6 1.6391354999330354e-6 
2.063569944303561e-7 2.1296756148942562e-7 6.360630645055223e-7 1.4480563824740478e-6 2.373722049612225e-6 1.6169119999518178e-6 
1.9737419946176447e-7 2.294420235856226e-7 6.274861771345661e-7 1.4993679743788269e-6 2.3619735100774377e-6 1.6239150708145669e-6 
1.9586939462388068e-7 2.495011674158275e-7 6.110936786775959e-7 1.5567400697867588e-6 2.3531930041724294e-6 1.6695642053241707e-6 
1.921211440122876e-7 2.686833959187963e-7 6.229834621055574e-7 1.6271157785543626e-6 2.326896257013541e-6 1.7471790539551708e-6 
1.8512421951372068e-7 2.878169702862718e-7 6.700572763457266e-7 1.7399850009494476e-6 2.306955630299204e-6 1.8549393884845284e-6 
1.781632538188964e-7 3.040679278574788e-7 6.781493718075794e-7 1.87366309578119e-6 2.2709898955018346e-6 1.9615202083292644e-6 
1.7197710055275943e-7 3.1731762755916706e-7 6.278715235156676e-7 1.9940334025894457e-6 2.177404883156929e-6 2.0458434925619926e-6 
1.6978606761401174e-7 3.293485652804518e-7 5.873728912296624e-7 2.082639592828442e-6 2.0531513979011544e-6 2.11302039265242e-6 
1.6184368657940852e-7 3.421383382932321e-7 5.492452948290419e-7 2.117050336479063e-6 1.874956768965192e-6 2.1359281760238536e-6 
1.5298527244094494e-7 3.5239664017160596e-7 5.009215923605539e-7 2.05563814519457e-6 1.7014987566262564e-6 2.1270029973253173e-6 
1.456686455731192e-7 3.6208508458654204e-7 4.668393128720286e-7 1.9946795434509355e-6 1.5959632497986615e-6 2.2403835725262047e-6 
1.349600687073467e-7 3.7437677666545095e-7 4.3578769707299145e-7 1.9703367967839507e-6 1.5551093617407558e-6 2.613274913797395e-6 
1.2359802691511633e-7 3.8414582676915505e-7 4.011953741750678e-7 2.002560749557382e-6 1.5651819836562178e-6 2.8646218741184914e-6 
1.143058787331238e-7 3.811219684507465e-7 3.6780512151407826e-7 2.101072137512678e-6 1.6550661672201265e-6 2.7064578485332693e-6 
1.0700489037028564e-7 3.717807667350634e-7 3.453058067613313e-7 2.2762963309779526e-6 2.541787075403492e-6 1.8583525913478675e-6 
1.0053187500315881e-7 3.525535685111593e-7 3.220938796670427e-7 2.5242126549476823e-6 2.5694894138089175e-6 2.087576415095622e-6 
9.561975039901518e-8 3.19580983244628e-7 2.932981400678144e-7 2.791157588858262e-6 2.687640480042972e-6 2.3530936855016157e-6 
8.688229281864277e-8 2.77317283393966e-7 2.5983954889553064e-7 2.9508893979413416e-6 2.9665926088489294e-6 2.6860747774545266e-6 
7.356313687673623e-8 2.3162103745823274e-7 2.180392682602476e-7 3.1449557650929342e-6 3.0827669660752764e-6 3.1562266864115314e-6 
5.715771143115513e-8 1.8191850883494813e-7 1.6876619359855268e-7 3.3323640274728685e-6 3.336774950033061e-6 3.3069340262814958e-6 
3.914901907937409e-8 1.2503526729071727e-7 1.1470571806192113e-7 3.4612096943485107e-6 3.452389700230096e-6 3.4328939352536083e-6 
1.9694663916505998e-8 6.293040174745417e-8 5.8454374728297485e-8 3.5457466256589004e-6 3.5522069214279457e-6 3.5318514147907825e-6 
0.0 0.0 0.0 3.557544934687746e-6 3.6469654425318103e-6 3.6385762572023396e-6 
2.889887772690643e-8 2.886860751654351e-8 5.5929439065390045e-8 3.5880293644119075e-6 3.5833142564993116e-6 3.518728160244158e-6 
5.724112680570426e-8 5.713711457899187e-8 1.1072558988939841e-7 3.497409240825265e-6 3.500576839039737e-6 3.4408633262480867e-6 
8.550460609390114e-8 8.524023866593367e-8 1.6449385584537892e-7 3.4669557149696906e-6 3.4727336927772227e-6 3.3649328328773163e-6 
1.1042782016258622e-7 1.1018790114044254e-7 2.168981708246712e-7 3.363636602593245e-6 3.3659965771238483e-6 3.2677919430364304e-6 
1.3595961386876292e-7 1.356309861647209e-7 2.6302231977487043e-7 3.1190823098911447e-6 3.113461919374665e-6 3.119963404189862e-6 
1.6025623120257774e-7 1.6007549346541474e-7 3.035972720664198e-7 2.8234218916902842e-6 2.811566069425656e-6 2.9424956850324457e-6 
1.789104411328132e-7 1.7884894307690458e-7 3.378500663332411e-7 2.568184693424668e-6 2.5610042943512885e-6 2.764935703021874e-6 
1.985373859637362e-7 1.993872152394064e-7 3.735061505701753e-7 2.6516899948889474e-6 2.401203515231459e-6 2.3948064784179425e-6 
2.152389966279708e-7 2.15393532521765e-7 4.120911214914177e-7 2.5611898152316666e-6 2.295884539311986e-6 2.28708029419277e-6 
2.2864611900169822e-7 2.2782443275338651e-7 4.49329069199222e-7 2.493645586630994e-6 2.1900305551011135e-6 2.1875551199350257e-6 
2.4176086840935476e-7 2.4178752928926575e-7 4.860267168973712e-7 2.4774000829047534e-6 2.0947526693128978e-6 2.0913075132163325e-6 
2.448003610900915e-7 2.450428654975336e-7 5.203302272843807e-7 2.535712629472451e-6 2.0388528249270158e-6 2.035220787492234e-6 
2.4449803986809175e-7 2.4389005837735767e-7 5.466396559895101e-7 2.6247253086327344e-6 2.049683250050111e-6 2.048280584137762e-6 
2.49932870658813e-7 2.501581250453935e-7 5.793585266040079e-7 2.68073006793241e-6 2.129040928532588e-6 2.1283556729633246e-6 
2.479374786210708e-7 2.4806716201878073e-7 6.09384228345996e-7 2.5454179794610755e-6 2.1994439348942364e-6 2.1893858032301634e-6 
2.3775553642699777e-7 2.365780088368394e-7 6.380635769967164e-7 2.220621348727342e-6 2.1651805958842296e-6 2.1585870255518693e-6 
2.2974909038261395e-7 2.3029124079942957e-7 6.650376332556889e-7 1.8598218882568998e-6 2.0705779709904683e-6 2.0739204350280727e-6 
2.2761089713462576e-7 2.286281435238914e-7 6.811880609245524e-7 1.6003333455505107e-6 1.9846607174622127e-6 1.984561976627602e-6 
2.215362647641873e-7 2.2128507311406068e-7 6.826033070628505e-7 1.4542508267777576e-6 1.9169861188554557e-6 1.918025713914118e-6 
2.1732415175064916e-7 2.1803225953730584e-7 6.689752943856896e-7 1.363340158704813e-6 1.8947029587620986e-6 1.8922167415530739e-6 
2.2416309204329223e-7 2.2416413944583798e-7 6.430972473342961e-7 1.3114018371167832e-6 1.8861558875843441e-6 1.8829721770554478e-6 
2.1681499720825524e-7 2.1902865258722555e-7 6.083098140957198e-7 1.3175092571145596e-6 1.8793216990937123e-6 1.877126272394302e-6 
2.1472881914170466e-7 2.151319370637513e-7 5.531861260872083e-7 1.3695096745375747e-6 1.8812528745296735e-6 1.8775878510639352e-6 
2.1755706718705894e-7 2.1905821046190178e-7 4.7188228975212085e-7 1.4734928485164964e-6 1.8935122976866868e-6 1.8846827976623602e-6 
2.1672268570961294e-7 2.199840372990121e-7 4.228203721769171e-7 1.536924086597061e-6 1.9024676535516944e-6 1.8915844291614692e-6 

5.117601993363164e-7 3.002861811479861e-7 8.461860455729878e-7 1.5368255556993645e-6 2.405258193108751e-6 2.1668244731661407e-6 
5.006819184614876e-7 2.830374323911631e-7 8.153106594427792e-7 1.6116093130563831e-6 2.392778903920162e-6 2.1755926234312503e-6 
4.854248139739775e-7 2.7771417872354045e-7 7.874489780463969e-7 1.6921535752685163e-6 2.385158220614405e-6 2.1992125930615893e-6 
4.704467304136827e-7 2.8700988893644775e-7 7.653306225317043e-7 1.7672501193406244e-6 2.3614602916770455e-6 2.228975741356723e-6 
4.562834702323183e-7 3.104454486511306e-7 7.859991943352076e-7 1.844732733387276e-6 2.3155212928214338e-6 2.2888352745582983e-6 
4.4300805020567375e-7 3.4147426226736484e-7 8.054947697279458e-7 1.9305633477423747e-6 2.25478578104205e-6 2.355650113948157e-6 
4.2744352553723414e-7 3.7337597903122677e-7 7.673954478809665e-7 2.0235954152863064e-6 2.1583558086820743e-6 2.4148435848823532e-6 
4.1115970901558883e-7 4.021941196260259e-7 7.221198990875433e-7 2.104150366198139e-6 2.0332637744968134e-6 2.461337874159741e-6 
4.005614985878842e-7 4.274130492051809e-7 7.32565938532914e-7 2.1658342234273525e-6 1.9172486141941234e-6 2.4967008706976796e-6 
3.8805472601531925e-7 4.482762282237552e-7 7.366712127807384e-7 2.211873549299581e-6 1.8023794941583224e-6 2.527935175458584e-6 
3.743261958430377e-7 4.676318882324685e-7 7.161205441860788e-7 2.214287500688815e-6 1.7241217236573809e-6 2.6258505505522753e-6 
3.590370251936519e-7 4.909934342864846e-7 7.225251775778475e-7 2.2543173177611317e-6 1.699580801448951e-6 2.9813419957407093e-6 
3.4330075949203827e-7 5.163195064947143e-7 7.167307232291827e-7 2.3161609387195396e-6 1.7441387395744831e-6 3.4468790941133383e-6 
3.267687743550877e-7 5.302724982060412e-7 6.712380157726343e-7 2.330412233592681e-6 1.916656102078264e-6 3.4885211001587094e-6 
3.107475554341019e-7 5.261158466955701e-7 6.201207248610525e-7 2.3733845351282356e-6 2.1837387245389355e-6 3.1841291612334363e-6 
2.9539731352864306e-7 5.109487639336777e-7 5.830813767327119e-7 2.5001060717613383e-6 2.42553027544853e-6 3.0346600757734673e-6 
2.7987751210496746e-7 4.909708746276225e-7 5.48733046337197e-7 2.6726791056021152e-6 2.6531349786778594e-6 3.0375417592396113e-6 
2.5985427937350294e-7 4.677474719338039e-7 4.957997257542447e-7 2.828971152919219e-6 3.088708733797667e-6 2.9219139750377445e-6 
2.2853762728830386e-7 4.2532928303255863e-7 4.2961473920095045e-7 2.950136147755084e-6 3.1908608731569493e-6 3.293111997812748e-6 
1.9426045278909364e-7 3.758207942936375e-7 3.727040143343313e-7 3.1629338529991374e-6 3.2628265385643114e-6 3.6228952508168138e-6 
1.5858458476274024e-7 3.2372284322746507e-7 3.165976527354059e-7 3.4486530718015327e-6 3.215085067929859e-6 3.7049753001180064e-6 
1.260816882517437e-7 2.66762309230326e-7 2.535965382991969e-7 3.5394666588497864e-6 3.7407115053975957e-6 3.3759870010789885e-6 
9.401617297146316e-8 2.0358157208857216e-7 1.9032947663329267e-7 3.5564933973278045e-6 3.695584403804285e-6 3.4892572257346058e-6 
6.088761150977715e-8 1.3611884030171775e-7 1.2704908448928332e-7 3.587570750893329e-6 3.6807843718642876e-6 3.4921738781776856e-6 
3.010097070405486e-8 6.788894692948157e-8 6.266488648821417e-8 3.5011224507736097e-6 3.577947546845059e-6 3.4182865260242505e-6 
0.0 0.0 0.0 3.3470037423309465e-6 3.4535133100670095e-6 3.4470589173281507e-6 
3.522901735860131e-8 3.5157914232917645e-8 5.792265993656103e-8 3.5347515403811674e-6 3.536772479688226e-6 3.372563224643445e-6 
7.084981995951235e-8 7.088659037778564e-8 1.1543768636186632e-7 3.6625372099962203e-6 3.6627317668087953e-6 3.3973170569659954e-6 
1.082522678471843e-7 1.0832936793961377e-7 1.711254284646994e-7 3.6702139499084624e-6 3.660294865664059e-6 3.3341280302520057e-6 
1.4405216298316817e-7 1.443517788741671e-7 2.2388884047726122e-7 3.6318060882463466e-6 3.6277155389849933e-6 3.2059169992658206e-6 
1.8308321889265554e-7 1.8363397568346102e-7 2.78000674418558e-7 3.634638063811386e-6 3.6399763303626167e-6 3.0768834690787306e-6 
2.27439302825674e-7 2.276966998991002e-7 3.360521146111088e-7 3.709054666491816e-6 3.723150464447498e-6 2.9923007555551064e-6 
2.6806754191819014e-7 2.6851609493547726e-7 3.8979689305567057e-7 3.6583971999505896e-6 3.6696929932694447e-6 2.8654203498441142e-6 
3.159314675408955e-7 3.162894919029787e-7 4.293156202578002e-7 2.7046394514401445e-6 3.5434392089033854e-6 3.545312136032167e-6 
3.622550560270802e-7 3.6209118437327476e-7 4.5593568178297925e-7 2.5548844159707487e-6 3.3728608429832345e-6 3.382147661108151e-6 
4.001618734233735e-7 4.010555180012348e-7 4.796999701208043e-7 2.4304511889089848e-6 3.218973335172951e-6 3.213604317530987e-6 
4.435495507438921e-7 4.4405132052056234e-7 5.153414847480062e-7 2.3666035721017187e-6 3.1788338991485507e-6 3.1776341650929195e-6 
4.807672006699073e-7 4.810981822712278e-7 5.552076456202229e-7 2.3568276773556386e-6 3.2072504141863893e-6 3.2056114677176246e-6 
5.004497073609487e-7 5.021074874872704e-7 5.931103510904485e-7 2.417249779390826e-6 3.272449430096536e-6 3.269032497157265e-6 
5.082350098872493e-7 5.074196532243278e-7 6.105123252899209e-7 2.4682868829908204e-6 3.348111182171617e-6 3.3465802478783383e-6 
5.163689653067889e-7 5.14653880856725e-7 6.247638367325014e-7 2.557299505136661e-6 3.395432315956173e-6 3.4005971185950042e-6 
5.17907936807081e-7 5.184901450361232e-7 6.424836201043183e-7 2.6834444784346666e-6 3.4529500561279294e-6 3.4623261205968285e-6 
5.149108203742368e-7 5.133944387597932e-7 6.644168161220346e-7 2.7602919069560865e-6 3.512999523727132e-6 3.512527594935696e-6 
5.091388216248612e-7 5.056868395693506e-7 6.890649898144212e-7 2.6674081738813954e-6 3.5644626498046985e-6 3.5697162697223026e-6 
5.024743799344176e-7 5.00807191819849e-7 7.162891143414545e-7 2.416841669704812e-6 3.5245662830011226e-6 3.5168499170041065e-6 
4.927576162788758e-7 4.906799984965018e-7 7.382961882323601e-7 2.100625594069288e-6 3.4310369738790644e-6 3.4373641813017808e-6 
4.771916717442462e-7 4.765651464812001e-7 7.424524630679414e-7 1.8426060754731031e-6 3.3153756673676805e-6 3.3185251168923337e-6 
4.7202938456665595e-7 4.731954133307914e-7 7.323418335677473e-7 1.6783650657006651e-6 3.187314318005212e-6 3.1904949572190004e-6 
4.6931040499218157e-7 4.6938891082977477e-7 7.039506018199917e-7 1.6096723183295079e-6 3.0924148022890605e-6 3.1010444634752982e-6 
4.634979480951447e-7 4.641083920162727e-7 6.561544923690183e-7 1.6244394697902728e-6 3.0389510015282018e-6 3.0259965603441962e-6 
4.6979786561568175e-7 4.697315177903713e-7 6.260981674985534e-7 1.650236189929788e-6 3.0076708176677478e-6 2.993869228504806e-6 

1.05818961578913e-6 7.750139351550234e-7 1.6377753057426263e-6 1.7826632368608389e-6 2.817313603813493e-6 2.540374033049536e-6 
1.0168807032539938e-6 7.592766186830645e-7 1.5240716784642305e-6 1.847003838772852e-6 2.6749350138456784e-6 2.6141940150761223e-6 
9.784833470598182e-7 7.394383839145147e-7 1.4553370150932335e-6 1.9488059487447197e-6 2.526286135722182e-6 2.7282943042047083e-6 
9.352214466864964e-7 7.187877380309997e-7 1.3789934088051722e-6 2.084116548211618e-6 2.4025762993839534e-6 2.838796611562817e-6 
8.941010363671209e-7 7.016043299545079e-7 1.2835718750782618e-6 2.2332562144100343e-6 2.3002768038685705e-6 2.9223553578082565e-6 
8.546575974590789e-7 6.886567663660354e-7 1.247663339217374e-6 2.4115781463781304e-6 2.2364629087537884e-6 3.0026965586910794e-6 
8.137209075408934e-7 6.772833646443418e-7 1.2637806167344833e-6 2.5745609337355727e-6 2.2025971588131736e-6 3.1138135446579626e-6 
7.69444997104348e-7 6.689867289243077e-7 1.2495297015016742e-6 2.712559359991017e-6 2.2073389079284123e-6 3.2705732133110244e-6 
7.37169487743469e-7 6.681164080129516e-7 1.2535816610937661e-6 2.8478768347521173e-6 2.2612510256619918e-6 3.60284453519931e-6 
7.075694667124876e-7 6.773584227744585e-7 1.289065450127204e-6 2.9899210572372323e-6 2.3936836221726598e-6 4.120336362057472e-6 
6.763471234948858e-7 6.870533855101103e-7 1.2634261331253356e-6 3.056156134130289e-6 2.6365671433451174e-6 4.432390805809588e-6 
6.40483342229991e-7 6.853595491779053e-7 1.1908846986721421e-6 3.0014705271653712e-6 2.925936653302502e-6 4.244699339625616e-6 
6.109624169182193e-7 6.754858696712818e-7 1.1187430017662082e-6 3.017444744537343e-6 3.1498222322607532e-6 3.9468380964989144e-6 
5.810593774403012e-7 6.660309978224996e-7 1.0443469796283762e-6 3.1188316211243727e-6 3.356181671007775e-6 3.894338307668987e-6 
5.484699890154106e-7 6.542906412365283e-7 9.640171132587863e-7 3.2525458710174402e-6 3.6420907889350688e-6 3.909813803511994e-6 
5.049420125970731e-7 6.290399859395496e-7 8.669051272953352e-7 3.3571835855507636e-6 3.9161210354362514e-6 3.933296379832892e-6 
4.528655062310242e-7 5.942110619243423e-7 7.581072083554354e-7 3.4928762566276716e-6 4.18349594514762e-6 3.994474119873534e-6 
4.0025952329158085e-7 5.495621278803981e-7 6.588756887448602e-7 3.6646145688778204e-6 4.070611483744962e-6 4.385845774145436e-6 
3.512680968320083e-7 5.035074147187634e-7 5.809509469472491e-7 3.855115296495506e-6 4.126205956153457e-6 4.446729424998506e-6 
2.9935735787862124e-7 4.5185979666541e-7 5.017487564352777e-7 4.0897364488710456e-6 4.178831041876784e-6 4.598547941513668e-6 
2.4797247858161666e-7 3.9502555052770175e-7 4.157327598124825e-7 4.282907317369944e-6 4.209455055413874e-6 4.651249268012091e-6 
2.0097031412909484e-7 3.272623339556741e-7 3.3804252875122604e-7 4.421519102590908e-6 4.773332857555463e-6 4.424310552247457e-6 
1.4995885101997228e-7 2.5315792381257227e-7 2.6626343389376266e-7 4.612940144595466e-6 5.003301132114129e-6 4.70781826903619e-6 
9.96658134048133e-8 1.708257792444698e-7 1.859072022855821e-7 4.822930034374581e-6 5.111929404356375e-6 4.967332499770004e-6 
4.9751015687560964e-8 8.542928087814103e-8 9.58520517445044e-8 5.190826845526614e-6 5.301932815662069e-6 5.210011331239704e-6 
0.0 0.0 0.0 5.2597696317860335e-6 5.391696279253108e-6 5.392304776246839e-6 
4.981836848769979e-8 4.982979210511281e-8 8.515371126247541e-8 5.33189018397645e-6 5.320126562490415e-6 5.174283550935038e-6 
1.0048798683924704e-7 1.0039168444359384e-7 1.6728355997839362e-7 5.111676816509371e-6 5.097888195441606e-6 4.949224755008689e-6 
1.5049400722201837e-7 1.5022485738687295e-7 2.412331847066784e-7 4.858555500170138e-6 4.8449525166759885e-6 4.698949999780707e-6 
1.961763668918385e-7 1.9624404570885805e-7 3.0903442446039244e-7 4.721651169764223e-6 4.7200958465926904e-6 4.534937077446274e-6 
2.4582170205720754e-7 2.4525502296859574e-7 3.721113552761548e-7 4.661332498813789e-6 4.681085638320403e-6 4.396787735265382e-6 
2.985375254792207e-7 2.975038727601736e-7 4.3440622426603764e-7 4.611572030294594e-6 4.628045010768456e-6 4.253425629895012e-6 
3.546161916096621e-7 3.533282565435676e-7 5.072255335255521e-7 4.607498275394167e-6 4.602546137829911e-6 4.109691428447357e-6 
4.1355318410015683e-7 4.122075719918317e-7 5.92894528684949e-7 3.962157079235008e-6 4.648652810551017e-6 4.641478796762875e-6 
4.798064298844366e-7 4.783932118535918e-7 6.818381071484777e-7 3.830814353469842e-6 4.631290452014437e-6 4.617904745022653e-6 
5.406958236856976e-7 5.392248450235021e-7 7.461845743057924e-7 3.652557854158047e-6 4.403727327578764e-6 4.38621740118691e-6 
5.888390303205861e-7 5.884498799865307e-7 7.935041523078477e-7 3.4716508662348945e-6 4.129801035593022e-6 4.116292220902725e-6 
6.482661040964121e-7 6.494898026966979e-7 8.500520799639708e-7 3.3227180579327223e-6 3.942327562055223e-6 3.9405391259910524e-6 
7.050438529694961e-7 7.061840430303428e-7 9.163383152283729e-7 3.2226903168902563e-6 3.824924234243963e-6 3.8248962929774134e-6 
7.47549755248926e-7 7.485320859318068e-7 9.972835384018936e-7 3.183669504558773e-6 3.775794579073664e-6 3.782871715129598e-6 
7.852281694873613e-7 7.8830385907373e-7 1.05071671191079e-6 3.1392830844541115e-6 3.801734509266946e-6 3.8014889671012347e-6 
8.093021556563368e-7 8.101309471579201e-7 1.1017846963934523e-6 3.1136992064231855e-6 3.858268129951899e-6 3.849664635202448e-6 
8.271040402959657e-7 8.325554953863301e-7 1.1569425225141956e-6 3.1299669321932396e-6 3.931428933164674e-6 3.923445233132875e-6 
8.371446136325684e-7 8.422397805054529e-7 1.2166927322078223e-6 3.188569881170751e-6 4.040076969262931e-6 4.03253706563669e-6 
8.522395365974763e-7 8.556207895217308e-7 1.2860134936641238e-6 3.2515038312787697e-6 4.166911207823559e-6 4.160076524912617e-6 
8.655859150316222e-7 8.729413290323533e-7 1.3696809542098951e-6 3.268171073025895e-6 4.310250716380858e-6 4.300522610730955e-6 
8.749542569079288e-7 8.792705892823504e-7 1.476080009778169e-6 3.2003516753354293e-6 4.412800745870646e-6 4.4105779147286464e-6 
8.766799492049754e-7 8.800410331932325e-7 1.5975977854423025e-6 3.053459562917957e-6 4.514422535608153e-6 4.520536056551036e-6 
8.769839710448037e-7 8.794643322060023e-7 1.70375530160035e-6 2.851232493984771e-6 4.604584388972206e-6 4.623570615057702e-6 
8.765585672993664e-7 8.778974023968755e-7 1.755102095892364e-6 2.679542933872661e-6 4.641816227457606e-6 4.667848006588078e-6 
8.721050998696399e-7 8.755576395446793e-7 1.7718803001163066e-6 2.61724640732009e-6 4.64554216952435e-6 4.672622291686598e-6 

1.5388673244890076e-6 1.2421139022849762e-6 2.8535685879330315e-6 2.4256043803840307e-6 3.1470080964757693e-6 3.1225297956247414e-6 
1.4874464231459445e-6 1.1737956583722913e-6 2.631738588420936e-6 2.5998434819960694e-6 3.065760832486372e-6 3.1804402481302313e-6 
1.4314148465219983e-6 1.109535243456769e-6 2.4621572000182985e-6 2.7907975783337855e-6 2.9788789558463235e-6 3.26049618442834e-6 
1.3787214279379805e-6 1.0416227548592902e-6 2.390255047560683e-6 2.956620323902829e-6 2.9163775289578854e-6 3.372982383610049e-6 
1.323783649256892e-6 9.803130681005203e-7 2.3457658291688332e-6 3.0638806299760313e-6 2.881087110632418e-6 3.5373448959401544e-6 
1.2683602842619027e-6 9.392845640809564e-7 2.3121122268968245e-6 3.1147903018054746e-6 2.9055946117889267e-6 3.7727428545138675e-6 
1.2050925862009009e-6 9.141114919210786e-7 2.2778901429121705e-6 3.1084812079918295e-6 2.9906163389857435e-6 4.0609189477957804e-6 
1.145609585197855e-6 9.082631349625382e-7 2.19643247226871e-6 3.078355193336166e-6 3.186285204841144e-6 4.282507406043599e-6 
1.0859842909777511e-6 9.07888713713895e-7 2.0740585687888323e-6 3.062158779936257e-6 3.4280199914244675e-6 4.221914724791732e-6 
1.0268170126448552e-6 8.985379682594053e-7 1.954833583706627e-6 3.038819245481069e-6 3.6615431969065904e-6 3.980970125808446e-6 
9.66378632030074e-7 8.80457726722193e-7 1.8466533498225064e-6 3.0964536204337556e-6 3.894396619079337e-6 3.850820407898187e-6 
9.06400446849561e-7 8.550470026246223e-7 1.7448162480535965e-6 3.2296540691555393e-6 4.218666623954175e-6 3.925872278616133e-6 
8.431008780988608e-7 8.294833262906583e-7 1.638454015297191e-6 3.4232362885607604e-6 4.530641166395313e-6 4.061293143095027e-6 
7.759282453343949e-7 7.962993628723583e-7 1.53101656699017e-6 3.6826782268220124e-6 4.767325332125099e-6 4.155149229025838e-6 
7.058234289689437e-7 7.539104531513217e-7 1.4340730217557309e-6 4.062639676675658e-6 5.157759772781783e-6 4.27241984414345e-6 
6.371311858135841e-7 7.121742443659314e-7 1.3426033148877384e-6 4.548303728707565e-6 5.6598449671981385e-6 4.436178423097692e-6 
5.658199726637959e-7 6.621143608807095e-7 1.2570333389086258e-6 5.089354814135275e-6 6.151173334418153e-6 4.625790755122388e-6 
5.03988843487444e-7 6.077467682075929e-7 1.1569245834469918e-6 5.65239916834323e-6 4.818978547276974e-6 6.603824507458771e-6 
4.393545005543144e-7 5.504440308367212e-7 1.0250598571245902e-6 6.139824541584631e-6 4.9971410651659255e-6 6.850577707824822e-6 
3.764075519202356e-7 4.874454119598609e-7 8.757647214480081e-7 6.24158761141887e-6 5.581253385658406e-6 7.063631270427759e-6 
3.107845114174246e-7 4.153195321881325e-7 7.372608133295133e-7 6.029003487928356e-6 6.679098410888904e-6 7.023471233716869e-6 
2.468488761155885e-7 3.3856639209217723e-7 5.918732621454455e-7 6.795273223918835e-6 6.637562240790161e-6 6.620975356767142e-6 
1.8491894652683462e-7 2.6044136119158136e-7 4.379876988614678e-7 7.306244423744803e-6 6.594309104146154e-6 6.621175585784435e-6 
1.2327428360068058e-7 1.7574990074972284e-7 2.8436643302267087e-7 6.9804240532217355e-6 6.809425780649987e-6 6.79230128668359e-6 
6.161710489657329e-8 8.817743651578535e-8 1.440789097460244e-7 6.861904054861577e-6 6.904452672232619e-6 6.959874198502047e-6 
0.0 0.0 0.0 7.121984865269e-6 6.909129882093776e-6 6.968569276269536e-6 
5.603372283797045e-8 5.59450930262578e-8 1.2399411301906494e-7 6.860552540648033e-6 6.8774302547532955e-6 7.009859379542628e-6 
1.1245430737400595e-7 1.1231201351853199e-7 2.4083487383932676e-7 6.813843967363736e-6 6.82665356658505e-6 6.8540672387971775e-6 
1.704972552254929e-7 1.7015269966289775e-7 3.669387094592315e-7 6.944731721126476e-6 6.944229156815504e-6 6.87003631859684e-6 
2.2784544637531984e-7 2.2738571720329646e-7 5.124273490479363e-7 7.143833724686312e-6 7.176684404364671e-6 7.032307285079447e-6 
2.8874596694778616e-7 2.889269655665135e-7 6.502009073944529e-7 7.092730817475917e-6 7.067295851092507e-6 6.893788378663195e-6 
3.579467394056066e-7 3.5668698102282225e-7 7.512436829526668e-7 6.738098169365656e-6 6.7392718493046115e-6 6.442889090314421e-6 
4.2161969370452694e-7 4.207168733382466e-7 8.067900888691889e-7 6.207618149711063e-6 6.183081920363642e-6 5.7868673064870145e-6 
4.871777422933819e-7 4.879745752640629e-7 8.418895239745388e-7 5.168566252228721e-6 5.622357566735677e-6 5.628090955515554e-6 
5.671756804424286e-7 5.684163045657007e-7 8.918446511644425e-7 4.664925211593277e-6 5.194056384708276e-6 5.2022276060100385e-6 
6.534652261294512e-7 6.533905874951327e-7 9.770572408112801e-7 4.332067058849729e-6 4.994327810942316e-6 5.021004083129852e-6 
7.300709281663299e-7 7.312407712383749e-7 1.0807094431519274e-6 4.0741070266261195e-6 4.892784019370943e-6 4.911541710359963e-6 
8.046088837151738e-7 8.056316410128247e-7 1.1702289752073192e-6 3.844591546661309e-6 4.747959252792218e-6 4.770140373877317e-6 
8.699718824141209e-7 8.719582968146213e-7 1.227224624737678e-6 3.6211620432123526e-6 4.466565965018942e-6 4.483619285993106e-6 
9.300595360914968e-7 9.311764498576698e-7 1.2845728691473055e-6 3.433475911055045e-6 4.148959381179622e-6 4.149312101434406e-6 
9.806467090189878e-7 9.79334491159191e-7 1.3600473654401324e-6 3.2952998028333046e-6 3.86081219639528e-6 3.868709640504371e-6 
1.0288546255093038e-6 1.0257753074527216e-6 1.4336981148392657e-6 3.173993151798153e-6 3.6405672408959564e-6 3.6476282774542494e-6 
1.074117043667092e-6 1.0713623925883095e-6 1.496858925394427e-6 3.0599016882981974e-6 3.480642357115839e-6 3.483668602090417e-6 
1.107801141550873e-6 1.1057525089451553e-6 1.560162480308143e-6 2.9663011881891322e-6 3.382423942601251e-6 3.3839309993314057e-6 
1.1266025616340446e-6 1.1243427579681315e-6 1.6176890251571654e-6 2.911885666811761e-6 3.2976271908759953e-6 3.293513835063621e-6 
1.1431979091566122e-6 1.1456155587257905e-6 1.6777364527405545e-6 2.8930262890228394e-6 3.23648740643022e-6 3.2346898024239614e-6 
1.154258365504033e-6 1.1561036983824946e-6 1.7572849631326387e-6 2.884023558856525e-6 3.2277403446207797e-6 3.215118649219168e-6 
1.1542065964313897e-6 1.159991840749871e-6 1.873207177506798e-6 2.843104351055181e-6 3.209899871545682e-6 3.205367693579219e-6 
1.1698243267527082e-6 1.1744687650228792e-6 2.0361959106630115e-6 2.760923047317757e-6 3.1894039100629078e-6 3.1797287604296053e-6 
1.172533595217323e-6 1.180194740646874e-6 2.209052789367117e-6 2.6529017926970956e-6 3.1918447198673577e-6 3.164014797357734e-6 
1.1732531179557407e-6 1.1777188495538978e-6 2.2935521211540438e-6 2.5854295831004e-6 3.1639366957176577e-6 3.136749209695303e-6 

2.451240570835761e-6 2.383996852375635e-6 3.6058928676282428e-6 3.1004328733054135e-6 2.8657951346488273e-6 3.2175796891213026e-6 
2.4043832286193576e-6 2.207322869292416e-6 3.829871709876332e-6 3.1715406189824136e-6 3.1109147726664997e-6 3.330221929526687e-6 
2.352629416401618e-6 2.0343516759652035e-6 3.896735826722047e-6 3.1744670196338116e-6 3.386261120593349e-6 3.413659580646366e-6 
2.2961129088733775e-6 1.8982605739692318e-6 3.849509050786773e-6 3.143120609396364e-6 3.67264256248136e-6 3.5001939746654853e-6 
2.225185273251925e-6 1.8132450345860875e-6 3.772487054354545e-6 3.1077226786482426e-6 3.973145028482902e-6 3.5798025827338213e-6 
2.1289530379384414e-6 1.75238866513441e-6 3.6458065981612047e-6 3.1041770427767273e-6 4.227430193291366e-6 3.522103243625798e-6 
2.022347907620172e-6 1.693081520069713e-6 3.5109971313046013e-6 3.2088893124698078e-6 4.3988410341467354e-6 3.3375124103941386e-6 
1.9050056471754297e-6 1.6248865188540543e-6 3.400726010240606e-6 3.2955765349750074e-6 4.53732050765996e-6 3.1840557485536492e-6 
1.7723163598650914e-6 1.5415468787367548e-6 3.259928869462121e-6 3.403110130927467e-6 4.704278422177188e-6 3.1409108363048474e-6 
1.6270798074164012e-6 1.4486600703556056e-6 3.0796039601356567e-6 3.573426458160453e-6 4.901473215754034e-6 3.14938873165032e-6 
1.4858676066455728e-6 1.357557429994552e-6 2.895692024499241e-6 3.8289347339899964e-6 5.0858845030978925e-6 3.150360453198237e-6 
1.3487122448488164e-6 1.266645890638589e-6 2.705513389855852e-6 4.123174054254594e-6 5.285604935773496e-6 3.132854092365246e-6 
1.214424548122823e-6 1.1741570668935546e-6 2.473757139524651e-6 4.401227730287628e-6 5.44707065466342e-6 3.1108532523362314e-6 
1.0943638070692822e-6 1.0803113827416242e-6 2.192155527773124e-6 4.611882293736088e-6 5.516324111380417e-6 3.1177239408910594e-6 
9.801191661067478e-7 9.888571232995091e-7 1.8937842743706835e-6 4.719038203599261e-6 5.472943565525847e-6 3.1665289929574918e-6 
8.729387444628321e-7 9.007973941356218e-7 1.6039536906488257e-6 4.708785069089736e-6 5.2894915382484e-6 3.2558871442559797e-6 
7.68868674574048e-7 8.114323965124799e-7 1.3206988075663154e-6 4.5535861945090215e-6 4.859108315052899e-6 3.3541116748423544e-6 
6.678489977912472e-7 7.248567875541931e-7 1.0794407793149074e-6 4.3146682230060605e-6 3.647190162632867e-6 4.4754302942680685e-6 
5.705964299586312e-7 6.349669001840001e-7 9.271921199929768e-7 4.181794332021656e-6 4.4467608543334794e-6 4.265914148269928e-6 
4.771465503403783e-7 5.386515671067712e-7 7.926240501336005e-7 4.361410742130731e-6 4.910144504602034e-6 4.2040725517101975e-6 
3.8973773755244674e-7 4.449173060539371e-7 6.360321150079867e-7 4.765300967641398e-6 4.457545760926817e-6 4.451483985994606e-6 
3.0513058590677295e-7 3.544401378291454e-7 4.760940703609327e-7 4.106586299817052e-6 4.558948274811967e-6 4.538530000493918e-6 
2.249493891651934e-7 2.66709948921023e-7 3.3973151979364646e-7 3.922641186865552e-6 4.411206014780641e-6 4.4093133261485236e-6 
1.4753926160622262e-7 1.787567345350108e-7 2.2133118226558846e-7 4.134608234848266e-6 4.133089662554875e-6 4.125236976448251e-6 
7.340237939621819e-8 9.02862121580336e-8 1.0614240283259528e-7 4.0002654085707125e-6 3.897480272971333e-6 3.98227206890087e-6 
0.0 0.0 0.0 4.046197580110576e-6 3.928533892267623e-6 3.916807584035212e-6 
6.16619299900131e-8 6.196042479503581e-8 9.106413354497917e-8 3.933798140726396e-6 3.88593506515294e-6 4.030946378501055e-6 
1.2320429329568512e-7 1.2370523440916494e-7 1.8621579214855787e-7 3.996131838671147e-6 3.970703208538432e-6 4.098574018242972e-6 
1.8736686544603916e-7 1.8781188618919566e-7 2.798031088670072e-7 4.081763725419302e-6 4.092320809507842e-6 4.2018124189586745e-6 
2.5403844931761475e-7 2.5464894405978586e-7 3.651078052630465e-7 4.00631214627415e-6 4.008659785339624e-6 4.160684645794658e-6 
3.2615824428580606e-7 3.2800693004580814e-7 4.492725372929536e-7 3.8848032722639715e-6 3.879771684763266e-6 4.029697227987898e-6 
4.08499340317807e-7 4.091899457996225e-7 5.73475607041471e-7 4.084888739076451e-6 4.052007520020538e-6 4.203029851122673e-6 
4.991459804348852e-7 4.984705385166668e-7 7.457918176658683e-7 4.5477388685488245e-6 4.545693183939176e-6 4.631976035027816e-6 
5.949646285713107e-7 5.935985502519752e-7 9.265363680985983e-7 4.950332982433058e-6 4.932542452217543e-6 4.899594964039323e-6 
7.008217318418252e-7 6.997260046088679e-7 1.0926294726677655e-6 5.0264207335613e-6 5.07396219889908e-6 5.0463077624029915e-6 
8.191049755727506e-7 8.187242877595691e-7 1.1886459352313982e-6 4.750322014305408e-6 4.850656852928435e-6 4.811084295675602e-6 
9.402811655268177e-7 9.381353665782218e-7 1.2303683851344075e-6 4.289502298468041e-6 4.406774127689345e-6 4.379467937977934e-6 
1.0495602335541664e-6 1.046720765688001e-6 1.2789695782557592e-6 3.889282988566232e-6 4.022054702823951e-6 4.004892217212043e-6 
1.1682050203594826e-6 1.160937161323135e-6 1.3965670309476293e-6 3.6662778602864086e-6 3.883743425480352e-6 3.877766219438271e-6 
1.2723224952778444e-6 1.268620480396069e-6 1.5309703829889175e-6 3.5085159381140542e-6 3.7812813683344974e-6 3.7749230688460986e-6 
1.3543447478135418e-6 1.3515846693157918e-6 1.6413867598635188e-6 3.420020929688233e-6 3.6169911431097594e-6 3.6004918571467536e-6 
1.435425465142209e-6 1.4338831947915806e-6 1.7429533783217482e-6 3.3523696747146148e-6 3.401799058949937e-6 3.4030544489993426e-6 
1.4994962087893557e-6 1.4986398578307714e-6 1.872062152678125e-6 3.3149815751185014e-6 3.2342027073633166e-6 3.245077173421064e-6 
1.573308730059065e-6 1.5743589617576875e-6 2.0086074876252377e-6 3.2416526553305175e-6 3.110406839117883e-6 3.123204419141394e-6 
1.640672089588361e-6 1.6413423216299439e-6 2.196654469405261e-6 3.1582557987067976e-6 2.998617000031921e-6 3.010418877507781e-6 
1.6977560683525709e-6 1.695312778361758e-6 2.4222262373829784e-6 3.068570842624872e-6 2.9117793967528395e-6 2.9188249293787123e-6 
1.7463596165588467e-6 1.7441133042681602e-6 2.680323536923646e-6 2.996603365422524e-6 2.8695951528219157e-6 2.869608930423175e-6 
1.7818512268601807e-6 1.7754898919880252e-6 2.9516109462508733e-6 2.9362355618759694e-6 2.8423198994008958e-6 2.837238015325952e-6 
1.8012643150048284e-6 1.7984924496177736e-6 3.2262720256276044e-6 2.8832092319222066e-6 2.8449894732085735e-6 2.8406698539198278e-6 
1.8147367732234734e-6 1.8083029364261475e-6 3.453625791262648e-6 2.8201767911383305e-6 2.857422524749495e-6 2.860480391498381e-6 
1.8145419762668744e-6 1.8120639002889578e-6 3.5581011023086743e-6 2.782176050165278e-6 2.8676688346835415e-6 2.873708356030431e-6 

3.3258633882165566e-6 2.7177932955712915e-6 2.825778802505281e-6 2.4515092298832708e-6 2.5006137342652576e-6 2.8618125983809103e-6 
3.2371839646237737e-6 2.53349132954372e-6 3.132937524902748e-6 2.5575271669264103e-6 2.6893838968820904e-6 2.9297410122915943e-6 
3.1127961392902127e-6 2.3668257368143804e-6 3.4493492135200954e-6 2.6880028283506594e-6 2.894715486819619e-6 2.9559507429125768e-6 
2.957226333269988e-6 2.215885557576338e-6 3.6973875722970686e-6 2.8542126093283883e-6 3.0549844139478067e-6 2.884220611898044e-6 
2.7809148806249525e-6 2.0628264998628564e-6 3.817048267056899e-6 3.09409008552273e-6 3.2041064064763282e-6 2.768633778595434e-6 
2.576900065435157e-6 1.915399082571389e-6 3.816866493612468e-6 3.210451139980465e-6 3.3643993294539744e-6 2.7001898154233505e-6 
2.3616392710310503e-6 1.7862943293247074e-6 3.752919900304086e-6 3.2041019673990575e-6 3.56696110325092e-6 2.67219975730087e-6 
2.1553788653621757e-6 1.6709695496701877e-6 3.623835407613012e-6 3.1985548957738507e-6 3.710317949983006e-6 2.6286403197170443e-6 
1.9502662813147483e-6 1.5625187832655801e-6 3.4403299155390807e-6 3.159611759195943e-6 3.766601488757107e-6 2.620214236180083e-6 
1.748320469145706e-6 1.4586082778642596e-6 3.2110243392894127e-6 3.096862412239742e-6 3.731836624594073e-6 2.6104761063057867e-6 
1.5546425203487874e-6 1.3579428084552315e-6 2.9274871536547647e-6 3.029770030199887e-6 3.643873723501326e-6 2.6252642899804834e-6 
1.375848151536591e-6 1.261379045370043e-6 2.5823847531035948e-6 2.9588636732991166e-6 3.5791789460498166e-6 2.6760072935719624e-6 
1.2144906292762125e-6 1.1643287772013329e-6 2.2528971254747032e-6 2.9447145436598678e-6 3.560091414627826e-6 2.744002472890567e-6 
1.0644313008281417e-6 1.0649508887394484e-6 1.9626336922415165e-6 2.92349585587805e-6 3.469123806791561e-6 2.8316703409690132e-6 
9.199035632974556e-7 9.634108540450424e-7 1.7013702624865106e-6 2.887163919841922e-6 3.3447077980706595e-6 2.957896984924422e-6 
7.921842662298521e-7 8.592982314807291e-7 1.486290827909782e-6 2.9139326460957022e-6 3.3191372527342964e-6 3.339649464695892e-6 
6.751412794190631e-7 7.519225432391282e-7 1.3303580728657532e-6 2.9069362148401715e-6 3.282541757704731e-6 4.0741284092120315e-6 
5.680328261572525e-7 6.520054918940007e-7 1.1186627816983234e-6 2.8930835427952078e-6 4.352120853270861e-6 3.2250391481642047e-6 
4.70250297692248e-7 5.547158775257883e-7 8.534594682465304e-7 2.8924093812621292e-6 3.7460889751661658e-6 3.150041474036425e-6 
3.8234607251963965e-7 4.671062634085648e-7 6.583906980281464e-7 2.9969630507354574e-6 3.2259748302012204e-6 3.0971178810556106e-6 
3.055146247901599e-7 3.8543854503649924e-7 5.074531637109136e-7 3.1209755185836237e-6 2.993638754257321e-6 3.058403510253213e-6 
2.3631283877490444e-7 3.03625905114914e-7 3.914948371009626e-7 3.1142883278602734e-6 3.036182515423642e-6 3.03574712552157e-6 
1.7178777605176185e-7 2.2408293090865165e-7 2.881877989609158e-7 3.0594033654677736e-6 3.040493039867895e-6 3.0713270093236726e-6 
1.1165612331605326e-7 1.4620011894632896e-7 1.8953335442321778e-7 3.0868310377163786e-6 3.007767974539166e-6 3.060778285118663e-6 
5.480817581185099e-8 7.142719520966194e-8 9.280181341533221e-8 2.9217087522416173e-6 2.8817080058242884e-6 2.9219072388662912e-6 
0.0 0.0 0.0 2.794912490182942e-6 2.7545178721183145e-6 2.7853635186875443e-6 
4.797285290003585e-8 4.7734083611076335e-8 8.009425282468733e-8 2.849753664837695e-6 2.8880979987430415e-6 2.8948811349524203e-6 
9.797386095148579e-8 9.78424306969076e-8 1.6337693444609273e-7 3.0194461745299574e-6 3.041678290850391e-6 3.073298562626925e-6 
1.517813799946268e-7 1.5162243068535503e-7 2.5002591526426234e-7 3.0855138893604166e-6 3.0916213099205748e-6 3.088287713531151e-6 
2.071143365609434e-7 2.0643690834283952e-7 3.356519426948307e-7 3.0083835242070642e-6 3.0193513293405663e-6 2.9585987992062906e-6 
2.6727536653724094e-7 2.666247095401313e-7 4.259114101858809e-7 3.0269667422928475e-6 3.0434931127358774e-6 2.9448852332963837e-6 
3.3833646360489675e-7 3.3796411388424367e-7 5.158634191611554e-7 3.0868465891242175e-6 3.109522258861024e-6 2.953209669079802e-6 
4.2032873180471143e-7 4.1974473661072404e-7 6.040560212997581e-7 3.123449607818429e-6 3.135459427720625e-6 2.9234051037037923e-6 
5.181080372257068e-7 5.173889765366888e-7 7.114491350277101e-7 2.8834479344443787e-6 3.1125891198024583e-6 3.1413167821114615e-6 
6.27826900349823e-7 6.251311880025307e-7 8.521280381842804e-7 2.947108857781091e-6 3.214855818020562e-6 3.229735308768048e-6 
7.54862970709397e-7 7.536257440894338e-7 1.0290273264846244e-6 3.0622538791921473e-6 3.354318288365366e-6 3.383389977401857e-6 
8.945865870057492e-7 8.945695614718193e-7 1.2640564076045806e-6 3.2967678028870326e-6 3.66670207005535e-6 3.681009562759636e-6 
1.0435049914173624e-6 1.0417895437671694e-6 1.5161815030532082e-6 3.5138268669926425e-6 3.957591317327269e-6 3.955276601149176e-6 
1.1997847619784982e-6 1.198302243880252e-6 1.7258023281981077e-6 3.4953568455772823e-6 3.9667550043763805e-6 3.957021211572833e-6 
1.3578557214434103e-6 1.358398804922729e-6 1.852021342129346e-6 3.2252612180010706e-6 3.6825583062162626e-6 3.6759235468730224e-6 
1.532044847180583e-6 1.5237178963054477e-6 1.962780552755963e-6 2.9272687289676805e-6 3.4018011509691034e-6 3.3860165285148873e-6 
1.7065455748917076e-6 1.6996035843630577e-6 2.122204879202352e-6 2.738614679360115e-6 3.256902863410606e-6 3.255416363199364e-6 
1.8806102150162096e-6 1.874518708834141e-6 2.3179114146779245e-6 2.6798379995331404e-6 3.154086396773476e-6 3.1512750111893274e-6 
2.0645142276511053e-6 2.056729471430352e-6 2.495797053669652e-6 2.6447970295936716e-6 3.0070803365342917e-6 2.9914543726191346e-6 
2.2457405758413158e-6 2.238978720422769e-6 2.65485397169809e-6 2.560847053511459e-6 2.8642281222722883e-6 2.8491254045686892e-6 
2.4183814936623494e-6 2.4093922538360244e-6 2.7882133774265857e-6 2.4877527336029944e-6 2.721571317406235e-6 2.710212479525373e-6 
2.5673731070819535e-6 2.5606331402661577e-6 2.8857693735552167e-6 2.3724622109494224e-6 2.598785212823836e-6 2.598632703982945e-6 
2.693992547816337e-6 2.6866803314643227e-6 2.92807950892189e-6 2.2542974930412516e-6 2.4863617114642593e-6 2.4754673554645558e-6 
2.7895933276561934e-6 2.7834121373624464e-6 2.9450676843474614e-6 2.1808792393832247e-6 2.389213156438304e-6 2.383926472387011e-6 
2.853843712831314e-6 2.842382404541775e-6 2.96676298723737e-6 2.1186855711840315e-6 2.3190824495137116e-6 2.322378431404668e-6 
2.8727422179385576e-6 2.8644659919672975e-6 2.985149159231212e-6 2.087543019313906e-6 2.288955824128248e-6 2.2949301664808574e-6 

2.8227588236187158e-6 1.469301891122686e-6 1.5763386612497227e-6 1.5822937435054694e-6 1.9505528091581756e-6 1.6592217326225055e-6 
2.554946171443736e-6 1.2632900193370985e-6 1.5526279484108583e-6 1.6339782387314203e-6 1.8626416465457017e-6 1.6146197664920608e-6 
2.2831895909474196e-6 1.1161198115088383e-6 1.5636995101133477e-6 1.7651142087053151e-6 1.7833747027681425e-6 1.6036266696601411e-6 
2.0226289323996384e-6 1.0161713459947485e-6 1.6212674296163915e-6 1.7739135026202174e-6 1.7156360592006157e-6 1.6390984827461828e-6 
1.7892924460152437e-6 9.500345431504774e-7 1.7388904751939e-6 1.6068381156264388e-6 1.656364783946191e-6 1.667877051636921e-6 
1.5861696045542336e-6 9.138496583381003e-7 1.8646135558566741e-6 1.4624154392189802e-6 1.5778884977134453e-6 1.689765471183023e-6 
1.398618521356141e-6 8.874035172306991e-7 1.9028554516820785e-6 1.3445469065090243e-6 1.5109415144117798e-6 1.7278692335823158e-6 
1.2361095148043915e-6 8.664327581330424e-7 1.868037365337697e-6 1.2685906618320425e-6 1.4965844783221082e-6 1.744547429994807e-6 
1.085443125434478e-6 8.485065518203333e-7 1.8183174124124581e-6 1.2453694813868773e-6 1.5579310178757824e-6 1.7812717515625825e-6 
9.535651714840361e-7 8.283545599200097e-7 1.7702147759249332e-6 1.252436073343871e-6 1.6716912383099637e-6 1.8417650670825488e-6 
8.466674108457724e-7 8.057446157363659e-7 1.7311884768881369e-6 1.2963747522914552e-6 1.7923971542196331e-6 1.9036607216090855e-6 
7.439136302910045e-7 7.70632423199876e-7 1.6856328197525133e-6 1.3494546218746896e-6 1.8828784985192663e-6 2.015483480732595e-6 
6.549210665898458e-7 7.288518046275117e-7 1.6415231663063653e-6 1.4140277870787233e-6 1.980675776819438e-6 2.2141592769116188e-6 
5.724856494947885e-7 6.85249949248418e-7 1.5531756597552954e-6 1.5112903399009437e-6 2.043542105728861e-6 2.5800757090980436e-6 
4.997587268931993e-7 6.33238691680214e-7 1.4167228666431746e-6 1.6299706456193274e-6 2.0683479139288625e-6 2.9898784272871875e-6 
4.310236316484107e-7 5.770495802578598e-7 1.1808202755646455e-6 1.702082149736015e-6 2.1122303549867397e-6 2.9048573732410408e-6 
3.6675524160969064e-7 5.193656393856802e-7 9.285258531649056e-7 1.8776502574625314e-6 2.2529675451042026e-6 2.462917075720188e-6 
3.121512376737931e-7 4.604139351383099e-7 7.614346690896839e-7 2.122688336888111e-6 2.3512441843277003e-6 2.435916476766682e-6 
2.6158562311838726e-7 3.971799899870721e-7 6.157712148894681e-7 2.2554979749469755e-6 2.407701292686913e-6 2.504423602563129e-6 
2.160680019923378e-7 3.3638712166057653e-7 4.852452623863877e-7 2.2513298991214057e-6 2.33291983032516e-6 2.452317884065219e-6 
1.7417337308700935e-7 2.759739724467776e-7 3.8341510227662693e-7 2.380596331012117e-6 2.135440480951927e-6 2.3266626862537483e-6 
1.3451455496519132e-7 2.1979511455461338e-7 3.008154536677033e-7 2.635492062510109e-6 2.2845420126334034e-6 2.1271188293749996e-6 
9.891587250516429e-8 1.6482857545650512e-7 2.2275822134079028e-7 2.576834690101814e-6 2.3149159829877313e-6 2.197463224597114e-6 
6.43692834202895e-8 1.098824651119168e-7 1.472621344676973e-7 2.362609251980876e-6 2.4287684228945387e-6 2.3616548102000852e-6 
3.187833569984138e-8 5.5158152319828364e-8 7.398193448732646e-8 2.56730603713785e-6 2.6387094588500455e-6 2.5994054584097786e-6 
0.0 0.0 0.0 2.7083263453594606e-6 2.7452148560448687e-6 2.713255442062473e-6 
3.235361784441226e-8 3.23791007515987e-8 6.510932370450116e-8 2.6730795240292838e-6 2.6249099764902553e-6 2.611057492167677e-6 
6.479913507468935e-8 6.46959426147708e-8 1.2935975034440165e-7 2.454407572782873e-6 2.4281378115781315e-6 2.3681688573703847e-6 
9.906488467439344e-8 9.900395931187315e-8 1.9488172167388322e-7 2.3831117173989162e-6 2.3678389438488883e-6 2.303185348461381e-6 
1.3499547952757224e-7 1.3474349822726567e-7 2.619820708116971e-7 2.4778311119469935e-6 2.458611841332901e-6 2.3780439726868507e-6 
1.7260907018478656e-7 1.7142046349274775e-7 3.333155794418184e-7 2.6012399440495097e-6 2.5689913700420214e-6 2.433818890896535e-6 
2.1559243223211532e-7 2.1550780835941357e-7 4.087774732997473e-7 2.593773582908791e-6 2.5728479424784777e-6 2.3834196985757736e-6 
2.6489670427377244e-7 2.6518283422512056e-7 4.814408614291517e-7 2.446830206831373e-6 2.438470938430195e-6 2.218692600206896e-6 
3.2181123975905893e-7 3.219748758874717e-7 5.576994662938577e-7 2.096401311053056e-6 2.361774614268973e-6 2.3549085058654076e-6 
3.830663313352519e-7 3.845462446099415e-7 6.481081774575425e-7 2.032749222811781e-6 2.3743785719165565e-6 2.363147519656276e-6 
4.503491090696676e-7 4.5285947794007047e-7 7.535151410701081e-7 1.957497027860177e-6 2.372319689286209e-6 2.3622431761344347e-6 
5.294629450503159e-7 5.287638649197881e-7 8.715731228012073e-7 1.8491196472778878e-6 2.3105500682714365e-6 2.299466627977677e-6 
6.106408109951399e-7 6.09640365276396e-7 9.911237663308038e-7 1.7514667115160772e-6 2.2329713436300726e-6 2.22965323378505e-6 
6.886391645247979e-7 6.868220518146924e-7 1.0980946870372796e-6 1.6502887411487627e-6 2.172049091996454e-6 2.176291937917394e-6 
7.638494971309888e-7 7.644655391288079e-7 1.2385860430499103e-6 1.647037229526346e-6 2.2322574816941965e-6 2.2369311302164946e-6 
8.442342448413133e-7 8.455017600274225e-7 1.4050544336874133e-6 1.7001612248590115e-6 2.3722740240065488e-6 2.3822830474242954e-6 
9.305162837348178e-7 9.266708984887419e-7 1.5275073587044792e-6 1.6935962067446988e-6 2.4480691678656655e-6 2.4611892597346964e-6 
1.0119593877192667e-6 1.0105789551293262e-6 1.5279167813420772e-6 1.5740626786312653e-6 2.358804815176077e-6 2.369640931808753e-6 
1.0982285738873531e-6 1.0923866103528602e-6 1.445090035881528e-6 1.4442811340061357e-6 2.203412260076944e-6 2.2064809765188987e-6 
1.1824283131697103e-6 1.1795824072723693e-6 1.3183586290123344e-6 1.3900524235457727e-6 2.0467316820502127e-6 2.0508986406332963e-6 
1.2660535423524047e-6 1.270617554840468e-6 1.1632196387352422e-6 1.294214157991224e-6 1.9136409268654265e-6 1.9104428798061087e-6 
1.3505583656769404e-6 1.3542534687237167e-6 1.03363943526423e-6 1.2368616067424418e-6 1.822271008261654e-6 1.8183237391130919e-6 
1.4195296137712973e-6 1.4292477783946823e-6 9.638035748706332e-7 1.2150247379266425e-6 1.7559522652204898e-6 1.766238401130427e-6 
1.4581644460440418e-6 1.4660130164202916e-6 9.215390666104591e-7 1.109850840527338e-6 1.7004177603054762e-6 1.7134721122369202e-6 
1.4661373564127405e-6 1.4716846704819873e-6 8.883658057728751e-7 1.0058315198008405e-6 1.67541176462375e-6 1.6770821275162923e-6 
1.4684610590335276e-6 1.4721313206677406e-6 8.690921404658082e-7 9.756161834078484e-7 1.6692209505915748e-6 1.6697890554329243e-6 

9.013853736382552e-7 5.777679985308233e-7 9.439450862214777e-7 9.89764419082451e-7 7.033119464080419e-7 8.005780701222861e-7 
8.734473518141742e-7 5.231830097054194e-7 9.51949623449779e-7 1.0000010279544748e-6 6.929666013278996e-7 7.804027783055143e-7 
8.464743762951974e-7 4.66410300831723e-7 9.015045859567655e-7 8.443591426613312e-7 6.89792003208829e-7 7.677025845897341e-7 
8.326378549818622e-7 4.30955861961277e-7 8.258507654250024e-7 7.278110933087382e-7 7.069382428676223e-7 7.820495140793968e-7 
8.083060472580407e-7 4.128235531920895e-7 7.556485056450588e-7 6.480875565398704e-7 7.384467625403767e-7 8.376023848134529e-7 
7.752906304380717e-7 4.0704125847386277e-7 7.059373179514079e-7 5.959081305087801e-7 7.899695871624255e-7 9.064823646510511e-7 
7.353690583220074e-7 4.0902839303619663e-7 7.172016779534875e-7 5.846891598551991e-7 8.51786207450126e-7 9.90557631497633e-7 
6.878997090702716e-7 4.15664387295305e-7 8.003101017274457e-7 5.711127355603416e-7 9.237332047082408e-7 1.1122739752611518e-6 
6.316624274061962e-7 4.209341543703883e-7 8.759156827064078e-7 5.751007021716283e-7 9.813089870550848e-7 1.1877891098513734e-6 
5.762461689834142e-7 4.229318044494517e-7 9.094953372588926e-7 6.147672618982568e-7 1.0227485132157707e-6 1.2877602855382285e-6 
5.069337194097722e-7 4.1657149697472624e-7 9.151840480812205e-7 6.515296039135945e-7 1.0687709368068997e-6 1.3937456050946424e-6 
4.512775844293075e-7 4.0847976144933213e-7 9.218033704807321e-7 7.10831252268597e-7 1.1424571067907215e-6 1.540630960464968e-6 
3.8551742601763317e-7 3.981519154652881e-7 8.996342163735952e-7 8.056548818016968e-7 1.2205768613778248e-6 1.5913049309925621e-6 
3.376065536223383e-7 3.827804878371937e-7 8.210221712916648e-7 8.701808213349208e-7 1.2965834372294957e-6 1.4147210086003265e-6 
2.9314812954000843e-7 3.615699019464475e-7 7.241879308908393e-7 9.414341535730597e-7 1.3949973724683097e-6 1.2182920442959262e-6 
2.503407189148214e-7 3.4055076235611957e-7 6.65482604288312e-7 1.091036960930658e-6 1.5198265878389824e-6 1.2379950024059748e-6 
2.1597240035063383e-7 3.144378438989572e-7 5.835606087003212e-7 1.2258010590308145e-6 1.6022688094895149e-6 1.3115414392068943e-6 
1.810588977884838e-7 2.8234787926555665e-7 4.880647250891812e-7 1.2873391811209392e-6 1.3928459667903337e-6 1.6090371815136485e-6 
1.5252210993185826e-7 2.504171876365293e-7 4.0690972778493717e-7 1.343020617552617e-6 1.4978623870540345e-6 1.6244177786664565e-6 
1.250432913493186e-7 2.1753465695091422e-7 3.425866737754629e-7 1.5505848868634947e-6 1.565050425220581e-6 1.7297082027485336e-6 
1.0063008044700688e-7 1.825027441677714e-7 2.805790021135355e-7 1.7155122254275303e-6 1.7228859696820245e-6 1.908893767752319e-6 
7.794697486247904e-8 1.4543113374480304e-7 2.1984185073436306e-7 1.6844376403704686e-6 2.034702251012587e-6 1.8444100912847578e-6 
5.703834010058805e-8 1.0957679726052887e-7 1.5901327628172998e-7 1.7334681659901625e-6 2.031425169228306e-6 1.905980647837868e-6 
3.731489387685601e-8 7.354898569154423e-8 1.0501972034710478e-7 1.921574179559391e-6 1.922167563861994e-6 1.9106688370449136e-6 
1.8410043632334184e-8 3.6856202635474776e-8 5.265270140679776e-8 1.7819311259524127e-6 1.747710080323799e-6 1.7186497924035406e-6 
0.0 0.0 0.0 1.5316961723990016e-6 1.6010343454778466e-6 1.6493788376146535e-6 
2.0576184953343706e-8 2.0540243499529358e-8 4.639599554924592e-8 1.7034489990783445e-6 1.7597225582199193e-6 1.680904514220414e-6 
4.0918895803340606e-8 4.0942050822977145e-8 9.248655950571578e-8 1.8772996554589044e-6 1.9087325741466212e-6 1.8533747844965374e-6 
6.210881232610796e-8 6.205543495985035e-8 1.365916400026562e-7 1.9349484748000397e-6 1.9436856948896087e-6 1.8407348302412404e-6 
8.428920747094844e-8 8.423345640057677e-8 1.8079891347790528e-7 1.8246986065325714e-6 1.8408610069246887e-6 1.69639569338051e-6 
1.0794439507001673e-7 1.0821370162783451e-7 2.24391136466731e-7 1.6978392620430115e-6 1.731805113390017e-6 1.56917317943982e-6 
1.3459351756821735e-7 1.3418940690166935e-7 2.764238015901852e-7 1.6906264222404192e-6 1.7077242890508684e-6 1.5334840537568437e-6 
1.6319305866806624e-7 1.6312126990828348e-7 3.34510401797012e-7 1.7134900734506428e-6 1.7238230736701065e-6 1.488490319383271e-6 
1.9833145190303736e-7 1.9788767064460687e-7 3.899354639961408e-7 1.3964757572314652e-6 1.6433740828663764e-6 1.656969925971886e-6 
2.3848492467742516e-7 2.3567980527144882e-7 4.3716548465946154e-7 1.3019511372246732e-6 1.56319123478559e-6 1.5751499606259693e-6 
2.81532114101583e-7 2.812433746717089e-7 4.763964358811433e-7 1.2125181133260929e-6 1.5043002089991608e-6 1.5164674139771053e-6 
3.279983015805211e-7 3.282781831809504e-7 5.127481791145323e-7 1.1137209449857939e-6 1.4366000347149776e-6 1.4403657327382542e-6 
3.830147216248126e-7 3.8039343788626773e-7 5.483679206765593e-7 1.0141498348196173e-6 1.3624397142792578e-6 1.358515867805914e-6 
4.3669689051306944e-7 4.3683645555947176e-7 5.785081762203768e-7 9.237419628850509e-7 1.2898117977360026e-6 1.2891001241917751e-6 
4.938244874697774e-7 4.917502558545529e-7 5.98386706851939e-7 8.482816311639521e-7 1.2273519415522171e-6 1.2277678505890023e-6 
5.497092521385663e-7 5.44420432223075e-7 6.001798989258886e-7 8.015762108497406e-7 1.1674643202808291e-6 1.167335690052698e-6 
6.017684935559679e-7 6.010428277103093e-7 5.93453995995365e-7 7.747171551175846e-7 1.1303542141127942e-6 1.1280503936685741e-6 
6.615582607634882e-7 6.535564641266021e-7 5.981287007106496e-7 7.613139771944031e-7 1.121906651943689e-6 1.1194088661667567e-6 
7.183255422194171e-7 7.113630134125373e-7 6.291887863411895e-7 7.82637083719654e-7 1.1727479146831898e-6 1.1735652634195388e-6 
7.802215340658373e-7 7.743047436759373e-7 6.522644907223113e-7 8.0819549230092e-7 1.2529194085552572e-6 1.2500580122658987e-6 
8.484981986228439e-7 8.343846331642023e-7 6.712789680276038e-7 8.784979005893258e-7 1.3219022946336868e-6 1.3316574059620182e-6 
9.098993702594605e-7 9.007325159470083e-7 6.427980312487819e-7 8.928566732241236e-7 1.3611268765570752e-6 1.3706190295378303e-6 
9.762253529469446e-7 9.704704278031967e-7 6.017478364710723e-7 7.78041650973556e-7 1.3662684526987307e-6 1.3709668413720416e-6 
1.0427163998790555e-6 1.0442272562744337e-6 6.309790543449026e-7 7.674150695274627e-7 1.3692717140975713e-6 1.371164190061277e-6 
1.1057072447882168e-6 1.102647430321159e-6 7.449924825259867e-7 7.475782595915398e-7 1.3721567239165928e-6 1.3830579007418875e-6 
1.133004388863239e-6 1.1250130232986108e-6 8.321199139332446e-7 6.917540823682674e-7 1.3691991636143797e-6 1.3799773834730528e-6 

5.327664484932139e-7 5.111552226074664e-7 9.927260020512208e-7 7.181088749956025e-7 7.039698313504783e-7 6.813545512647457e-7 
4.98983116451043e-7 4.6634965163923924e-7 1.054207410906435e-6 6.519208803682377e-7 7.360538868802783e-7 7.098401439970305e-7 
4.628271312911575e-7 4.165288951366527e-7 1.0641352832154783e-6 6.087978204279183e-7 7.683304449362413e-7 7.386797111887094e-7 
4.282300193419103e-7 3.741475275928709e-7 1.0008524298813053e-6 5.823188804301349e-7 8.000675903712858e-7 7.737388693360039e-7 
3.962361739500519e-7 3.3474587312453165e-7 8.626989723279255e-7 6.037253151543332e-7 8.395955251140586e-7 8.283698485142571e-7 
3.6519470743723717e-7 2.9740810651479785e-7 7.070832305559978e-7 5.904496442687241e-7 8.775652148033779e-7 8.788820966294893e-7 
3.4544108852770807e-7 2.7031427249495e-7 5.869484998609429e-7 5.787733967230277e-7 9.151107713448405e-7 9.227860481890993e-7 
3.1842011228507015e-7 2.500821438442921e-7 5.033599213118043e-7 5.931345377463295e-7 9.527693174102499e-7 9.848238198375218e-7 
3.017587308030365e-7 2.3868578029105076e-7 4.66329409632174e-7 6.287409372017651e-7 9.909713021118945e-7 1.051111129590898e-6 
2.8080402447380224e-7 2.3078670713226857e-7 4.832563079184003e-7 6.367687976981975e-7 1.039208261876283e-6 1.104861592312965e-6 
2.712474065682663e-7 2.2898847091823842e-7 5.107046203856531e-7 6.56089783415907e-7 1.091875089463911e-6 1.0915206787054602e-6 
2.522112579156627e-7 2.3238904842697543e-7 5.160691020387264e-7 7.242563803586963e-7 1.1418193542849532e-6 1.0223427378121797e-6 
2.3519260668066557e-7 2.3757942152209515e-7 5.00178243600002e-7 7.830455453960989e-7 1.1880365100912718e-6 9.949042654817207e-7 
2.196445166869846e-7 2.3683263364806558e-7 4.7508784529821576e-7 8.502809854619315e-7 1.2349063824192488e-6 1.0408932168779368e-6 
1.935322002777428e-7 2.3362891132709795e-7 4.4215482314611477e-7 9.440002105530394e-7 1.2752395646097716e-6 1.094873452122292e-6 
1.758574238112829e-7 2.2464237701215627e-7 4.0358951266434277e-7 1.012790659054298e-6 1.323128500755884e-6 1.1639323111045347e-6 
1.5219787368442053e-7 2.1065233445264527e-7 3.637179207230989e-7 1.0747989534536255e-6 1.3600328970023483e-6 1.234098570820084e-6 
1.315910989500662e-7 1.9057524997267922e-7 3.248571207140661e-7 1.1500882379056436e-6 1.2885600005600173e-6 1.4019049931746886e-6 
1.1050986435137628e-7 1.7012401860106457e-7 2.839615914163427e-7 1.255818792531244e-6 1.3455020332917155e-6 1.4606937012283353e-6 
9.014053424885524e-8 1.4700182664204447e-7 2.370519634886221e-7 1.3450476159499988e-6 1.370986964693391e-6 1.5131724608889511e-6 
7.307417879939042e-8 1.2255054843797284e-7 1.9068878750164472e-7 1.4535333970921854e-6 1.356927789185184e-6 1.5226676642201554e-6 
5.711157398863131e-8 9.835907983113403e-8 1.4445199947283695e-7 1.4967365089604141e-6 1.4941695750518302e-6 1.402541350759008e-6 
4.217749646406505e-8 7.381633828753388e-8 1.0919982742144135e-7 1.5548021933597378e-6 1.5115635854353726e-6 1.4357808043074585e-6 
2.7741693433770015e-8 4.862750775659713e-8 7.322958149736596e-8 1.5404004452691184e-6 1.590411938234719e-6 1.4656140081692732e-6 
1.3756108229083532e-8 2.4267313128593027e-8 3.576302199275336e-8 1.6314388332176067e-6 1.6830254446868544e-6 1.5894447964093431e-6 
0.0 0.0 0.0 1.678047802829039e-6 1.742613058469809e-6 1.7407303189719686e-6 
1.4368191248828142e-8 1.4476581425784952e-8 3.132805216520651e-8 1.7001212414181659e-6 1.6860944014645776e-6 1.594033375661768e-6 
2.8979385054560762e-8 2.9013081219200605e-8 6.412935847687019e-8 1.615821044009857e-6 1.6000309006744165e-6 1.4960754464588037e-6 
4.4401655459631916e-8 4.44617923746322e-8 9.895707507783272e-8 1.5708302632060772e-6 1.5751277688192101e-6 1.4826973918654843e-6 
6.103251866468098e-8 6.081623254002433e-8 1.322148004387722e-7 1.5656948082857708e-6 1.5778743468647417e-6 1.4691481566874664e-6 
7.81062649959708e-8 7.787368176079196e-8 1.6431766531524777e-7 1.5469086013848106e-6 1.5663250772417584e-6 1.4322756138025745e-6 
9.572203898376534e-8 9.678744394966592e-8 1.9162105954745054e-7 1.5190437831483634e-6 1.5295409873755393e-6 1.38127467224256e-6 
1.1799615084905162e-7 1.1830737483933443e-7 2.177872018041794e-7 1.4939110063309626e-6 1.4882683926851954e-6 1.3003353836341547e-6 
1.4166593855683248e-7 1.4243719089551001e-7 2.472440672091334e-7 1.220047304131178e-6 1.4545173035733623e-6 1.4466779492255884e-6 
1.6962916712779833e-7 1.706603823627502e-7 2.7713312887800996e-7 1.1397683661958974e-6 1.4098643196658502e-6 1.4121647610687191e-6 
2.0146757114468249e-7 2.0091529823257872e-7 3.079739774321374e-7 1.0753903899204579e-6 1.3779722429185368e-6 1.379078626644513e-6 
2.3273198708140604e-7 2.3286614889950176e-7 3.428894239112785e-7 1.0169546674395825e-6 1.340553938625509e-6 1.3503904507972769e-6 
2.647610764357265e-7 2.639486447632385e-7 3.652185721768238e-7 9.415505703999601e-7 1.3002558614904301e-6 1.3041882631266522e-6 
2.9126830211306293e-7 2.8660328424087996e-7 3.8452875633702626e-7 8.664655970822305e-7 1.2489239761544954e-6 1.2455338664157488e-6 
3.1404906902337853e-7 3.154398512696969e-7 4.0358782768938713e-7 7.921182888935443e-7 1.200362353898106e-6 1.1988502443918538e-6 
3.4073757819075946e-7 3.40124257589357e-7 4.2718163056393487e-7 7.087171438526755e-7 1.1470553233274077e-6 1.1537704070550264e-6 
3.589121063591673e-7 3.617450379618416e-7 4.505404624665426e-7 6.292955551922275e-7 1.1048325541176536e-6 1.110941478620927e-6 
3.7795503277080274e-7 3.8448228463506066e-7 4.615808582219142e-7 5.614747822149544e-7 1.0591190327097352e-6 1.0628299905072331e-6 
3.90608862362387e-7 3.948080442812874e-7 4.563333539776443e-7 5.079478784185102e-7 1.017934628499628e-6 1.018437820821304e-6 
3.919073009381603e-7 3.976667952141023e-7 4.540482363794276e-7 4.701449484050664e-7 9.822992825687433e-7 9.850657575710479e-7 
3.8361548594814425e-7 3.8774251037844924e-7 4.836868899840348e-7 4.5326899886032506e-7 9.539408682762506e-7 9.550877503431576e-7 
3.6359225636160966e-7 3.6917340347750574e-7 5.679336744050453e-7 4.763645040895885e-7 9.417061973901375e-7 9.383444393474423e-7 
3.394069905424417e-7 3.406253655111381e-7 7.23056903439962e-7 5.596675699226533e-7 9.514785922539373e-7 9.531321156857886e-7 
3.0447100686168055e-7 3.035643166395592e-7 8.693676360581587e-7 4.1632679516191717e-7 9.865507576519121e-7 9.843470834875336e-7 
2.6677228955844405e-7 2.729564622339263e-7 8.957973773294265e-7 2.989418619599851e-7 1.0082497200308272e-6 1.008132114288662e-6 
2.5063850316363485e-7 2.5840728886789463e-7 8.456414342797403e-7 2.9828250723969437e-7 1.0063322279900317e-6 1.0082013156167983e-6 

4.900750297941644e-7 5.342941722859845e-7 9.419561232823875e-7 7.465514490049842e-7 1.270109175645009e-6 5.235980631623996e-7 
4.771796192483975e-7 4.890674362848731e-7 9.553262913156667e-7 7.732529882907343e-7 1.3207657702991545e-6 5.66936131115956e-7 
4.656544863669039e-7 4.6930427940387035e-7 9.816871321495868e-7 8.099744830189922e-7 1.3590025327499487e-6 6.20548268054872e-7 
4.444009396839874e-7 4.5623159334014213e-7 1.0503664946752315e-6 8.713688926137993e-7 1.3742806593778825e-6 6.86653224261603e-7 
4.136994028128253e-7 4.3268061836049807e-7 1.092213643053344e-6 8.43541923935441e-7 1.377469689911076e-6 7.349226869549248e-7 
3.7102584195409024e-7 4.0875859789668423e-7 1.0303804965762207e-6 8.704901531523546e-7 1.382242812183662e-6 7.79669105286267e-7 
3.360459732054868e-7 3.8023290807804273e-7 8.962610836048819e-7 9.190559172627806e-7 1.4002953942107083e-6 8.092536339604408e-7 
2.966582218886048e-7 3.4044719704838496e-7 7.423879267808482e-7 9.245959394959316e-7 1.421194701407188e-6 8.201543238589673e-7 
2.7427796101070063e-7 2.95888035678927e-7 6.000492644438704e-7 9.110004088646558e-7 1.445811758880276e-6 8.177782683207308e-7 
2.4461124827335563e-7 2.535962842307299e-7 4.927825788524137e-7 9.382924245363324e-7 1.4622205472453637e-6 8.245611280948927e-7 
2.2664321361984972e-7 2.292989126115776e-7 4.450017383628106e-7 1.0098758534718715e-6 1.4831606254744113e-6 8.655125167601201e-7 
2.0141179372137584e-7 2.0569714578608182e-7 4.1705980907931563e-7 1.0099547979114952e-6 1.5140472710889186e-6 9.266800899829024e-7 
1.9321436763430658e-7 1.9016854110260038e-7 4.008113530224374e-7 1.0269984568253228e-6 1.5398234595236859e-6 1.0104629586734816e-6 
1.7156229456279131e-7 1.8154098851796208e-7 3.868286439440923e-7 1.1062171076128482e-6 1.5450506873546313e-6 1.0947873224891472e-6 
1.5821779664522163e-7 1.8063132996384422e-7 3.5695869750249004e-7 1.1620753704120642e-6 1.5299256837449314e-6 1.1799381750746912e-6 
1.3862217192624916e-7 1.7407505620625212e-7 3.1028282450576255e-7 1.1701649517229545e-6 1.4896115557857084e-6 1.2487831318526972e-6 
1.2323299261504656e-7 1.6350879522036722e-7 2.6494998796074247e-7 1.197602956781038e-6 1.4697675623864916e-6 1.2961038587996175e-6 
1.0779925952051385e-7 1.519401745773566e-7 2.2229689439772915e-7 1.240516634104868e-6 1.3381441328510343e-6 1.4441977233130326e-6 
9.254081256936705e-8 1.3767977660387396e-7 1.8421048444623015e-7 1.254335950486045e-6 1.3684298795722616e-6 1.4084467403776988e-6 
7.790303610672044e-8 1.1747205272184785e-7 1.519351108948195e-7 1.2681252290438317e-6 1.3325666608092937e-6 1.3884526029760468e-6 
6.367942294929077e-8 9.821081503164868e-8 1.302539928831943e-7 1.362359633883942e-6 1.2758182849275847e-6 1.3873434106736614e-6 
5.007906186716882e-8 7.749945429185878e-8 1.0411102095815375e-7 1.3739084016505297e-6 1.399739211008385e-6 1.3044921756892149e-6 
3.67380887990053e-8 5.739686395129363e-8 7.586556779853383e-8 1.377219123005577e-6 1.3978020380536697e-6 1.3122979316454947e-6 
2.4283697846429063e-8 3.8507550330542675e-8 4.9223681813909134e-8 1.3838258642558664e-6 1.4010347364487566e-6 1.3461873971086488e-6 
1.223124739265779e-8 1.9253818603659616e-8 2.5518850219598156e-8 1.4049473911560113e-6 1.411272017181713e-6 1.3832871669782095e-6 
0.0 0.0 0.0 1.3742888427561434e-6 1.3972522232868326e-6 1.3998501691398916e-6 
1.1606436867000346e-8 1.1450608792648896e-8 2.238731591841862e-8 1.409744852276271e-6 1.4118227011993048e-6 1.3754674418315258e-6 
2.3115501858430004e-8 2.3043717065982454e-8 4.349312732596572e-8 1.4218539401446034e-6 1.4187540851506565e-6 1.3445815441480044e-6 
3.492064875095093e-8 3.471904963516152e-8 6.366102817150008e-8 1.4204106948893253e-6 1.4146863068698908e-6 1.3108664830800093e-6 
4.782700354409265e-8 4.789334450787745e-8 8.635605919537758e-8 1.4179018266477005e-6 1.4135808465740195e-6 1.3053077896558828e-6 
6.240202914490443e-8 6.297017168794479e-8 1.0850347639961407e-7 1.4224666903485907e-6 1.409702912091096e-6 1.2718646785565953e-6 
7.793509073895645e-8 7.850198851376652e-8 1.3134098866237865e-7 1.4213215179435651e-6 1.409784847275679e-6 1.262482607178058e-6 
9.577799271077634e-8 9.661956336307608e-8 1.516432681497298e-7 1.4243650016076242e-6 1.4221722163524056e-6 1.2544396171920794e-6 
1.160575201643893e-7 1.1483321519150183e-7 1.6991079295570638e-7 1.2332951225427685e-6 1.4327232863306252e-6 1.4308889158801145e-6 
1.3422265475880595e-7 1.3390243516314375e-7 1.8683844921796946e-7 1.1999610006349377e-6 1.4361227434975136e-6 1.4341358521589824e-6 
1.552575994131707e-7 1.5618324470138352e-7 2.0485464772263515e-7 1.1732740992505752e-6 1.4355173183705324e-6 1.4328903595827978e-6 
1.7572947059894024e-7 1.744282202644755e-7 2.322898796587524e-7 1.1408991408021713e-6 1.4414065748771621e-6 1.439131356087657e-6 
1.9006434239674231e-7 1.923633034227815e-7 2.660094910314083e-7 1.0702649123844142e-6 1.439266329551517e-6 1.4472599897564545e-6 
2.05676675165567e-7 2.0776268028747333e-7 2.999639097077709e-7 9.916444162290186e-7 1.4460469267324164e-6 1.4490561762976053e-6 
2.1751790593124854e-7 2.177484941085142e-7 3.358901973634411e-7 9.173112247698311e-7 1.435312284573926e-6 1.4364799309921032e-6 
2.2265881256904331e-7 2.2671127703484672e-7 3.699052325407049e-7 8.389106017983772e-7 1.4128012188109697e-6 1.4101423994491697e-6 
2.2279021676344788e-7 2.2345838933793372e-7 4.0433727168559295e-7 7.536455812284804e-7 1.3700101639649079e-6 1.3703991668225029e-6 
2.1551162053976825e-7 2.170534236296706e-7 4.6077307304870846e-7 6.910728753953542e-7 1.338703735409075e-6 1.3384623280731732e-6 
2.0486120493557645e-7 2.0660778112966115e-7 5.585362571666372e-7 6.358674585794443e-7 1.3147120439970944e-6 1.313948486970412e-6 
1.90315484184008e-7 1.9318569850723418e-7 7.2084670874023e-7 5.780376469994486e-7 1.2985629609059878e-6 1.2940627356809559e-6 
1.7480259361635563e-7 1.7479284685367625e-7 8.863196523174378e-7 4.883811075333133e-7 1.2885983968960795e-6 1.2859858469403476e-6 
1.5770254427035884e-7 1.5500474855407172e-7 9.231841184043066e-7 3.7777370594583814e-7 1.280604851325472e-6 1.2851321458034682e-6 
1.3433582200751663e-7 1.3354486463263594e-7 7.967039763215762e-7 3.2646042580805416e-7 1.26252059621594e-6 1.25322555815779e-6 
1.1931179698604472e-7 1.1987583670286905e-7 6.23078955535012e-7 4.450212744724092e-7 1.217890295972138e-6 1.212197379557102e-6 
1.0815537378125655e-7 1.0855076414526007e-7 5.192576231519713e-7 4.792059281028804e-7 1.188304366796866e-6 1.186900381420245e-6 
1.0353461665091238e-7 1.0397035633037368e-7 5.016917067891291e-7 2.890855014707681e-7 1.1863415740207546e-6 1.1856652090588796e-6 

5.808101891614075e-7 4.967576168229309e-7 9.885227338865643e-7 9.88244239692968e-7 1.8095329576228428e-6 7.771171960013594e-7 
5.557338136380358e-7 4.794147647235059e-7 9.284407484235743e-7 1.0163702251859983e-6 1.8569763728808315e-6 7.451905448356093e-7 
5.354846533587486e-7 4.790254767659915e-7 9.053872951665188e-7 1.122516468296348e-6 1.906347236786397e-6 7.288181087911289e-7 
5.098457621797401e-7 4.6749658646973734e-7 8.666147473274693e-7 1.1534302090917352e-6 1.97878619714229e-6 7.173531527670025e-7 
4.96673127861188e-7 4.714581417870648e-7 8.903891341142903e-7 1.2540029382530766e-6 2.081914319913067e-6 7.205388474296896e-7 
4.763522021947702e-7 4.7638931942118196e-7 9.754109313808363e-7 1.2921213345609113e-6 2.183211748710449e-6 7.494114392528653e-7 
4.4274485505164793e-7 4.796075516370742e-7 1.0724681752948896e-6 1.2771328182973556e-6 2.257215051845985e-6 7.950933737389114e-7 
3.9299523791875077e-7 4.612600911464047e-7 1.0868435704604833e-6 1.293085836404693e-6 2.2925844416869565e-6 8.590099403087996e-7 
3.4200788911151517e-7 4.316785106480604e-7 1.0237025879316083e-6 1.3524152268202823e-6 2.3080885903649428e-6 9.399751607020757e-7 
2.9917846395017e-7 4.067880452446114e-7 9.179580699572928e-7 1.4258417508928066e-6 2.302910706318383e-6 1.017879505120481e-6 
2.607517622427677e-7 3.657700121976885e-7 7.728512763279179e-7 1.4403019950047768e-6 2.2499987164621836e-6 1.1014206636696075e-6 
2.2918649603056163e-7 3.23452351984704e-7 6.514872605602526e-7 1.5319272206560808e-6 2.1570902842356606e-6 1.1922229302616273e-6 
2.0165350215031463e-7 2.7739727473618116e-7 5.47504118590289e-7 1.6055261946754322e-6 2.040137260612797e-6 1.2738014485607e-6 
1.7836067093714525e-7 2.3598077968700727e-7 4.650140989321733e-7 1.5806059797269249e-6 1.9579314227812703e-6 1.3673888226266487e-6 
1.611750016004825e-7 1.95049101131947e-7 4.039940577916009e-7 1.5317204666299714e-6 1.9203257141743824e-6 1.4628503874449124e-6 
1.414534084629818e-7 1.7050428508047205e-7 3.444826542237369e-7 1.600553545501046e-6 1.8974837433994381e-6 1.5558908410796884e-6 
1.2685253176975278e-7 1.5920895281013613e-7 2.823367325675956e-7 1.6550140875098823e-6 1.8636655096314978e-6 1.636378639310882e-6 
1.0846906006223741e-7 1.4607169909124446e-7 2.261439736178631e-7 1.6144836318545914e-6 1.6946691457523165e-6 1.8175592894677735e-6 
9.389934382491551e-8 1.308635369303929e-7 1.824076014068159e-7 1.6344883052869038e-6 1.7154110528695094e-6 1.7863224783155189e-6 
7.849227348695687e-8 1.1554331278802682e-7 1.5129247559592265e-7 1.7297434860163593e-6 1.7403633660419019e-6 1.7634856259118185e-6 
6.492721554453389e-8 9.848686950642145e-8 1.1725411682580909e-7 1.7614906132017359e-6 1.7152785191151237e-6 1.736051208868405e-6 
5.1672570626563146e-8 7.928307498170311e-8 9.229359694765088e-8 1.7553091713516943e-6 1.707261866868591e-6 1.6340709527692188e-6 
3.8591234169560504e-8 5.9947559263452e-8 6.912273961101042e-8 1.723161195657113e-6 1.6699965431432953e-6 1.667620627559522e-6 
2.577875777172869e-8 4.024087853355205e-8 4.743767635951e-8 1.7033616999273634e-6 1.6422536475448184e-6 1.7674567453092508e-6 
1.2781351175248954e-8 1.9996318160024477e-8 2.3317994169349328e-8 1.6057896881443776e-6 1.5885792313648536e-6 1.6496789349525244e-6 
0.0 0.0 0.0 1.4686529473955215e-6 1.5332100810619554e-6 1.5255982441841355e-6 
1.1727438279937688e-8 1.1842681406006691e-8 2.084053200378099e-8 1.571267641119578e-6 1.5913751921201859e-6 1.6015491997849892e-6 
2.393549979915643e-8 2.4116851474870353e-8 4.3424924516668785e-8 1.653073095637105e-6 1.670356133751891e-6 1.7216619545573534e-6 
3.6589566431743605e-8 3.6665779526066975e-8 6.521144089818689e-8 1.6932112763826776e-6 1.7045383802963777e-6 1.702746861072798e-6 
4.973035944765011e-8 4.9681992638361046e-8 8.360229467155572e-8 1.7274578083489338e-6 1.7336664088640673e-6 1.688573487411039e-6 
6.400004988437657e-8 6.422430584543539e-8 9.809693681484007e-8 1.7561248334731763e-6 1.754831203565269e-6 1.6807751177708605e-6 
7.94263404464554e-8 7.862631145007013e-8 1.152750254718746e-7 1.7623090041191685e-6 1.7602981934663448e-6 1.6534217389917021e-6 
9.552367412994044e-8 9.52168198680661e-8 1.3491902134011702e-7 1.7651150248365102e-6 1.773877031368071e-6 1.6352944322198402e-6 
1.1418779366613267e-7 1.1521271944726885e-7 1.544039550921072e-7 1.6218783412069138e-6 1.7831464256966019e-6 1.7929728445999261e-6 
1.328687511661504e-7 1.3245452262663862e-7 1.732405572000248e-7 1.5614243117865618e-6 1.7902447307286572e-6 1.7921623563589882e-6 
1.506458544126058e-7 1.5224946960358666e-7 1.9396806303656596e-7 1.484031665618086e-6 1.8031118595218372e-6 1.8074213123607497e-6 
1.7027908734802094e-7 1.7232741820830815e-7 2.2251858896281806e-7 1.4381617257796909e-6 1.8333584543785352e-6 1.8422420627641942e-6 
1.8663005144830224e-7 1.8632786890380205e-7 2.596009630717898e-7 1.3608062569704401e-6 1.8662442641227176e-6 1.8711346664156932e-6 
1.9838999324593297e-7 1.9994536435518035e-7 3.150963613585209e-7 1.3080194753318142e-6 1.9046403351341584e-6 1.904800952836789e-6 
2.0553647754756713e-7 2.040721619614727e-7 3.972128333654366e-7 1.2527242599627932e-6 1.9334047212778595e-6 1.937231027304965e-6 
2.0530913265222972e-7 2.0480331350362028e-7 5.263056500307217e-7 1.1841686509196866e-6 1.9789216641736494e-6 1.9795175432117244e-6 
2.0707819627137257e-7 2.0647331525721275e-7 7.199250394583044e-7 1.1115857007975689e-6 2.0404178521382755e-6 2.037188634601375e-6 
2.065653623027077e-7 2.0558382662345492e-7 9.164940629047191e-7 9.70522959856048e-7 2.086263417593515e-6 2.077913811374163e-6 
2.0326844120972107e-7 2.0176491341860216e-7 1.0049952217279213e-6 7.480638194969075e-7 2.0738353015524565e-6 2.0617849082906515e-6 
1.9755884571331855e-7 1.9762746887526887e-7 9.557389382978583e-7 5.335748853301194e-7 2.008780927280511e-6 1.9993629135257295e-6 
1.935383925658366e-7 1.9571136573262092e-7 8.140705571584795e-7 4.0723910735904533e-7 1.9059889497830977e-6 1.911089358520404e-6 
1.9058749311120966e-7 1.9325567679501545e-7 6.948329433888894e-7 3.508780327235015e-7 1.8485274696622684e-6 1.8478418441349475e-6 
1.867604183651501e-7 1.8872528283703468e-7 6.194581415353021e-7 3.573930167823802e-7 1.8219274678558091e-6 1.8269619807057408e-6 
1.864287943848831e-7 1.8718098079596826e-7 5.33942045616092e-7 4.1903609488292215e-7 1.8008953733992014e-6 1.8058464446632897e-6 
1.8896646710342656e-7 1.8939373989741956e-7 4.6062716343971243e-7 7.155562533331601e-7 1.7919390360516763e-6 1.7962944942782611e-6 
1.9051286798883288e-7 1.899520762812503e-7 3.963203316050747e-7 1.1485886046775394e-6 1.7847865657092318e-6 1.7946987213077422e-6 

6.930616182407189e-7 4.672859722214306e-7 1.2221395903361198e-6 1.1277315487452828e-6 1.7589750668154733e-6 1.1700387353154364e-6 
6.765583744444997e-7 4.5828013259089506e-7 1.1307293891537714e-6 1.222234937957572e-6 1.8562427855196494e-6 1.1010882026461844e-6 
6.540697744691119e-7 4.462723214332169e-7 1.0290757548876286e-6 1.288793998754656e-6 1.965854496747637e-6 1.0323832762002271e-6 
6.253829303666383e-7 4.4231789811420593e-7 9.550299766186679e-7 1.3569683318262602e-6 2.0868312452832853e-6 9.770451336245223e-7 
5.88551969230656e-7 4.507273794615692e-7 9.468153234516207e-7 1.3999693542094886e-6 2.1992745934438007e-6 9.566026622303606e-7 
5.480637540744135e-7 4.6985396448742614e-7 9.434470124089172e-7 1.416605687140944e-6 2.253551899396732e-6 9.500307407924276e-7 
5.115210255556185e-7 4.980025041192775e-7 1.0039615380507206e-6 1.5104559155626449e-6 2.277812163732978e-6 9.728978883987842e-7 
4.883809106021316e-7 5.215522156279109e-7 1.104798603350548e-6 1.5332680161267682e-6 2.3564101254896128e-6 1.0094590853838897e-6 
4.6536276657563206e-7 5.550656138637545e-7 1.2038878213358585e-6 1.5962138555036062e-6 2.5037550789386814e-6 1.0865530220170844e-6 
4.3097595969722423e-7 5.600432755814896e-7 1.3039054382669045e-6 1.6841122806341193e-6 2.6210829914343157e-6 1.2205261043526487e-6 
3.818558830773365e-7 5.372654431321882e-7 1.3172585422001933e-6 1.766192105428233e-6 2.67903193037274e-6 1.36277758325058e-6 
3.2842682986552984e-7 5.032738813210591e-7 1.2087535067597842e-6 1.9297457074933444e-6 2.6772062341060078e-6 1.503830389553896e-6 
2.734071057444271e-7 4.5247910271100614e-7 1.0146577491297633e-6 2.056068501146276e-6 2.6508310404204774e-6 1.616629935188903e-6 
2.2559219525116948e-7 3.941220880958544e-7 8.01416380914147e-7 2.140163488953791e-6 2.628310442424351e-6 1.7253317415259328e-6 
1.825055101101617e-7 3.301280416265568e-7 5.989359466175967e-7 2.2446383964053337e-6 2.544561039696538e-6 1.8596690188703893e-6 
1.5207821637052547e-7 2.7513709215520036e-7 4.549836654529273e-7 2.2531956297104425e-6 2.435734439736743e-6 1.9503483560191843e-6 
1.293373318871816e-7 2.1289282302420833e-7 3.4665721155406755e-7 2.1496333511333184e-6 2.3432565249402895e-6 2.0050598292466153e-6 
1.1075843993942241e-7 1.659867278213827e-7 2.732867622600574e-7 2.1391753752481653e-6 2.0922921994730345e-6 2.3006515072142593e-6 
9.3993080524998e-8 1.3852955624321991e-7 2.1446404281524385e-7 2.1267693957726907e-6 2.154160567789041e-6 2.292552479268464e-6 
7.705046912403859e-8 1.1712997883574385e-7 1.6897299040887157e-7 2.078625118791647e-6 2.157502477747724e-6 2.2889450320100607e-6 
6.168004317143655e-8 9.71546645152621e-8 1.3493984843277467e-7 2.167743774038319e-6 2.106970242491547e-6 2.2793560136509937e-6 
4.705682751964266e-8 7.696830566536893e-8 1.0948912595268515e-7 2.2088700778062503e-6 2.2761763182472987e-6 2.207946975593814e-6 
3.446581951793395e-8 5.8154642221886996e-8 8.046656170470397e-8 2.2332477919666856e-6 2.27674680883464e-6 2.213353561572257e-6 
2.2423317101493725e-8 3.8829912828272686e-8 5.23215239616509e-8 2.22442725788512e-6 2.2638092842578415e-6 2.1669681399628464e-6 
1.1032331798036461e-8 1.939199184598974e-8 2.6854292673943085e-8 2.2815342106719956e-6 2.2979112045969647e-6 2.256691044435494e-6 
0.0 0.0 0.0 2.388780281533583e-6 2.3671315260089684e-6 2.354946137446134e-6 
1.1140129663373906e-8 1.1153980066456235e-8 2.3940384397186932e-8 2.333084050358947e-6 2.3045969291700216e-6 2.3146174450541406e-6 
2.2338750486947524e-8 2.233383548062501e-8 4.468951203870509e-8 2.2550718142322283e-6 2.2477949847550455e-6 2.2181857859069667e-6 
3.4213120738676345e-8 3.4218667635776015e-8 6.520299501768057e-8 2.217296222599891e-6 2.2226463327663506e-6 2.1909837604949576e-6 
4.684948376852205e-8 4.669927263465289e-8 8.772050885659532e-8 2.213991022966134e-6 2.2090788808897685e-6 2.1757835698971294e-6 
6.093352965036888e-8 6.074655013780856e-8 1.114526532688745e-7 2.204268900205339e-6 2.2026069979557845e-6 2.137600722640642e-6 
7.674059064573993e-8 7.721242919146944e-8 1.3096141952057688e-7 2.203040401645287e-6 2.2003572476161887e-6 2.092475914318162e-6 
9.412959424214338e-8 9.378470645501514e-8 1.484503362879199e-7 2.2087132978441793e-6 2.2064071614643966e-6 2.0193231916478733e-6 
1.1415616491978275e-7 1.1416290402159136e-7 1.7226045166166463e-7 1.972769584827286e-6 2.2197454680227105e-6 2.2249262759708444e-6 
1.3529939483874288e-7 1.35132430968879e-7 2.0335583915097842e-7 1.920663693749614e-6 2.24204902867147e-6 2.241844893432055e-6 
1.562016121480539e-7 1.5532425776073683e-7 2.484658965384775e-7 1.895706391068493e-6 2.261966365930151e-6 2.2616152626631003e-6 
1.7773246408274205e-7 1.7839296367172368e-7 3.152617285909579e-7 1.8858092937404037e-6 2.3082701119260354e-6 2.296267642294901e-6 
1.987288957118122e-7 1.9858686553393203e-7 4.128901566489826e-7 1.8423535781836885e-6 2.3594471338758685e-6 2.351958865050051e-6 
2.2089732707021892e-7 2.21458255322906e-7 5.504790811615434e-7 1.765802176534655e-6 2.427178890248319e-6 2.417731548968797e-6 
2.417757106217155e-7 2.4180397982315614e-7 6.812610937817143e-7 1.5717554458774844e-6 2.492919708482427e-6 2.4846627269206607e-6 
2.694619345043429e-7 2.674619829248446e-7 7.650335834269663e-7 1.2836066245843125e-6 2.5619516827479933e-6 2.553884708533666e-6 
3.00772641450638e-7 2.9973759357595886e-7 8.068302099301407e-7 9.736780266771971e-7 2.6070831895381737e-6 2.5995226521675383e-6 
3.28388806435404e-7 3.2985992789653653e-7 8.501571371212948e-7 7.393521933694943e-7 2.6008281559738362e-6 2.60790297919847e-6 
3.40873071177853e-7 3.415026352819914e-7 9.026321019438661e-7 6.124260668459654e-7 2.647542011102678e-6 2.656734687503043e-6 
3.38946911045507e-7 3.3764104932311484e-7 9.624331345064137e-7 5.515578658065346e-7 2.75863765887665e-6 2.764281132041312e-6 
3.2792865818898263e-7 3.2624449961225654e-7 9.825906743902765e-7 5.017896878808313e-7 2.866169036730335e-6 2.856002049068462e-6 
3.1891728187122107e-7 3.174915681583836e-7 9.505793283459193e-7 5.149138164136379e-7 2.8939779547221117e-6 2.8845801849393002e-6 
3.083193068393395e-7 3.071294775357016e-7 8.515052148251317e-7 6.207130153207537e-7 2.8298761112472663e-6 2.8252642112313596e-6 
2.990782860893067e-7 2.97557488079897e-7 7.253143587098337e-7 9.37179279947297e-7 2.7236054289901746e-6 2.7219950545737136e-6 
2.901877632914744e-7 2.8931906241886085e-7 5.207866752830103e-7 9.69636850204145e-7 2.6611031717010917e-6 2.661504065260891e-6 
2.8707984705866786e-7 2.868449147440852e-7 4.3840267136655103e-7 9.20717426125499e-7 2.6358582650614753e-6 2.6347457351675363e-6 

4.783848013052768e-7 4.817348676862795e-7 1.3886705099960855e-6 1.2922621915627031e-6 1.9220254268667545e-6 1.0590429611860714e-6 
4.94017001066831e-7 4.5257340431046123e-7 1.2748979757588494e-6 1.32389227967035e-6 2.013576876593709e-6 1.014415506410714e-6 
5.003273082546709e-7 4.2421133075578444e-7 1.1870500047828454e-6 1.3392652954838282e-6 2.0810682028300367e-6 1.0125082405472933e-6 
4.999720627499177e-7 4.132354800680643e-7 1.1192942807432727e-6 1.418496354499526e-6 2.1141663764896054e-6 1.0188754145562824e-6 
5.080297242284451e-7 4.145957967553448e-7 1.0662589711428407e-6 1.4561600933078076e-6 2.1607962001629034e-6 1.0348007201420475e-6 
5.081630615207067e-7 4.4870382285468296e-7 1.0389210247262447e-6 1.5452689402507508e-6 2.224255428915569e-6 1.0597711478871629e-6 
5.006967585663499e-7 4.877726887609925e-7 9.996033612510794e-7 1.591019713558145e-6 2.2602812638888214e-6 1.0951897767961706e-6 
4.799683571792146e-7 5.457946631744951e-7 1.0330417183803062e-6 1.6864466080494548e-6 2.302081901004163e-6 1.164940707676803e-6 
4.5649320229958184e-7 6.027514838315746e-7 1.1729831755735274e-6 1.7577574169449642e-6 2.3527631247258524e-6 1.2602039357788417e-6 
4.3389525377904736e-7 6.31417975553485e-7 1.239151400676104e-6 1.7390703536822418e-6 2.335659833320523e-6 1.3374289968908337e-6 
4.151523365082033e-7 6.592934071839372e-7 1.3036202872795295e-6 1.7873864516748736e-6 2.375682089413096e-6 1.4656852737183204e-6 
3.9880140459292736e-7 6.647076031976616e-7 1.3999079610728318e-6 1.7626992680301262e-6 2.5183941305606655e-6 1.6388626649200673e-6 
3.765077269834394e-7 6.728571500732114e-7 1.4186925683510782e-6 1.8298132732945445e-6 2.674656479023974e-6 1.8308987655820366e-6 
3.452205149875123e-7 6.60626973400729e-7 1.3265613550858542e-6 1.924592728098292e-6 2.788348926876869e-6 2.0150401530220136e-6 
3.061821098361502e-7 6.289863976120304e-7 1.1393732160827582e-6 2.0720329247590955e-6 2.8540902063297755e-6 2.1665932571168128e-6 
2.5958515982433964e-7 5.537613820733395e-7 8.752867315988544e-7 2.2477544826026865e-6 2.9088493425333767e-6 2.308378960229001e-6 
2.042704652066415e-7 4.4609166941769266e-7 6.326294681130889e-7 2.457978713922478e-6 2.9198687282474847e-6 2.43148381524249e-6 
1.4942875905510548e-7 3.3930416802818974e-7 4.4286979129599453e-7 2.6363282042596443e-6 2.4824074339120464e-6 2.8681523965076214e-6 
1.038096057583209e-7 2.356075047982893e-7 3.172161552227499e-7 2.689253815684396e-6 2.549266851421609e-6 2.7866246664799547e-6 
7.322595926493362e-8 1.5949584065405294e-7 2.3509524057271638e-7 2.646212891438083e-6 2.6449002027740733e-6 2.715369968736972e-6 
5.305948200233214e-8 1.139856373640054e-7 1.753423733278809e-7 2.6130361729359444e-6 2.6816061607265944e-6 2.670800441618102e-6 
3.7642673860785004e-8 8.172774684776789e-8 1.2520484146777974e-7 2.6129774193542497e-6 2.6445350069921127e-6 2.68752530776228e-6 
2.6802711443868024e-8 5.876881572124731e-8 9.460383192040763e-8 2.6459840075017796e-6 2.654211975696902e-6 2.711234478573548e-6 
1.7435403986675894e-8 3.8372607014526e-8 6.65671756093842e-8 2.6844250245635185e-6 2.682222369707097e-6 2.6715079059650335e-6 
8.648491312518982e-9 1.9348181453652596e-8 3.280018180739198e-8 2.777385306221763e-6 2.7562785773924264e-6 2.7805417706496743e-6 
0.0 0.0 0.0 3.019299864268594e-6 2.8192063878063775e-6 2.8286089080088647e-6 
9.533293398774852e-9 9.556811034231111e-9 2.8867286732620897e-8 2.7698786081780093e-6 2.7646155596386103e-6 2.868269921798056e-6 
1.9358599682792444e-8 1.932815393283667e-8 5.9018366244735907e-8 2.68579785702149e-6 2.6871082423394553e-6 2.728790143016641e-6 
2.9943361788120414e-8 3.005898798179106e-8 8.879436894028542e-8 2.6454049388559806e-6 2.6462576653611863e-6 2.7338960119446664e-6 
4.1273236662279005e-8 4.131432844797252e-8 1.1300270045996599e-7 2.6269581019413763e-6 2.618986609183875e-6 2.716719356173637e-6 
5.516807870039085e-8 5.5008309277381097e-8 1.417956596596955e-7 2.6340621498752156e-6 2.629761505806403e-6 2.7227439278425826e-6 
7.101478494979192e-8 7.142046345576995e-8 1.8281756441584137e-7 2.6489551403364083e-6 2.6474478639771016e-6 2.7079589817984543e-6 
8.90306992893736e-8 8.896323357874943e-8 2.404969069442543e-7 2.6800595125145908e-6 2.675172984227292e-6 2.6994988697285836e-6 
1.1453257432445994e-7 1.1469812216425671e-7 3.2564510169462046e-7 2.7346561903551397e-6 2.732315865493997e-6 2.7229033884895853e-6 
1.473032452735001e-7 1.4758570455290117e-7 4.2858157855054944e-7 2.714616931444371e-6 2.8060018994171545e-6 2.8016038940420903e-6 
1.9271932415280816e-7 1.9241102214188732e-7 5.458092215409568e-7 2.5924855053514018e-6 2.841740412176518e-6 2.835658479649908e-6 
2.5632186483895585e-7 2.5557789994499794e-7 6.428954720086503e-7 2.305203415403774e-6 2.781638111742069e-6 2.7765149826645883e-6 
3.4279277697396134e-7 3.4159812815649026e-7 7.124833821104548e-7 1.9811011173103047e-6 2.7264619306949404e-6 2.7264317198020303e-6 
4.230719747318127e-7 4.2276659267489287e-7 7.793578446800513e-7 1.6779297524146552e-6 2.705912681122455e-6 2.7097518698584472e-6 
4.88116168756306e-7 4.884890082534425e-7 8.806399443736729e-7 1.470267049729873e-6 2.6433478474345696e-6 2.6528125157844686e-6 
5.280057215639142e-7 5.284389843381768e-7 9.938163430955458e-7 1.362164313182481e-6 2.5242599373450295e-6 2.5361867344911113e-6 
5.466427641439321e-7 5.458298967399308e-7 1.0469433113822822e-6 1.278240969175819e-6 2.3984861814412065e-6 2.4040004390187103e-6 
5.468974775798331e-7 5.450255390510497e-7 1.0419836873215171e-6 1.1908222488936222e-6 2.3603684504261067e-6 2.3554564909493245e-6 
5.28915123707522e-7 5.287209553082887e-7 1.0278653901240285e-6 1.1082700090990643e-6 2.3539861437277373e-6 2.3490394661879508e-6 
5.072308986263368e-7 5.075365194052743e-7 9.928276116253095e-7 9.931373518177175e-7 2.3406128652515943e-6 2.337758379776406e-6 
4.846026700844102e-7 4.868968963541146e-7 1.0384177767347483e-6 9.987174537672975e-7 2.3327679775061192e-6 2.333739570087383e-6 
4.623872486553228e-7 4.6307304092425323e-7 1.1575006514103075e-6 1.1812442295442662e-6 2.371710711374683e-6 2.378340339326533e-6 
4.3080438160231e-7 4.2976398880357123e-7 1.1534106456251203e-6 1.2301976880263956e-6 2.4912444658694173e-6 2.481558261708958e-6 
3.921238924925407e-7 3.9234103931529117e-7 1.074988386494014e-6 1.1238949599824375e-6 2.6472383911063952e-6 2.6498629743938123e-6 
3.633340684527013e-7 3.6473562399374024e-7 9.445911529745599e-7 1.167607022475135e-6 2.8030334812171127e-6 2.793316285713623e-6 
3.5411455630554627e-7 3.552912889942965e-7 8.28711668139267e-7 1.23689998668882e-6 2.8580628233494275e-6 2.8412833995029667e-6 

5.139100065538697e-7 5.761847910123753e-7 1.520845233347306e-6 1.6389225928121001e-6 2.3599451394251856e-6 1.2886085448980132e-6 
5.181154752249407e-7 5.732168059947711e-7 1.4387862092566651e-6 1.5458768216394647e-6 2.3278030985850554e-6 1.2598083360237234e-6 
5.233763890691249e-7 5.605093702750514e-7 1.3703201039039864e-6 1.5527287121209855e-6 2.2859032108456387e-6 1.2694667761972984e-6 
5.266099041851514e-7 5.428891853890155e-7 1.2895162628772462e-6 1.5431038786502932e-6 2.2782167389706434e-6 1.3072146711233171e-6 
5.274370870988782e-7 5.437370841405375e-7 1.2132072248642966e-6 1.652756891034054e-6 2.2660952633221885e-6 1.3376812507693476e-6 
5.283246813096258e-7 5.465009213621572e-7 1.23285893290932e-6 1.7335474017690425e-6 2.313923557904761e-6 1.3960070655892573e-6 
5.253012438826598e-7 5.563635046971788e-7 1.2909510995541772e-6 1.730561189978022e-6 2.4004663932342077e-6 1.4522996057040527e-6 
5.24918308663135e-7 5.865666781458238e-7 1.2772865144085592e-6 1.7628456368048419e-6 2.4412754581969753e-6 1.518297299264059e-6 
5.182806679922137e-7 6.269632875492337e-7 1.2060229770667485e-6 1.6976772713157196e-6 2.3956439227310435e-6 1.5666649500383446e-6 
5.090341266231944e-7 7.056341420296542e-7 1.2429731632818692e-6 1.6993229563439363e-6 2.4294669452755814e-6 1.6399148115924585e-6 
4.996046720567171e-7 7.903661744747379e-7 1.3486011203236836e-6 1.733889247646107e-6 2.4788044009181686e-6 1.7552452692227207e-6 
4.87148404488004e-7 8.682917410000916e-7 1.410531170948799e-6 1.7790928951345472e-6 2.5400165800393432e-6 1.9657042661409637e-6 
4.694393463535387e-7 9.132393456508043e-7 1.450479528672732e-6 1.82386345523601e-6 2.6294938471674137e-6 2.2585355440116495e-6 
4.5198767915806456e-7 9.32500479303858e-7 1.4708731994703615e-6 1.9820876358263253e-6 2.731364839744111e-6 2.4832978335333975e-6 
4.3823750139656063e-7 9.333427288398287e-7 1.439371824641136e-6 2.18410735968829e-6 2.864031637714944e-6 2.7269229058272836e-6 
4.2509468588579043e-7 9.234972825856974e-7 1.387769895950791e-6 2.4342373319317798e-6 3.0960094112363946e-6 3.024794444189068e-6 
4.064385447895779e-7 9.094915972182919e-7 1.239652252076213e-6 2.7121487517933075e-6 3.374342899087298e-6 3.3140948038912596e-6 
3.809323475938646e-7 8.730153863070967e-7 1.0091032953374602e-6 3.0274854211731845e-6 3.5306521377594432e-6 3.61082105045201e-6 
3.501641298528109e-7 7.873469926076152e-7 7.806633842131096e-7 3.3407422906553485e-6 3.6981361638357782e-6 3.786631803489173e-6 
3.0573109341023597e-7 6.590103790053679e-7 5.739320561121928e-7 3.6962122893036332e-6 3.7876035473417975e-6 3.877852539424995e-6 
2.532761734953837e-7 5.174177334065468e-7 4.275298118632047e-7 3.889178519242679e-6 3.983866135234506e-6 3.948970775142089e-6 
1.962891132369566e-7 3.800641793767599e-7 3.1392309416399717e-7 3.933663264030098e-6 3.95313800389293e-6 4.064310935261806e-6 
1.420786602914919e-7 2.621984722739773e-7 2.1650986777579646e-7 3.96022543706608e-6 3.940138095393393e-6 4.069671055272175e-6 
9.082552634115293e-8 1.625711059420322e-7 1.3118796561987134e-7 3.95409653544079e-6 3.91749119883047e-6 4.005124834042056e-6 
4.4221673388308373e-8 7.832142268214116e-8 6.481313390774593e-8 3.948125148977141e-6 3.910192190635169e-6 3.99251310343685e-6 
0.0 0.0 0.0 4.047573649399473e-6 3.916398732700311e-6 3.9184297545019456e-6 
4.2377685884814395e-8 4.2425585084165735e-8 6.033526169111794e-8 3.907147226368879e-6 3.903637007479411e-6 4.010529675570644e-6 
8.75152230012462e-8 8.759574881606342e-8 1.2092472294976153e-7 3.91955808514368e-6 3.8997393226546305e-6 4.016136750755882e-6 
1.377490005730064e-7 1.3756165298827662e-7 1.9030919068741026e-7 3.9523157938881685e-6 3.929773629831557e-6 4.035150579444433e-6 
1.940285721641046e-7 1.937515017295236e-7 2.7762354852309555e-7 3.97246723203683e-6 3.966045832674555e-6 4.017395852416893e-6 
2.5774166972106215e-7 2.574902128925464e-7 3.8003633298140185e-7 3.978193782925118e-6 3.979339739040801e-6 3.971077852904165e-6 
3.355008645683477e-7 3.347461153132249e-7 4.836592803018954e-7 3.954019879277578e-6 3.954369526244387e-6 3.837006013871396e-6 
4.286201069094054e-7 4.2750219339216794e-7 5.803483622165724e-7 3.859106560012876e-6 3.855968125140937e-6 3.583761794340047e-6 
5.357054818084255e-7 5.34476201198922e-7 6.70968306449068e-7 3.2531008875750335e-6 3.6884352937002164e-6 3.699553053094757e-6 
6.508978841951752e-7 6.495189415681543e-7 7.681589101082039e-7 2.9242383036701212e-6 3.5248216085643274e-6 3.5273448454810817e-6 
7.5209650930752e-7 7.510293239776769e-7 8.778874699007647e-7 2.6672976158161724e-6 3.4189044238408518e-6 3.421698142936375e-6 
8.145744603238479e-7 8.159307450930105e-7 1.0280622916123894e-6 2.4760825496208913e-6 3.303402590792598e-6 3.306169333459364e-6 
8.580340756976566e-7 8.572890005441944e-7 1.1818382543483625e-6 2.3559734567552305e-6 3.171180037651016e-6 3.1794145918504093e-6 
8.744003245294112e-7 8.754089254864095e-7 1.2847612981930542e-6 2.264804648092852e-6 2.9996332196362407e-6 3.0105309229718208e-6 
8.738373362014753e-7 8.745795868709681e-7 1.2546465731235515e-6 2.0786576644367813e-6 2.8672327391190116e-6 2.867290214444334e-6 
8.46560094406237e-7 8.483426118458063e-7 1.1869354825391208e-6 1.956256231331364e-6 2.8338862247074806e-6 2.8271864625669175e-6 
8.17061112312568e-7 8.149575484983446e-7 1.1334037601117458e-6 1.8111015690015645e-6 2.803130008157777e-6 2.80774160846496e-6 
7.779869722616029e-7 7.762748671127589e-7 1.130483094315649e-6 1.6658511110188721e-6 2.7436900394251166e-6 2.759703853423572e-6 
7.455906663343038e-7 7.462196029734511e-7 1.230738625315527e-6 1.6309473622118059e-6 2.6742528532408893e-6 2.6880653822403047e-6 
6.961266600997914e-7 6.988103225453176e-7 1.3958272540940698e-6 1.696869663982074e-6 2.59997894226151e-6 2.605054088749758e-6 
6.461851121271511e-7 6.446687868982622e-7 1.4389049106076954e-6 1.7195864642909959e-6 2.554163615065675e-6 2.5545522304697e-6 
5.909308696432962e-7 5.89201894056944e-7 1.3722497263319155e-6 1.5824131298133606e-6 2.5168204275364284e-6 2.5182822704562483e-6 
5.470568088384964e-7 5.485645685005575e-7 1.36653059934857e-6 1.5252058287789732e-6 2.4291487962073843e-6 2.4448753071850695e-6 
5.244161285856776e-7 5.253248369528111e-7 1.4081707867178046e-6 1.555852381623152e-6 2.3543901270327155e-6 2.36452675253623e-6 
5.152104508095038e-7 5.150218725328114e-7 1.488882926206453e-6 1.5473726754146661e-6 2.2585134490662672e-6 2.263221662533362e-6 
5.112075552834705e-7 5.105909701230579e-7 1.555153876253516e-6 1.466055463267593e-6 2.188975745453367e-6 2.200790801185516e-6 

7.121747221783053e-7 6.127510736830098e-7 1.880788838448876e-6 2.072584820908465e-6 2.4489589273404322e-6 1.6282933975627264e-6 
7.529837532379756e-7 6.211218852872224e-7 1.7614153439707165e-6 1.961529852424237e-6 2.4167732783149384e-6 1.5390471361837332e-6 
7.912829980956693e-7 6.368139530448742e-7 1.6927013755275833e-6 1.8836927652303807e-6 2.44993284336738e-6 1.4793672845954765e-6 
8.242557460377936e-7 6.658313263380652e-7 1.6625828121259234e-6 1.868287536455528e-6 2.557291503733029e-6 1.4380666562118338e-6 
8.305458912641515e-7 6.941803979778408e-7 1.637198988791656e-6 1.8203627508191107e-6 2.592526421071929e-6 1.5071449930855162e-6 
8.323661147150467e-7 7.197608425642966e-7 1.5562685111520518e-6 1.8097805271066059e-6 2.545355236626692e-6 1.5749536799592127e-6 
8.174188152518482e-7 7.445675681285221e-7 1.489256977058039e-6 1.841793539550361e-6 2.532811056899584e-6 1.665784699741273e-6 
8.004979197748888e-7 7.740715282352828e-7 1.6051453501430733e-6 1.8627812726616585e-6 2.553306433137483e-6 1.8077937621036384e-6 
7.863310986371182e-7 8.171580915662255e-7 1.8578027983321574e-6 1.912208950643265e-6 2.640536591293991e-6 2.052174618431623e-6 
7.707580316098769e-7 8.312268643026389e-7 1.943357989089757e-6 1.916362465495937e-6 2.716102701124753e-6 2.348236942879941e-6 
7.497699513459179e-7 8.439815718588919e-7 1.791465286339379e-6 1.8637100210066694e-6 2.755232377471573e-6 2.5383508150538807e-6 
7.267442629674605e-7 8.832948042131793e-7 1.6126334628572984e-6 1.892583100463361e-6 2.7888666258764013e-6 2.6791342394102745e-6 
7.073922277133388e-7 9.499106918247011e-7 1.434554459486047e-6 1.9217305132342967e-6 2.790669774733017e-6 2.8511222150193703e-6 
6.82122837764684e-7 1.0239335946267518e-6 1.3320754405724617e-6 2.029458655866498e-6 2.8219743693788574e-6 2.8620794273413442e-6 
6.548425962439144e-7 1.047656187121032e-6 1.274372899262092e-6 2.090390065471715e-6 2.916417632915235e-6 2.8585127113969487e-6 
6.187413781542562e-7 1.0350939738892778e-6 1.206976793015411e-6 2.1923538204849024e-6 3.014980137694262e-6 3.0871986171871373e-6 
5.828099963306653e-7 9.990098698057359e-7 1.1844020347322225e-6 2.354008857940631e-6 3.0891944580341198e-6 3.186014788682958e-6 
5.406804451506496e-7 9.566019991574205e-7 1.1773002053196157e-6 2.544558083281111e-6 3.2346203599794206e-6 3.23097282871435e-6 
4.965969865616517e-7 9.135243689078008e-7 1.0973762277684104e-6 2.791552903346938e-6 3.464665889122551e-6 3.4259866321781803e-6 
4.440034838475074e-7 8.606988239527312e-7 9.030298208065616e-7 3.1605997104377444e-6 3.51850889783831e-6 3.6260864260844437e-6 
3.839336611897012e-7 7.792247177259731e-7 6.924708863776594e-7 3.836943306543474e-6 3.347867758469403e-6 3.848384580289654e-6 
3.1778900874145113e-7 6.558491743676374e-7 5.10376879442143e-7 4.0664543465287215e-6 4.025045436598626e-6 3.6095993608578995e-6 
2.4361375626696744e-7 5.039666734622058e-7 3.5812751452226233e-7 4.202561078379566e-6 4.156655550146242e-6 3.953756141804573e-6 
1.6456945193101273e-7 3.4083447227249324e-7 2.2970606063251887e-7 4.321783686440765e-6 4.276614827586852e-6 4.2420384733247595e-6 
8.322539135051818e-8 1.7194002129605854e-7 1.1262376025505795e-7 4.3852762093653835e-6 4.354161032968769e-6 4.4026859980876895e-6 
0.0 0.0 0.0 4.453297209055664e-6 4.3747900296867e-6 4.373057968406836e-6 
9.039021499481482e-8 9.006375833775329e-8 1.078301203964745e-7 4.36262211744154e-6 4.368211852804047e-6 4.447599934860129e-6 
1.8104359393754786e-7 1.8041569454016789e-7 2.1825857197058292e-7 4.309405550604786e-6 4.323123392994814e-6 4.370430043084749e-6 
2.7359706850999723e-7 2.729084745274537e-7 3.3360299695150793e-7 4.244815099240374e-6 4.258393532246085e-6 4.180831121379044e-6 
3.7118623740611846e-7 3.7017932895960886e-7 4.525773252165639e-7 4.121277235252011e-6 4.128013546007472e-6 3.907374436969607e-6 
4.7403060668862486e-7 4.739557742892798e-7 5.705444013245413e-7 3.9767958988755025e-6 3.986948567884262e-6 3.579489171981177e-6 
5.702734276123584e-7 5.692526184616566e-7 7.065428794385302e-7 3.838158189925783e-6 3.850274254576921e-6 3.349959791519406e-6 
6.603915852924953e-7 6.595064577549568e-7 8.635922221603094e-7 3.717197605715127e-6 3.7255555941880083e-6 3.1743021670768383e-6 
7.436525670377156e-7 7.431250826365361e-7 1.039755606330978e-6 2.9777648458796534e-6 3.6208853951716855e-6 3.621454124744739e-6 
8.276543145940199e-7 8.281092985363947e-7 1.1991330174050216e-6 2.7858512937408037e-6 3.495630877725125e-6 3.49520449657115e-6 
9.029628265686487e-7 9.050120785535496e-7 1.2963527840575652e-6 2.6308814031979796e-6 3.372695567116185e-6 3.3723714397566684e-6 
9.442700346576897e-7 9.477442958891102e-7 1.2547887700210284e-6 2.409257887983583e-6 3.24601912752962e-6 3.243218154851326e-6 
9.505372617400194e-7 9.515049142988398e-7 1.130103717222654e-6 2.1596883368357105e-6 3.1139262536965683e-6 3.101675064842847e-6 
9.308375964116737e-7 9.317426624268157e-7 1.0478889923519575e-6 1.99848035864321e-6 3.091081808027431e-6 3.0815864548738217e-6 
8.91811947744376e-7 8.934824431023092e-7 1.0397487708201387e-6 1.8654500373298883e-6 3.032161339271745e-6 3.025851725518752e-6 
8.531501244987045e-7 8.512843757369911e-7 1.0860122057948663e-6 1.7100441699739885e-6 2.8885559000745773e-6 2.879556381620433e-6 
8.081846780797756e-7 8.064680256332106e-7 1.205463522322801e-6 1.601036973182094e-6 2.7367286101199862e-6 2.7281437210333547e-6 
7.617732441784503e-7 7.635867091713413e-7 1.3505162725379445e-6 1.680217646632366e-6 2.639752751879477e-6 2.631532119323059e-6 
7.466687449346417e-7 7.487797731937776e-7 1.4038946147196815e-6 1.8016061191570603e-6 2.6205604961701704e-6 2.616537285146132e-6 
7.438821772118256e-7 7.443133291182469e-7 1.3969908242840069e-6 1.8427949943062907e-6 2.5767486026604237e-6 2.575026994208444e-6 
7.406574254823624e-7 7.353621441555756e-7 1.4128587549429e-6 1.814531542568622e-6 2.4938036596180117e-6 2.4932659299819626e-6 
7.312466531592038e-7 7.291358477114277e-7 1.517844344496832e-6 1.836584151586006e-6 2.39033178677002e-6 2.3964334480148072e-6 
7.309764295106307e-7 7.340689207873437e-7 1.7017554027531677e-6 1.820212401168171e-6 2.3231961349750736e-6 2.320042820320187e-6 
7.336820300379775e-7 7.346633440978317e-7 1.94726455603845e-6 1.703732332541488e-6 2.2679141419723335e-6 2.266907516578194e-6 
7.401861195812839e-7 7.368295694992158e-7 2.2128471584595886e-6 1.5465920599518163e-6 2.2356659411511497e-6 2.2449154775163255e-6 
7.369577800450034e-7 7.348580341562492e-7 2.346103251021592e-6 1.3916137828953123e-6 2.229280050768173e-6 2.23265076570858e-6 

1.2164324778004301e-6 1.533393099955867e-6 3.022960139131696e-6 3.005214326243866e-6 2.7297947695232284e-6 2.3089573400732934e-6 
1.2614569261277029e-6 1.5366331487403256e-6 2.9679090449129158e-6 3.106191642334293e-6 2.7583477727089128e-6 2.190284469893746e-6 
1.2959559894242384e-6 1.519731202523127e-6 2.8961526689133825e-6 3.121435225749501e-6 2.7251542249553512e-6 2.1166340437452972e-6 
1.3316312127241954e-6 1.4649144130654835e-6 2.821672479057941e-6 3.0139908765745185e-6 2.6780379518977606e-6 2.1120890579498374e-6 
1.3587605664305531e-6 1.3973893825443436e-6 2.7677848461637275e-6 2.961424287020321e-6 2.6872383800079928e-6 2.029457646114451e-6 
1.3770263209829981e-6 1.3203375599303203e-6 2.894035990094232e-6 2.882055802269392e-6 2.7242189336694043e-6 2.0567259901837343e-6 
1.3799655665187373e-6 1.2587966562651775e-6 3.1490966755978206e-6 2.8503345033570963e-6 2.782954487176197e-6 2.223733105690999e-6 
1.341911750110743e-6 1.2095928180705985e-6 3.0151393238658173e-6 2.8303891061497606e-6 2.8115192403637795e-6 2.3654561730906315e-6 
1.275062977462939e-6 1.1641369952767581e-6 2.6484064287504013e-6 2.7683785068822363e-6 2.793927399267454e-6 2.384187778770962e-6 
1.2075877272498067e-6 1.1535876537254268e-6 2.4147963127427076e-6 2.7148084923691807e-6 2.772531263552365e-6 2.4573685372495224e-6 
1.1313136696380407e-6 1.1392299627746598e-6 2.1509179179882724e-6 2.612373057435596e-6 2.7814675803849783e-6 2.6280219741285385e-6 
1.053050748321642e-6 1.0957727448862522e-6 1.9402381543737213e-6 2.441267203837062e-6 2.8440759826593892e-6 2.6402548517297254e-6 
9.750373198945696e-7 1.040823482042189e-6 1.7784345690934082e-6 2.3129095366682584e-6 2.8905006875157344e-6 2.5452831860164818e-6 
9.062214141011327e-7 9.956430791131066e-7 1.5780485066722047e-6 2.1878655452555427e-6 2.9421472596105695e-6 2.7871052392073685e-6 
8.455921974774652e-7 1.0056677680390765e-6 1.420655017900989e-6 2.150218744468692e-6 2.933461177970677e-6 3.0292330695356646e-6 
7.828553607311716e-7 1.0338333446084172e-6 1.3094730460302778e-6 2.173953236843812e-6 2.909114588443201e-6 2.8380445118873818e-6 
7.110759696838856e-7 1.052446049815011e-6 1.2055035242203387e-6 2.240052404935096e-6 2.8917245782268217e-6 2.7251078005993392e-6 
6.36814283149112e-7 1.029315925154473e-6 1.1150989627902787e-6 2.322480575087918e-6 2.966616257636052e-6 2.8678201226706856e-6 
5.595213477479877e-7 9.614825224828672e-7 1.040850351724031e-6 2.442627677739412e-6 2.890780918730093e-6 2.848472465503293e-6 
4.829035672072531e-7 8.69492546402382e-7 1.020617412429315e-6 2.599820209010697e-6 2.733874826038694e-6 2.907701276884202e-6 
4.047362351206952e-7 7.612135966030889e-7 9.58309656004466e-7 2.7986525047607636e-6 2.6906676366487517e-6 2.925638749409966e-6 
3.2782729363758025e-7 6.523482219006236e-7 7.875018712727702e-7 2.8272055452898482e-6 2.9043393119909602e-6 2.75947999221318e-6 
2.4974467493353304e-7 5.222875674070358e-7 5.539867922740086e-7 2.811688100703208e-6 2.83966608652428e-6 2.7789446472243422e-6 
1.7108837792821914e-7 3.6767852874963324e-7 3.476450362329831e-7 2.8074527888215987e-6 2.810997472862366e-6 2.7790005422843304e-6 
8.772321336291659e-8 1.8892568784650086e-7 1.645765349249579e-7 2.7950223294000235e-6 2.787530337848464e-6 2.76189665727824e-6 
0.0 0.0 0.0 2.7985991721756193e-6 2.797690060224844e-6 2.8056629912579772e-6 
1.0013568862880764e-7 1.0003319466128633e-7 1.5137367712613436e-7 2.78556656102591e-6 2.787853418308805e-6 2.77098456125343e-6 
1.9677889833559304e-7 1.9660011762223255e-7 3.151087256008591e-7 2.803089715342419e-6 2.8023388040832705e-6 2.792746902435664e-6 
2.902103998210972e-7 2.8969398445371886e-7 4.952564778301316e-7 2.8350375576179704e-6 2.8263612982383616e-6 2.799394154103811e-6 
3.8310587527073525e-7 3.821962730593035e-7 6.872547167488116e-7 2.865559656321553e-6 2.865621500674337e-6 2.7617681278265895e-6 
4.773486444178619e-7 4.781636190824619e-7 8.855526335437239e-7 2.8853354007474344e-6 2.880999566766644e-6 2.7107151929282166e-6 
5.782828658065697e-7 5.804660305957659e-7 1.0679123581631927e-6 2.916097501752738e-6 2.9147859398027327e-6 2.6589712208953325e-6 
6.64455471148863e-7 6.657754110352251e-7 1.13665455980061e-6 2.9130641596410098e-6 2.912962319123623e-6 2.5211062297207504e-6 
7.252920383859179e-7 7.283932288326547e-7 1.0827164585212147e-6 2.3869180595356716e-6 2.8703146031151236e-6 2.857871849126311e-6 
7.69128557431784e-7 7.701430842573873e-7 1.0102426929952766e-6 2.2529398765668064e-6 2.8456479140887664e-6 2.8464522662496456e-6 
8.084389007332496e-7 8.083626697270123e-7 9.822253955868939e-7 2.1570334925874286e-6 2.836440563637916e-6 2.8349650943351372e-6 
8.51086749161957e-7 8.510458007159476e-7 1.0181635528678615e-6 2.0910946812941752e-6 2.874042753972542e-6 2.8685232368114298e-6 
8.886239410395389e-7 8.878085961907578e-7 1.0959392709061593e-6 1.943240924924057e-6 2.8660221278042456e-6 2.8578263093469722e-6 
9.259663866704067e-7 9.277539505340466e-7 1.2244979410084328e-6 1.7978076822847366e-6 2.8005016300772446e-6 2.794881013290734e-6 
9.462278385449536e-7 9.462911643528848e-7 1.417295716049846e-6 1.8227513468576127e-6 2.7888695200156587e-6 2.782910273297176e-6 
9.523869263198255e-7 9.490000234823984e-7 1.5954913013535417e-6 2.0141295498663375e-6 2.8735267607791803e-6 2.8695683244502983e-6 
9.518536156966447e-7 9.522254621013576e-7 1.7295709158611087e-6 2.2085785947036764e-6 2.960127078514689e-6 2.9675361895927014e-6 
9.548693686121895e-7 9.588846526256635e-7 1.8137916609757952e-6 2.2949597839866155e-6 2.9894546004243605e-6 2.9927383286386093e-6 
9.57821976587534e-7 9.550462699014169e-7 1.8595991513681054e-6 2.313803188305314e-6 3.006106511076633e-6 3.0086042653201962e-6 
9.69446697143834e-7 9.617488790134818e-7 1.986054486180673e-6 2.385294745076492e-6 3.0517810693639772e-6 3.0484336623216e-6 
9.659740801420046e-7 9.627083207263117e-7 2.191669524315273e-6 2.44794029754592e-6 3.098703887125657e-6 3.095854648878202e-6 
9.679129074662986e-7 9.66897635357689e-7 2.4039556816572966e-6 2.3848299733724232e-6 3.1501434001102367e-6 3.148960073101323e-6 
9.688798337204345e-7 9.70821408284673e-7 2.63403692452494e-6 2.2284187879626603e-6 3.2010657444490964e-6 3.1995987529715256e-6 
9.717366352621365e-7 9.717221969121014e-7 2.870062180914804e-6 2.0828547093156743e-6 3.2603586660154727e-6 3.256398951961454e-6 
9.741468118403012e-7 9.73408008488059e-7 3.0852873660096884e-6 2.0380357280164848e-6 3.308121482677414e-6 3.3128068604013883e-6 
9.758190449854943e-7 9.735303950519334e-7 3.207948539320461e-6 2.034538512280426e-6 3.348946210947662e-6 3.356484162126231e-6 

3.696957031588709e-6 3.51082930206924e-6 4.990746006420533e-6 4.89374223244183e-6 3.737446048613587e-6 3.2818336681507924e-6 
3.581253768739027e-6 3.356769111164584e-6 5.153337679844314e-6 4.984498140429449e-6 3.6466636955818124e-6 3.261987775275779e-6 
3.451754568160332e-6 3.181028236641743e-6 5.213664971238153e-6 5.072226195332716e-6 3.6384261082693302e-6 3.2238239583672623e-6 
3.3253836736098293e-6 3.0048704223680035e-6 5.440229395987917e-6 5.239316718968452e-6 3.6320679866361586e-6 3.209883002432457e-6 
3.167721250481313e-6 2.8220552320816932e-6 5.535890794752521e-6 5.287915469249198e-6 3.5905363391746044e-6 3.3172778917310546e-6 
2.988961547934707e-6 2.647649318055863e-6 5.126506942445271e-6 5.18868976026528e-6 3.5611312438313938e-6 3.314328790688447e-6 
2.800357421412022e-6 2.469757813483799e-6 4.696337503335956e-6 5.0901649502655975e-6 3.540147773242222e-6 3.2948149745929956e-6 
2.6296362862044017e-6 2.306637197031192e-6 4.402948588570077e-6 4.894813364242791e-6 3.4995714412252375e-6 3.2600227871801587e-6 
2.4639967621940823e-6 2.1555846644613844e-6 4.033501725555812e-6 4.772586606617682e-6 3.490295417132029e-6 3.2113833954379295e-6 
2.303907533111706e-6 2.028511737834291e-6 3.7349722167285617e-6 4.6793529850503236e-6 3.55063165397753e-6 3.2211374163350724e-6 
2.1333810107389733e-6 1.9182143575889954e-6 3.4587814167641603e-6 4.596503477756013e-6 3.5292720669899625e-6 3.223565669786335e-6 
1.9631457160609314e-6 1.8696049025851374e-6 3.1185745386328033e-6 4.473528262975318e-6 3.4306292281420173e-6 3.2254790791758774e-6 
1.7824173163061647e-6 1.795445461134904e-6 2.773327791554495e-6 4.1925390554126185e-6 3.4015179911599445e-6 3.2493772728770127e-6 
1.595765674052172e-6 1.6842474939778486e-6 2.4610722143057863e-6 3.826455397723243e-6 3.4199104877312915e-6 3.1877866710861465e-6 
1.4136602740873516e-6 1.5301103212249955e-6 2.12611458924149e-6 3.506816324900821e-6 3.37685833747456e-6 3.1116600506334946e-6 
1.2423434492676172e-6 1.3708038661044482e-6 1.855459811281479e-6 3.2230287481472376e-6 3.3441070079274227e-6 3.2513738560040776e-6 
1.0823237179074359e-6 1.253406058512141e-6 1.6170157777115738e-6 3.0110111095238746e-6 3.2872480386945277e-6 3.351088163110308e-6 
9.407910318426521e-7 1.1565349525962523e-6 1.4254041584164433e-6 2.8372725302170454e-6 3.1577435449490054e-6 3.2127360282080575e-6 
8.120470053702978e-7 1.0860735599341585e-6 1.273853804204915e-6 2.7459973960630996e-6 3.1632103686249985e-6 3.1553534659477134e-6 
6.864757667505957e-7 1.01616973760553e-6 1.143106646119416e-6 2.7806606978312527e-6 3.160817843672667e-6 3.0701052595870537e-6 
5.656830572403986e-7 9.250966096275054e-7 1.0387247715756007e-6 3.176737642639148e-6 2.663709815742964e-6 2.996211285609985e-6 
4.4873355653364437e-7 8.019593219151871e-7 9.714543995778709e-7 3.1564741603888216e-6 3.003421997630536e-6 2.64950037732216e-6 
3.2943557291451177e-7 6.391665349697928e-7 8.706332133486568e-7 3.143592397493823e-6 3.0479886639432618e-6 2.7737258772362434e-6 
2.1245642220169827e-7 4.430429512393558e-7 6.689751402760241e-7 3.1129344366045565e-6 3.0741968365694858e-6 2.9035591537058037e-6 
1.0343566307316159e-7 2.2753242683606846e-7 3.5824820979424536e-7 3.1069294143259565e-6 3.1066752297678693e-6 3.053654341731171e-6 
0.0 0.0 0.0 3.0678681929440323e-6 3.1246385728397127e-6 3.122160841524842e-6 
1.1653153541273354e-7 1.1680098634477952e-7 3.1506186026355815e-7 3.121691226843229e-6 3.1199123426100124e-6 3.0493710635249e-6 
2.3650957754187413e-7 2.3714183172178633e-7 5.994016084133519e-7 3.1043473097552024e-6 3.105734587405582e-6 2.964315363052576e-6 
3.5545663082881516e-7 3.5687150903538174e-7 8.106906956231696e-7 3.0652695869790177e-6 3.0725744945474573e-6 2.8429391770117446e-6 
4.6873716792666606e-7 4.697674490923476e-7 9.121801081112511e-7 3.0355035253359866e-6 3.041553834403697e-6 2.7373658153921072e-6 
5.760265318358133e-7 5.758252229884505e-7 9.469514296366087e-7 3.0372332902905253e-6 3.047114422492988e-6 2.672847239919547e-6 
6.812480570939813e-7 6.80018773216261e-7 9.60497521851997e-7 3.034777697131982e-6 3.0454501873837675e-6 2.562584885371168e-6 
7.933285536219942e-7 7.925792487468072e-7 1.0166850890268958e-6 3.1057754163466768e-6 3.1077168327865374e-6 2.5398164452223432e-6 
9.154767218309856e-7 9.148786860471669e-7 1.099655444340064e-6 2.624711866368039e-6 3.2397431382494767e-6 3.2456863912174274e-6 
1.039698002174324e-6 1.0398126962500127e-6 1.2053957740973953e-6 2.632770664435889e-6 3.295701618112704e-6 3.2978113081161824e-6 
1.161046799012537e-6 1.1625372137911746e-6 1.3468110212882485e-6 2.6388050955968126e-6 3.3384746231724363e-6 3.3416652317290314e-6 
1.273654898460637e-6 1.2763688491008627e-6 1.5486739900786506e-6 2.7729192905948154e-6 3.4251923833533362e-6 3.429637700380722e-6 
1.375876061012893e-6 1.3808408539481744e-6 1.7903696622423688e-6 3.0364289670116806e-6 3.533297493766744e-6 3.539234694553403e-6 
1.4692004434401415e-6 1.4756737718426667e-6 2.042494901264052e-6 3.3984889420922297e-6 3.7130195658454024e-6 3.7220962222427664e-6 
1.5445144136245348e-6 1.5484153658640825e-6 2.2558571234307754e-6 3.725807371826055e-6 3.831316689672114e-6 3.834540291361619e-6 
1.6042515951786804e-6 1.605617414738891e-6 2.4403377255948197e-6 3.938511716340064e-6 3.854976441183626e-6 3.856049210718117e-6 
1.6487338671634123e-6 1.6509708218831467e-6 2.6050041712374246e-6 4.0459316288017815e-6 3.9290136097796656e-6 3.930229688860601e-6 
1.6803064035083314e-6 1.686994170660971e-6 2.7868978050494713e-6 4.1532462836380875e-6 4.0132876357606164e-6 4.0146378676295105e-6 
1.7047556948354298e-6 1.6999674158222802e-6 3.028246038132898e-6 4.2163848272968445e-6 4.0313035948999555e-6 4.033711192310575e-6 
1.7161571831523342e-6 1.7106185033726298e-6 3.29557039892714e-6 4.162818324980701e-6 4.0398334518229266e-6 4.037009877598451e-6 
1.7104128009400357e-6 1.7151598302427405e-6 3.536291510152798e-6 4.124076031629652e-6 4.0586088195393765e-6 4.0670047091704605e-6 
1.7186198632123479e-6 1.7198991805734998e-6 3.8719054251696715e-6 4.1168155264293e-6 4.154417274742741e-6 4.164566616362566e-6 
1.7141880663568098e-6 1.7191888416967332e-6 4.223422634254286e-6 4.066117411632539e-6 4.2151768947086465e-6 4.226101392176306e-6 
1.6974851604693782e-6 1.6952249325963122e-6 4.526912193896688e-6 3.827796176532822e-6 4.190948549547827e-6 4.200578701904624e-6 
1.6518556727897857e-6 1.6519906478241655e-6 4.837451745157036e-6 3.4253945660332425e-6 4.131547354049791e-6 4.135194511926186e-6 
1.6378547129733328e-6 1.6401911244780222e-6 4.969522578920203e-6 3.2182670514483898e-6 4.093589229403167e-6 4.09859772675846e-6 

6.500837280739066e-6 5.4793864601895524e-6 7.646071947175484e-6 7.499640202779296e-6 4.647020937780734e-6 4.451577643732875e-6 
6.2311842248095705e-6 5.130405015381346e-6 7.931688488282804e-6 7.48144675808945e-6 4.6287394582444715e-6 4.438904067024928e-6 
5.923799594154892e-6 4.822165265886678e-6 7.896330735726026e-6 7.344772802962583e-6 4.541178469962309e-6 4.408030093969331e-6 
5.613925454025782e-6 4.620570910556953e-6 7.633610813960115e-6 7.289845470515832e-6 4.452410695113489e-6 4.4115838300593595e-6 
5.304752756688867e-6 4.451423016239535e-6 7.511066976967157e-6 7.23672598061443e-6 4.403931888573239e-6 4.370699608929535e-6 
5.030269667186517e-6 4.309749417785626e-6 7.4281916342945254e-6 7.32254406828095e-6 4.379970889912085e-6 4.435278739019388e-6 
4.7393385905047115e-6 4.152136685227871e-6 7.1020587859947005e-6 7.431076914158803e-6 4.306321197220342e-6 4.317351654399987e-6 
4.444489610361829e-6 3.996242111401183e-6 6.841512828051007e-6 7.503234926651069e-6 4.2936327208227205e-6 4.335444260045659e-6 
4.158132313924088e-6 3.820380078942633e-6 6.513252495123228e-6 7.487692179495635e-6 4.226336744411038e-6 4.434901754637584e-6 
3.870858381651249e-6 3.6254860670277257e-6 6.031326734825394e-6 7.34525559480522e-6 4.139165920079701e-6 4.378323626609019e-6 
3.606665650985323e-6 3.4583835822466032e-6 5.599346369809019e-6 7.222045763464599e-6 4.07861639214395e-6 4.2015736261964485e-6 
3.3415542768515668e-6 3.2808951293799216e-6 5.173792402921512e-6 7.144199468467508e-6 4.0739393722877246e-6 4.279561738171661e-6 
3.0938020422619288e-6 3.1456412838366097e-6 4.708204458809637e-6 7.0466545136984366e-6 3.972292786123978e-6 4.294756410725327e-6 
2.8451500818264305e-6 3.0188440963212627e-6 4.252175627877519e-6 6.8191198276614375e-6 3.8847023238790325e-6 4.180073704747921e-6 
2.591363221921653e-6 2.8652514036092555e-6 3.7709137139003323e-6 6.419073316610137e-6 3.837622555656112e-6 4.035404762111506e-6 
2.3297258033654422e-6 2.6596620497452204e-6 3.3168041411265914e-6 5.9162999298429745e-6 3.7546118428067264e-6 3.9593174344365174e-6 
2.0692620913871674e-6 2.3877592183967734e-6 2.8867564763229903e-6 5.4064306757990765e-6 3.6411561956736732e-6 3.816299077450569e-6 
1.795702631172603e-6 2.0681030352503006e-6 2.508943252350741e-6 4.950389579681806e-6 3.68801294115942e-6 3.4980497944953968e-6 
1.5238838425838888e-6 1.7588128742792067e-6 2.1664037800307522e-6 4.502431115241132e-6 3.5235079365432922e-6 3.3489800055276264e-6 
1.2611181307044813e-6 1.502425196253921e-6 1.8808379224564715e-6 3.986746726867818e-6 3.581027147090693e-6 3.2202559953452015e-6 
1.0087329197906187e-6 1.2586701927086472e-6 1.5696623713633862e-6 3.282766854519734e-6 3.709493706592428e-6 3.063468378493276e-6 
7.808256526303824e-7 1.0207724139612691e-6 1.279557732238808e-6 3.0483327684164797e-6 2.891871324899855e-6 3.413960186938353e-6 
5.70418682667689e-7 7.759695477541654e-7 9.853836250014517e-7 2.8722135737298724e-6 2.7534159062743883e-6 3.076027726215322e-6 
3.746507095567395e-7 5.245864847417567e-7 6.775801695439782e-7 2.7345607091578066e-6 2.658785558028546e-6 2.7855170077550158e-6 
1.853433591385729e-7 2.6383137066120625e-7 3.4539566843446873e-7 2.5809510170250887e-6 2.5351417793738788e-6 2.593562310263851e-6 
0.0 0.0 0.0 2.412097869459448e-6 2.484790531388105e-6 2.450478388034383e-6 
1.682998538835936e-7 1.6988460939436438e-7 2.9935350593422737e-7 2.5410932905135164e-6 2.517140926006682e-6 2.5579801567309085e-6 
3.378043490811887e-7 3.40032199994863e-7 5.904828159404097e-7 2.6157828181032734e-6 2.606655412928719e-6 2.709939188562139e-6 
5.103010286929542e-7 5.120566857773965e-7 8.704002740008211e-7 2.7115166484621425e-6 2.7036733975051815e-6 2.8934275618461982e-6 
6.920868887459246e-7 6.937367758676136e-7 1.1334152329691563e-6 2.8502672286390925e-6 2.833760549824648e-6 3.2025222022796387e-6 
8.88184336120975e-7 8.870313584499125e-7 1.363113092430742e-6 2.9354625434675472e-6 2.9220827452271187e-6 3.463015897885212e-6 
1.098070364247837e-6 1.098517272204435e-6 1.6002270056753963e-6 3.0841204689436637e-6 3.0701355593224582e-6 3.7601678296797538e-6 
1.335387682696964e-6 1.3370256698464982e-6 1.8288090043990391e-6 3.218573191009575e-6 3.215347966802461e-6 4.089020390595308e-6 
1.5973854713096582e-6 1.5986440971005718e-6 2.064131646241622e-6 4.401593066846375e-6 3.341229669644145e-6 3.343526416671278e-6 
1.8859307274800246e-6 1.8831173488687522e-6 2.3299274620871485e-6 4.748202334862538e-6 3.4635254454573324e-6 3.464611483518839e-6 
2.180567971975106e-6 2.179417836041732e-6 2.609549915306092e-6 5.141630212140646e-6 3.527303565606425e-6 3.5302007138175084e-6 
2.4828580163951724e-6 2.480299756286723e-6 2.890355120256994e-6 5.578030079545343e-6 3.6118987222416825e-6 3.61687337134907e-6 
2.757543260668617e-6 2.7579324623935985e-6 3.1703598496655774e-6 6.0127644686180026e-6 3.682494604400687e-6 3.690738958453909e-6 
2.993334849729939e-6 2.9920061883548826e-6 3.4078458240383096e-6 6.362664804363404e-6 3.674196287090152e-6 3.6872969646872786e-6 
3.1920320222408365e-6 3.2007412351617997e-6 3.629183338667852e-6 6.612843507313072e-6 3.763538855004358e-6 3.768126960258274e-6 
3.3649866492974192e-6 3.382231958815617e-6 3.865707954797251e-6 6.7854405292272685e-6 3.773170859667919e-6 3.78228185083941e-6 
3.515435970174399e-6 3.5299130170019477e-6 4.124379544867228e-6 6.912516596462828e-6 3.728092149377679e-6 3.7347052920745454e-6 
3.643189663210961e-6 3.6536323833377e-6 4.463896927712206e-6 7.035062356987507e-6 3.7681288745019978e-6 3.7680385112820533e-6 
3.7590378092512975e-6 3.777982711316907e-6 4.82525095719971e-6 7.1402277246127665e-6 3.847559433999049e-6 3.8484290067545215e-6 
3.86652906336628e-6 3.885057411245735e-6 5.211955101723743e-6 7.175645921070977e-6 3.93789744563728e-6 3.942501402570646e-6 
3.963156799461844e-6 3.9800794156830006e-6 5.630305830775471e-6 7.190420184354821e-6 3.982888131108266e-6 3.9789308017797704e-6 
4.060240407475711e-6 4.075648253616588e-6 6.076739221496755e-6 7.07051680295684e-6 3.948207873573381e-6 3.950908611978211e-6 
4.134287401587466e-6 4.14599276665395e-6 6.4856465421123825e-6 6.861366113175133e-6 3.959527005026942e-6 3.938472957852693e-6 
4.175679355790455e-6 4.187172596584626e-6 6.92371307470847e-6 6.67505180178384e-6 3.983272508404925e-6 3.968312223877365e-6 
4.210867578033797e-6 4.222790091741874e-6 7.357501821898547e-6 6.471779077914247e-6 4.003841842677231e-6 4.002184053613079e-6 
4.207800887839092e-6 4.223289835495269e-6 7.50749490410998e-6 6.373560194481412e-6 4.033329041037081e-6 4.0261280383931086e-6 

7.539652118487924e-6 4.700297252513961e-6 7.248836325659726e-6 7.457889009540079e-6 5.020878713810718e-6 5.390064547956793e-6 
7.232040256429495e-6 4.326220674101805e-6 7.093302440319571e-6 7.822338232529641e-6 4.930059818013733e-6 5.257714699138681e-6 
6.915704885787313e-6 4.027025164197674e-6 7.131213566302392e-6 8.049270158122004e-6 4.827631592840043e-6 5.236251758043134e-6 
6.563213213978039e-6 3.779347508346585e-6 7.1735311295042054e-6 8.174850408952001e-6 4.79647148121608e-6 5.186753715228586e-6 
6.185245360672392e-6 3.5887976466948677e-6 7.068121856803841e-6 8.153770488749104e-6 4.658972260372288e-6 5.148282470423551e-6 
5.788712802033204e-6 3.4464066742938425e-6 6.926349425325655e-6 8.171010862325466e-6 4.541868579420612e-6 5.067022458552241e-6 
5.394005384931106e-6 3.34966681342915e-6 6.7245544668602456e-6 8.189041396547168e-6 4.424613601009921e-6 5.004408238323763e-6 
4.970956582777186e-6 3.2539914545981876e-6 6.48954139477044e-6 8.291071201844883e-6 4.384933576026768e-6 4.933219611872032e-6 
4.534376920166693e-6 3.163396043846208e-6 6.268991421062978e-6 8.430728705749685e-6 4.258615938659726e-6 4.822858149240216e-6 
4.118277021359739e-6 3.060307640569525e-6 5.96804986637482e-6 8.580866738749968e-6 4.112080137496874e-6 4.736901301121093e-6 
3.7139047977480216e-6 2.959523743559596e-6 5.6212527281206365e-6 8.479718752154566e-6 4.0067277705354975e-6 4.822071287646881e-6 
3.322899554719388e-6 2.8473670752966743e-6 5.241249408616304e-6 8.178753990942646e-6 3.8904855400953775e-6 4.632077392056975e-6 
2.951759099937047e-6 2.7344227462811914e-6 4.8225349127647585e-6 7.81726099725911e-6 3.7915002728411937e-6 4.430377923410178e-6 
2.5984508676532055e-6 2.589737889296409e-6 4.364008818802626e-6 7.4394716223997465e-6 3.648683950953742e-6 4.4667195372319456e-6 
2.254225192831846e-6 2.4888800437098404e-6 3.8890714251489615e-6 6.984169281018465e-6 3.475122012046409e-6 4.4296137196373425e-6 
1.9380680885466475e-6 2.3680882571931518e-6 3.4071688766850183e-6 6.330456184459887e-6 3.304556049461658e-6 4.144434429621618e-6 
1.6462482077095835e-6 2.207424099569576e-6 2.905740930952663e-6 5.6179802046620494e-6 3.204552269679431e-6 3.969927745496234e-6 
1.3889578429212916e-6 1.970553300273301e-6 2.4322587305961117e-6 4.8855814801246706e-6 3.830170382339535e-6 3.0698711576639742e-6 
1.155917349569678e-6 1.7119652842537403e-6 2.0137353696796213e-6 4.210672393447966e-6 3.5850485267551977e-6 2.9662569683426533e-6 
9.496164946825665e-7 1.3944281785027667e-6 1.6497253987289554e-6 3.6429872502699903e-6 3.360168551180366e-6 2.9138863656866622e-6 
7.629192157399728e-7 1.0579742175608305e-6 1.3133339997283511e-6 3.134965665082808e-6 3.2087267695645253e-6 2.8199729336355323e-6 
5.89049816216695e-7 7.448001866534613e-7 9.676982888607138e-7 2.8737853649744345e-6 2.716030761618227e-6 2.928663334769991e-6 
4.3246867595122606e-7 5.032753350105117e-7 6.390481140599303e-7 2.738487238629018e-6 2.6605639381445003e-6 2.7678794291160795e-6 
2.8369129387714873e-7 3.0795925274696754e-7 3.7214480358776654e-7 2.638374538169205e-6 2.631799905218043e-6 2.627774247267115e-6 
1.4034728959751297e-7 1.4865945089372e-7 1.7456471616069396e-7 2.605858043186988e-6 2.6245659127409762e-6 2.5861370041021726e-6 
0.0 0.0 0.0 2.567495632414647e-6 2.618189028138066e-6 2.642667718122192e-6 
1.1259780424087259e-7 1.1141537846639298e-7 1.4518821006050855e-7 2.621018103975079e-6 2.6337546004255554e-6 2.5556276127743875e-6 
2.291659328461222e-7 2.2765123341766184e-7 3.03262481374567e-7 2.6303491253977906e-6 2.6377681623479593e-6 2.602307623786048e-6 
3.552990855886421e-7 3.5445557445528783e-7 4.993410648335912e-7 2.6482816807773524e-6 2.6562663099462594e-6 2.649992995040854e-6 
5.078910623150266e-7 5.071164689895245e-7 7.565853263531732e-7 2.7212801012064607e-6 2.7314206522933523e-6 2.791319608479845e-6 
6.877995490549983e-7 6.900792396003592e-7 1.0669722110935103e-6 2.839884387917088e-6 2.8441421680272877e-6 3.074794020773321e-6 
8.926617686666279e-7 8.937977038589524e-7 1.3796513338233652e-6 2.9160479110229355e-6 2.915946172075378e-6 3.3298316184652405e-6 
1.1360921110272078e-6 1.1347433528004828e-6 1.6693162688430038e-6 3.053243315036275e-6 3.0517973564396917e-6 3.7170506560272077e-6 
1.4244786203951593e-6 1.4237672203166045e-6 1.9467264163386578e-6 4.311467140816904e-6 3.161332441315912e-6 3.1609386561300714e-6 
1.757516366720281e-6 1.755314624279157e-6 2.2458409779845738e-6 4.913862075850244e-6 3.265564541184393e-6 3.265939806355178e-6 
2.135166069602838e-6 2.127997816515013e-6 2.5255542969349946e-6 5.463825595867241e-6 3.420431448603918e-6 3.4178028844975844e-6 
2.551454398861277e-6 2.5417383701205444e-6 2.776530451824599e-6 6.011125391504524e-6 3.5345440947362074e-6 3.529427381354045e-6 
2.9994381649515894e-6 2.988235603218716e-6 3.002984617621123e-6 6.48221715067911e-6 3.6454652420285175e-6 3.6382415628931157e-6 
3.460661275314707e-6 3.444910021748994e-6 3.234530911403861e-6 6.794588646510789e-6 3.704846841967888e-6 3.6942294538737845e-6 
3.937486273590037e-6 3.916261479614975e-6 3.55508646328387e-6 7.25683251743399e-6 3.786093735850572e-6 3.7787800920328983e-6 
4.418977819385185e-6 4.400891940002279e-6 3.8955734805359025e-6 7.688955255871329e-6 3.891928888993024e-6 3.877813142976785e-6 
4.9043718020043385e-6 4.884469005412229e-6 4.30433395651522e-6 8.08466687991523e-6 3.942493020344769e-6 3.929532265776018e-6 
5.405370671534915e-6 5.377836075481072e-6 4.740528217800338e-6 8.482111239166146e-6 4.0227788320478685e-6 4.012883129806707e-6 
5.878350527716789e-6 5.8718469772021545e-6 5.164087281196819e-6 8.951422687145758e-6 4.0672132771114225e-6 4.057774973278483e-6 
6.36076758715252e-6 6.368385401275428e-6 5.585804842070085e-6 9.327158927842716e-6 4.02459897742106e-6 4.0115036634539655e-6 
6.813084131105589e-6 6.800589340818482e-6 6.0071114707549655e-6 9.594851790771523e-6 4.0827683886797035e-6 4.091418343798188e-6 
7.197973318448089e-6 7.194688313239196e-6 6.385389109701803e-6 9.710080738452582e-6 4.139048901744522e-6 4.140147997240885e-6 
7.518922632827541e-6 7.5029320157339985e-6 6.7081821010264365e-6 9.638670611680333e-6 4.075534597890827e-6 4.080035526492824e-6 
7.735518638821534e-6 7.744954973127561e-6 7.00617909246308e-6 9.569193615023791e-6 4.155994205085732e-6 4.156122406869364e-6 
7.877245247372275e-6 7.883398407238612e-6 7.246501577714034e-6 9.479483240736865e-6 4.2008393346435725e-6 4.201370717490006e-6 
7.905752221183696e-6 7.916923472537557e-6 7.27606026567994e-6 9.355428296541883e-6 4.173761317743227e-6 4.1722865294881735e-6 

5.454271333794406e-6 3.146139045144157e-6 6.050219162570023e-6 7.206256879538431e-6 5.1198310846958666e-6 5.7061799846156125e-6 
5.165722882932674e-6 2.847808570093303e-6 6.149502603084629e-6 7.3134566225118255e-6 5.016877292638143e-6 5.800583263700148e-6 
4.864775657814885e-6 2.6322095944468483e-6 6.123517164067055e-6 7.511573343109252e-6 4.92790435132048e-6 5.834268452576129e-6 
4.560175664461823e-6 2.4937707470387725e-6 6.0158470789966e-6 7.706448348258692e-6 4.835733269183041e-6 5.825661155132143e-6 
4.237507723416775e-6 2.399171760592573e-6 5.861377203396084e-6 7.843725887637902e-6 4.6653175115726135e-6 5.707155236798982e-6 
3.903452571412798e-6 2.337049340670557e-6 5.732062124548186e-6 7.921614420510844e-6 4.549193298817326e-6 5.596007098785367e-6 
3.578399850334535e-6 2.2737192453470554e-6 5.612332164670226e-6 7.81290936790783e-6 4.412706893162771e-6 5.5442983227598445e-6 
3.25995777778699e-6 2.2292275628648926e-6 5.459842177692646e-6 7.784212118781624e-6 4.2612713989044575e-6 5.418880185163601e-6 
2.942030452966439e-6 2.195690232105769e-6 5.297945457526303e-6 7.738484579041103e-6 4.126616477223911e-6 5.261330985377667e-6 
2.631835149081662e-6 2.1258382638145764e-6 5.0877776648039445e-6 7.761157801827997e-6 4.026690516615864e-6 5.141579126418992e-6 
2.3406000272240172e-6 2.056230702129464e-6 4.7774559537951575e-6 7.883241392520751e-6 3.882335623500795e-6 4.974832703551732e-6 
2.071331118071111e-6 1.9975809234411717e-6 4.408536050461977e-6 8.112192034595846e-6 3.717636121400294e-6 4.808091643649778e-6 
1.838795453095475e-6 1.945897831128782e-6 4.028063503931106e-6 8.118060126280576e-6 3.606652293020962e-6 4.648243889115217e-6 
1.6305175640269258e-6 1.864031802773204e-6 3.631637834714733e-6 7.94708709531278e-6 3.477499005689133e-6 4.469988311639911e-6 
1.44050101640907e-6 1.7508728265751213e-6 3.2362489462956153e-6 7.613158323311721e-6 3.3499017795544907e-6 4.280311458909676e-6 
1.2629641362877004e-6 1.6726367004277413e-6 2.8880103404688517e-6 7.273825912079395e-6 3.270538769760221e-6 4.10596524000559e-6 
1.0934515805296759e-6 1.591848016428852e-6 2.5511893115710502e-6 6.7700953420211115e-6 3.1746837694564726e-6 3.918372378968584e-6 
9.325497650010859e-7 1.4893694321199873e-6 2.1885063116362056e-6 6.1146591438304334e-6 3.736905151248536e-6 3.090683155345778e-6 
7.814390010722642e-7 1.3134064680468892e-6 1.787556890261246e-6 5.251705312574285e-6 3.5562841664575936e-6 3.004636124367919e-6 
6.438645135708525e-7 1.1101634169847807e-6 1.3810672843871115e-6 4.250815265107855e-6 3.609203187700212e-6 2.958128009981958e-6 
5.19288566973754e-7 8.968950407338046e-7 1.0422879978943498e-6 3.2120167713524914e-6 3.898271403424317e-6 2.9417797368969127e-6 
4.0478231933560345e-7 6.890131130321276e-7 7.764031011273436e-7 3.0442476617145765e-6 2.966959450889155e-6 3.548276547230875e-6 
2.9744994629056573e-7 4.919507357231196e-7 5.630301718679508e-7 2.984761339892433e-6 2.9814902256441806e-6 3.243654952273446e-6 
1.9548386093305306e-7 3.116525822946563e-7 3.6960727594904033e-7 2.967146361020112e-6 2.9421822638030157e-6 3.045001368052566e-6 
9.691674327382857e-8 1.5113014873505428e-7 1.8244677417241125e-7 2.931931278565776e-6 2.9342378383774095e-6 2.9203166942140694e-6 
0.0 0.0 0.0 2.9225142997218676e-6 2.9396956419871675e-6 2.939601210054629e-6 
9.293751782397204e-8 9.299992256814144e-8 1.5944877928069606e-7 2.931233220170683e-6 2.930414204740283e-6 2.9267662307714304e-6 
1.8747372533331266e-7 1.8718440762664213e-7 3.26048913567186e-7 2.9579239440599887e-6 2.9463397183317548e-6 3.0264784225211582e-6 
2.854641847523543e-7 2.847845567247473e-7 5.008530938890317e-7 2.9608575943613824e-6 2.9516765765073132e-6 3.158104523917747e-6 
3.907677937973142e-7 3.8962917481770607e-7 6.967574150820598e-7 2.9442090671047586e-6 2.940667909694175e-6 3.2782966067478613e-6 
5.052705186457963e-7 5.04354452135787e-7 9.335047066288617e-7 2.9539980107985337e-6 2.9591223459763107e-6 3.6319517546096954e-6 
6.34809080064977e-7 6.341676049906787e-7 1.1920418748241949e-6 2.969479752334933e-6 2.975647387720555e-6 4.138867622490957e-6 
7.890259314467329e-7 7.88187902273124e-7 1.50039196928885e-6 3.015627546893962e-6 3.0200481192236883e-6 4.648809474633284e-6 
9.657954557403047e-7 9.658278965551245e-7 1.8031567010678955e-6 5.134675901229102e-6 3.0363001030513743e-6 3.042081383322683e-6 
1.1656623923535232e-6 1.1666143045456612e-6 2.085076937289857e-6 5.6242213699954655e-6 3.08183430577775e-6 3.084847247420704e-6 
1.3955182042046444e-6 1.396960190368815e-6 2.3338456405796598e-6 6.060142751098078e-6 3.1914499588559008e-6 3.1992422752479527e-6 
1.6324741715911568e-6 1.6341399694266537e-6 2.5020469257621744e-6 6.5299568753064875e-6 3.2512783661152873e-6 3.247598033665248e-6 
1.8729167535998162e-6 1.8728401966768458e-6 2.699279763796243e-6 7.137450397892728e-6 3.372854080224724e-6 3.3693921317716384e-6 
2.1214531284014603e-6 2.1195029091108707e-6 2.952826869882016e-6 7.76083205728345e-6 3.55289123550135e-6 3.553690931241354e-6 
2.369826408755113e-6 2.3642714910765036e-6 3.1447401598458207e-6 8.360396089683814e-6 3.6963611359000843e-6 3.701005478320796e-6 
2.5985912965574626e-6 2.589004946916022e-6 3.3270327237931137e-6 8.929120181113866e-6 3.818480382807233e-6 3.825321288199248e-6 
2.8230700093943778e-6 2.810731747341508e-6 3.5188132119355973e-6 9.400930297850617e-6 3.9805577106935054e-6 3.99312768810408e-6 
3.049668598908208e-6 3.0420864318691812e-6 3.719302737216628e-6 9.624982518249649e-6 4.0707854310665635e-6 4.078949399512079e-6 
3.2809073735312732e-6 3.2667491351615567e-6 3.959607704417171e-6 9.669106020598234e-6 4.1593138861853875e-6 4.159649198973438e-6 
3.5077418587377952e-6 3.4883837148849334e-6 4.230081962260727e-6 9.474306004839057e-6 4.243924072053068e-6 4.235801060840261e-6 
3.7196155188261736e-6 3.7057498332480047e-6 4.5038685263888065e-6 9.176448715894307e-6 4.2886148511636515e-6 4.2754893909713865e-6 
3.916350187940341e-6 3.899661368467961e-6 4.793680747513538e-6 8.875339769165115e-6 4.343885797127936e-6 4.3398785386942625e-6 
4.087643078268256e-6 4.074129402153636e-6 5.094023726518239e-6 8.569882006761423e-6 4.445041415967605e-6 4.4403497265927975e-6 
4.211767875481215e-6 4.188648083436313e-6 5.354517034806294e-6 8.306394568172322e-6 4.460616039028553e-6 4.456319295392667e-6 
4.277199126240301e-6 4.253675312932883e-6 5.538722854498559e-6 8.139043863992789e-6 4.461117803132872e-6 4.468253490274418e-6 
4.2966297971793474e-6 4.268519069563722e-6 5.591841873977964e-6 8.043711908223518e-6 4.455494665498269e-6 4.469575823681776e-6 

2.913016868001521e-6 2.353352835654789e-6 5.384937176175869e-6 7.415465368840058e-6 4.683736780284031e-6 5.778378665965578e-6 
2.7318753195179543e-6 2.096983095315056e-6 5.325300394759847e-6 7.833951853050236e-6 4.678571456687947e-6 5.938789614038928e-6 
2.555094074041454e-6 1.9183544288354104e-6 5.3041622802876045e-6 8.20641851312347e-6 4.655726461654641e-6 6.062052823471845e-6 
2.369663115484632e-6 1.813523377668927e-6 5.264163965594765e-6 8.217693395040954e-6 4.560430800332974e-6 6.151771035850008e-6 
2.17846213147009e-6 1.7595358293386642e-6 5.290248105971784e-6 8.024031947463846e-6 4.519745540545183e-6 6.131606441367812e-6 
1.9944285465202937e-6 1.7313169156125263e-6 5.277968515859139e-6 8.036400711960582e-6 4.532735003855604e-6 6.199173252116146e-6 
1.8139572855240016e-6 1.7121834736531712e-6 5.211218343519022e-6 7.970065848789734e-6 4.460287257671045e-6 6.036269134782184e-6 
1.651779651229663e-6 1.6836484589972404e-6 5.038820819197154e-6 7.905967470360973e-6 4.387590654073349e-6 5.916879840510671e-6 
1.5169458845500825e-6 1.6511647533323545e-6 4.813368695312668e-6 7.802541179358668e-6 4.357493562688913e-6 5.764701931582378e-6 
1.389157338194039e-6 1.601982332302453e-6 4.490645499828712e-6 7.630707634071919e-6 4.309128609768232e-6 5.4957795600426485e-6 
1.2654733779303798e-6 1.5094645029827478e-6 4.144903495160613e-6 7.3961483687473875e-6 4.216264382889683e-6 5.190218210414519e-6 
1.1484526121613296e-6 1.4340760718987503e-6 3.819243945778163e-6 7.237905082420879e-6 4.1234942374537485e-6 4.919364110045912e-6 
1.0363512934136532e-6 1.3524557481271527e-6 3.4954171917111767e-6 7.14872185254444e-6 4.005191538649008e-6 4.621839746664686e-6 
9.270982384868943e-7 1.2923538387420914e-6 3.155069064873129e-6 7.246388373129556e-6 3.884695098256796e-6 4.309161103338877e-6 
8.247904518219579e-7 1.2020806414639122e-6 2.793808955533282e-6 7.169316284087935e-6 3.7788254284872532e-6 4.020269718723655e-6 
7.312367434939698e-7 1.1132795505910362e-6 2.442895955521141e-6 7.02232928768272e-6 3.6514074305057942e-6 3.781702418675387e-6 
6.433312363532058e-7 1.042936898153707e-6 2.0906704899717235e-6 6.934316206611465e-6 3.519266131667286e-6 3.6148096571788373e-6 
5.5933391665827e-7 1.0029150761832298e-6 1.7550181418916667e-6 6.801536282971099e-6 3.484609732026869e-6 3.368344770878463e-6 
4.762033449144183e-7 9.845456303035148e-7 1.4723036813878725e-6 6.455597654475721e-6 3.456323757029066e-6 3.2346706514648357e-6 
3.976950833117777e-7 9.548182237501418e-7 1.2125393083584994e-6 5.466114734424324e-6 3.934328620464184e-6 3.1091522360108807e-6 
3.2029556926254246e-7 8.67410831219487e-7 9.614838556559226e-7 3.4291054090239655e-6 5.270021011738293e-6 2.9575890385315256e-6 
2.4639998341685014e-7 7.177439884768472e-7 7.187316940651272e-7 3.107566992804272e-6 2.81401616773222e-6 4.654254342635373e-6 
1.7765513927667578e-7 5.301870240244436e-7 4.985515478400929e-7 2.9124355965893814e-6 2.702031857935465e-6 3.88351095231299e-6 
1.1520341187459616e-7 3.3380712639437764e-7 3.137434275925627e-7 2.7389362524102832e-6 2.6428209569650976e-6 3.2629069542095222e-6 
5.6863102688212023e-8 1.5222880282699615e-7 1.5368708063744808e-7 2.686592393564926e-6 2.6441600374278497e-6 2.854684599496152e-6 
0.0 0.0 0.0 2.7770159710030945e-6 2.6608921154096595e-6 2.6589772070744863e-6 
7.138988784067667e-8 7.153697327983173e-8 1.4679528322802824e-7 2.6530847395311674e-6 2.6477222244496705e-6 2.854551161931584e-6 
1.4515354937195388e-7 1.4502280292741403e-7 3.095762702068472e-7 2.659341764916216e-6 2.6570021574706283e-6 3.140910542079393e-6 
2.2167474053023605e-7 2.213306922609777e-7 5.011597961619588e-7 2.6946284634172213e-6 2.6828008217965484e-6 3.621713276757626e-6 
2.999415013088497e-7 2.987800312155581e-7 7.279614685661249e-7 2.767465514237035e-6 2.767298671208122e-6 4.243687364590492e-6 
3.772560625281737e-7 3.7631838167080046e-7 9.42507516529894e-7 2.842754417740778e-6 2.844349509437687e-6 4.784604786518062e-6 
4.556798740453668e-7 4.5444341554746496e-7 1.1052319722175055e-6 2.8941287397292116e-6 2.898891594152703e-6 5.202997806398072e-6 
5.36225858323917e-7 5.343489018970917e-7 1.2532373307063056e-6 2.9606692858293327e-6 2.962592293114481e-6 5.612172238248005e-6 
6.188843593034828e-7 6.168148780684874e-7 1.3734811345557517e-6 5.960526072636489e-6 3.060538888596525e-6 3.0569409265648074e-6 
7.117736723240126e-7 7.100364208186559e-7 1.5041236179115959e-6 6.406009922162483e-6 3.203032884966868e-6 3.204648815924023e-6 
8.01412939962249e-7 8.017291269339275e-7 1.6276534469167012e-6 6.7862885068867674e-6 3.316068791873488e-6 3.316638912722393e-6 
8.889913664928982e-7 8.910873344592849e-7 1.7928904848575419e-6 7.117175723450082e-6 3.431161834826435e-6 3.4300819491315942e-6 
9.794884058996677e-7 9.836841566137903e-7 2.000442268570192e-6 7.421739062493364e-6 3.4911048159527843e-6 3.492485118341588e-6 
1.0693604795563319e-6 1.0767232460767e-6 2.195842812696706e-6 7.6277285046334365e-6 3.574604745929113e-6 3.58090930911853e-6 
1.1684006857359536e-6 1.1749025150847754e-6 2.4038643127723904e-6 7.734014650253688e-6 3.639466724529201e-6 3.6430003667569903e-6 
1.2830579233247715e-6 1.2879713329692384e-6 2.6501276513612556e-6 7.881364650097542e-6 3.7062593460301634e-6 3.7167044684605344e-6 
1.4124477377924708e-6 1.4137965975779697e-6 2.9052062792224687e-6 7.968314386584793e-6 3.8051107934606808e-6 3.822078893762157e-6 
1.555648348846756e-6 1.5535077224137134e-6 3.1433159693661413e-6 7.811038464206433e-6 3.87286580082073e-6 3.8934887732090985e-6 
1.6937216936662863e-6 1.6871830247166006e-6 3.3409710146919463e-6 7.424410934607501e-6 3.920099694187092e-6 3.940162422016957e-6 
1.8408152816026625e-6 1.8290201081019532e-6 3.515054930155513e-6 7.00142026995428e-6 3.934243355206345e-6 3.956175265245504e-6 
1.9923504801470815e-6 1.9769593491271847e-6 3.7440182570246462e-6 6.70200666798433e-6 3.965151700138049e-6 3.967630559235227e-6 
2.1328126703511927e-6 2.1166672169632176e-6 4.021298376617416e-6 6.485461982067151e-6 3.989383639843763e-6 3.989556203967997e-6 
2.245703240185472e-6 2.2303872408142436e-6 4.316700985832726e-6 6.162136872900101e-6 4.013342155358961e-6 4.019486906762157e-6 
2.328560064620653e-6 2.311155944644327e-6 4.683631194868647e-6 5.7625476950283606e-6 3.9872201839318326e-6 3.982514461181597e-6 
2.372087374255167e-6 2.3535060412912364e-6 5.022352696274566e-6 5.4152244797675345e-6 3.9794152367343015e-6 3.9701013990411565e-6 
2.3854226165491666e-6 2.366040188473183e-6 5.162086592570872e-6 5.203416322365101e-6 3.991452838534675e-6 3.980017615138543e-6 

8.975512341141826e-7 1.1053150330087342e-6 4.619671569415927e-6 6.284930587767829e-6 5.460703688801184e-6 6.531574226936344e-6 
8.354527592313936e-7 8.68582797418338e-7 4.791197043091292e-6 6.986994098624091e-6 5.48459250776528e-6 6.863848209291656e-6 
7.698684586945075e-7 6.757737758602245e-7 4.930359207166177e-6 7.665915164772592e-6 5.4650242965470395e-6 7.1463704644929455e-6 
7.03709391323182e-7 5.396674158373532e-7 5.025383600764135e-6 8.37102140018673e-6 5.507634324120388e-6 7.433474215785663e-6 
6.370612465659032e-7 4.954278277490012e-7 5.076403119913595e-6 8.900172896421583e-6 5.577651083381114e-6 7.600992129778623e-6 
5.669405669281187e-7 5.151198398900401e-7 4.923174709069966e-6 9.111574801153123e-6 5.562125842279118e-6 7.671026756044557e-6 
4.943631555783525e-7 5.613096105515755e-7 4.641116025408302e-6 8.981607280790519e-6 5.576109712537095e-6 7.577015176448045e-6 
4.2002080922205344e-7 6.02324803271015e-7 4.305578277099852e-6 8.584974439128687e-6 5.584514464529041e-6 7.318893631281305e-6 
3.532002679353999e-7 6.19778656525042e-7 3.981685547585449e-6 8.123836665717691e-6 5.560290468751227e-6 7.02546651211884e-6 
2.920248130027547e-7 6.242861157233229e-7 3.6517692956436053e-6 7.643295776935477e-6 5.452203263405952e-6 6.616762886907978e-6 
2.4349903121632884e-7 6.056761021676294e-7 3.348492958676846e-6 7.1953116152062574e-6 5.391023332586191e-6 6.212770185702515e-6 
2.029472058192513e-7 5.759330259886864e-7 3.0162633291234e-6 6.885744083841794e-6 5.34601823270057e-6 5.834058866209261e-6 
1.6814638032076672e-7 5.531204731633576e-7 2.680147089657886e-6 6.663818868246638e-6 5.2977390257611376e-6 5.447120879743212e-6 
1.4103300716850605e-7 5.280849189987989e-7 2.3275749872782016e-6 6.520139724232699e-6 5.262099373524568e-6 5.1084449711933495e-6 
1.1949448201930277e-7 5.323992203753358e-7 1.974316715203429e-6 6.489745923145298e-6 5.2527143211374085e-6 4.839926280644594e-6 
1.0156656159144038e-7 5.569311291767428e-7 1.6882776660538502e-6 6.589202080376059e-6 5.239876064014761e-6 4.598207032982165e-6 
8.646011572949248e-8 5.744635798627275e-7 1.4740296897712438e-6 6.488861490632752e-6 5.220048248289776e-6 4.45314068787944e-6 
7.419305283915395e-8 5.678619778863202e-7 1.3066600105741282e-6 6.153738255770755e-6 4.333541249141123e-6 5.183376237819208e-6 
6.576676942485085e-8 5.666818112799337e-7 1.18560722992998e-6 5.92904579087624e-6 4.323332359088178e-6 5.1867181315682546e-6 
5.864312881270851e-8 5.859250831625383e-7 1.0976984650457353e-6 5.5983214966290646e-6 4.6686967766077055e-6 5.197482188792126e-6 
5.2403228896835437e-8 5.956615510005744e-7 9.951839363901213e-7 4.520875330614195e-6 5.7492131701939156e-6 5.203676676060948e-6 
4.6294306633574585e-8 5.974280877719563e-7 8.734001594715167e-7 4.5955696674636445e-6 5.294325415824329e-6 5.802417835131669e-6 
3.7971486201578204e-8 5.699981026164256e-7 7.181737769841952e-7 4.914984638955382e-6 5.423727423423282e-6 5.75959575861694e-6 
2.6364781831358557e-8 4.740635571747707e-7 5.126781746570738e-7 5.300136098328305e-6 5.5209397079941694e-6 5.656901570532569e-6 
1.3089169728467024e-8 2.849869903435208e-7 2.634329881226306e-7 5.555372178309461e-6 5.584030237154995e-6 5.656870791063127e-6 
0.0 0.0 0.0 5.733988315762382e-6 5.615138707982222e-6 5.6399605938763995e-6 
9.695692380113216e-8 9.650249743077777e-8 2.657782241900723e-7 5.568939407731982e-6 5.5971717711813774e-6 5.6849827146148015e-6 
1.822085900264363e-7 1.8199439366933433e-7 4.900367972469491e-7 5.5118224662731e-6 5.544466510682474e-6 5.597293415003699e-6 
2.523898314720161e-7 2.5285796908798464e-7 6.531307413776388e-7 5.449163081205084e-6 5.490867264086801e-6 5.54733167815516e-6 
3.0687896379085757e-7 3.0778837695202423e-7 7.55699256566077e-7 5.392222302702657e-6 5.428460347438579e-6 5.567329429212103e-6 
3.458908455101648e-7 3.4800894519041797e-7 8.259487680036812e-7 5.372930717605092e-6 5.395448113770742e-6 5.670646116856951e-6 
3.739973588545664e-7 3.754998595515243e-7 8.878599975537633e-7 5.357918540784931e-6 5.391597522675317e-6 5.799272709275153e-6 
3.8760534621168843e-7 3.8920594598069907e-7 9.735569383292577e-7 5.312290958513286e-6 5.326035952020763e-6 6.032833130603973e-6 
3.9203404801926626e-7 3.93303147922152e-7 1.063473176444856e-6 6.2238493920665015e-6 5.234997919343269e-6 5.262553463868673e-6 
3.880618231521706e-7 3.8940326892871745e-7 1.1507883377670336e-6 6.336835306608042e-6 5.156406167448231e-6 5.1653958855558475e-6 
3.797958215402981e-7 3.798476930700999e-7 1.2656726781788976e-6 6.4193573061288284e-6 5.069563388172938e-6 5.087544339990376e-6 
3.751787540656777e-7 3.749909638506453e-7 1.4344796910672348e-6 6.601967479401709e-6 5.023655613783337e-6 5.033702089891597e-6 
3.7209110087371275e-7 3.726777533162692e-7 1.594478888682136e-6 6.628285710656309e-6 4.953449067978681e-6 4.96144217078913e-6 
3.6388744667329454e-7 3.647864011821394e-7 1.7044961919704075e-6 6.507068304243574e-6 4.911492149257207e-6 4.909061215862356e-6 
3.594147150332715e-7 3.632828435288367e-7 1.790134121801907e-6 6.1483565944805525e-6 4.823990507091636e-6 4.823169663811035e-6 
3.6792292913370316e-7 3.7336990109463166e-7 1.8901854119921592e-6 5.759960865257124e-6 4.768069961018234e-6 4.760325359589032e-6 
3.798100269434227e-7 3.890323712460552e-7 1.9697270011054623e-6 5.3155093577945086e-6 4.752076437540443e-6 4.74839859083821e-6 
3.980560546838846e-7 4.1087267434833085e-7 2.047147758108603e-6 5.0065369049719045e-6 4.692232026102573e-6 4.686666156928857e-6 
4.22478468890866e-7 4.3713034616179026e-7 2.1469431231028298e-6 4.820657491654847e-6 4.653918377122882e-6 4.647596374930245e-6 
4.534724222311749e-7 4.6952046367303806e-7 2.3222275512559074e-6 4.705273938111372e-6 4.619790522151726e-6 4.618311079714624e-6 
4.839774295961074e-7 5.065651599806308e-7 2.5370564767018226e-6 4.4705796496633405e-6 4.608597611888359e-6 4.599626918832474e-6 
5.134356166960083e-7 5.369183961853827e-7 2.7676271432813008e-6 4.265421605411233e-6 4.585497312641509e-6 4.582968916148138e-6 
5.404158499287648e-7 5.625654084337163e-7 2.966647994923401e-6 4.0158664958861626e-6 4.587549014863881e-6 4.574810330401432e-6 
5.687462429489367e-7 5.877946108555028e-7 3.1389636630903496e-6 3.883774213501102e-6 4.571419143935922e-6 4.559046375239024e-6 
5.882280503955979e-7 6.089023770462404e-7 3.2541113975229006e-6 3.7144656316241906e-6 4.525298648025014e-6 4.513821845512462e-6 
5.96933899926526e-7 6.167432108066366e-7 3.3243762685525973e-6 3.6680415960924693e-6 4.527564247810322e-6 4.5239543703233435e-6 

4.898595225246121e-7 6.352734340598556e-7 4.6441985074843285e-6 5.7444138421627155e-6 7.836615603982125e-6 9.10585891617265e-6 
4.534503567579714e-7 4.967779024083051e-7 4.7454792681200215e-6 5.897542372503778e-6 7.848355754153944e-6 9.329737946907201e-6 
4.2059991196198574e-7 3.980979924171234e-7 4.881783273493519e-6 6.05733168769528e-6 8.056555608570516e-6 9.491010334774489e-6 
3.8625597215398256e-7 3.336655281696629e-7 4.790358200008264e-6 6.034084338807478e-6 8.042320440814613e-6 9.428698634825207e-6 
3.5238087876744477e-7 3.2161979373250656e-7 4.612443025175313e-6 6.155853196594428e-6 8.008877000555866e-6 9.328040621677125e-6 
3.172727382403818e-7 3.42942437002936e-7 4.387761573009999e-6 6.2901159158267545e-6 7.998959812326848e-6 9.149302722973235e-6 
2.816429929076767e-7 3.726338133784756e-7 4.164377406333406e-6 6.625748956970223e-6 8.013888197546378e-6 8.996830237550003e-6 
2.46555416034962e-7 4.2567351634620425e-7 3.933665231288e-6 7.1033296421955765e-6 7.86537864668732e-6 8.865436806272902e-6 
2.1586681617964495e-7 4.820309039954888e-7 3.6660003989264115e-6 7.492673566888511e-6 7.764668517773454e-6 8.702228620578163e-6 
1.8790780539358182e-7 5.317552611360661e-7 3.351579423916857e-6 7.873380134324408e-6 7.748078730830741e-6 8.519526129473168e-6 
1.6249102670319371e-7 5.704247875683851e-7 3.0076332864060033e-6 8.029403726997184e-6 7.777088207437077e-6 8.296989320686945e-6 
1.3947659502452768e-7 5.926354523394261e-7 2.655092575064376e-6 7.987133398445827e-6 7.716874155452185e-6 8.058770752983736e-6 
1.1883393000601337e-7 5.981698861453319e-7 2.3071123538100897e-6 7.696349832893437e-6 7.554708983568884e-6 7.798852054667413e-6 
1.015619742600049e-7 5.906703814724267e-7 2.0123789841577637e-6 7.2885769482182006e-6 7.399069699360228e-6 7.525747134563271e-6 
8.820821886732053e-8 5.873557329500664e-7 1.7977359689881698e-6 6.95501961408206e-6 7.279054924738538e-6 7.320016595770549e-6 
7.749811574394719e-8 5.875932768561644e-7 1.6257408109649444e-6 6.63993135418724e-6 7.26479060352629e-6 7.109061591851353e-6 
6.887724471955691e-8 6.064156305533826e-7 1.4745402575693843e-6 6.509966671630514e-6 7.284533562653313e-6 6.971578213116159e-6 
6.27594062403718e-8 6.582965542593598e-7 1.3688572277083132e-6 6.525725404358186e-6 6.918330836040048e-6 7.3930131853906085e-6 
5.68468123859172e-8 7.115394660762913e-7 1.2780865673204406e-6 6.492495062846906e-6 6.977599654084718e-6 7.461153829285297e-6 
5.00114824711329e-8 7.580888663694236e-7 1.1796131278669348e-6 6.463157958361983e-6 6.871195041934957e-6 7.392535951629107e-6 
4.217377939161768e-8 7.867017386718789e-7 1.0649680961352854e-6 7.0352731588065656e-6 6.095044758202522e-6 7.1750692848308335e-6 
3.388968561475325e-8 8.156382680174884e-7 9.298298316215681e-7 7.004244541686351e-6 6.908813353396371e-6 6.066787682023767e-6 
2.6236571286239542e-8 7.42983045689785e-7 7.378792823040899e-7 6.782396899022474e-6 6.630409027125081e-6 6.2231179455098545e-6 
1.8664668967621625e-8 5.276596000540027e-7 5.184497704003149e-7 6.522195975305295e-6 6.442166658704824e-6 6.2708488814087755e-6 
1.0087607337182167e-8 2.64354891347355e-7 2.7141386822238243e-7 6.348790906961674e-6 6.340210669471097e-6 6.2675562962726605e-6 
0.0 0.0 0.0 6.2447660549892725e-6 6.3398036837437785e-6 6.323424260855996e-6 
8.653911620244309e-8 8.668560656578834e-8 2.67986650303716e-7 6.35308764161968e-6 6.338836562073064e-6 6.265850156058033e-6 
1.7190247369957528e-7 1.7183229422208503e-7 5.175313442782424e-7 6.427298169666758e-6 6.4158942537245e-6 6.239218679655932e-6 
2.536706009194798e-7 2.5311068462613884e-7 7.473601410756763e-7 6.531310863058027e-6 6.526386186927818e-6 6.282247608862342e-6 
3.263700023893123e-7 3.2575748279223717e-7 9.303441441370559e-7 6.670209413459694e-6 6.6895091286634124e-6 6.276169732667537e-6 
3.781989031456487e-7 3.7841979402927146e-7 1.0492650911278998e-6 6.763876242615206e-6 6.768471860942351e-6 6.231485841376034e-6 
4.0397380231487207e-7 4.0426685735103686e-7 1.1162047071423177e-6 6.782490760293351e-6 6.796435364775419e-6 6.120331396718483e-6 
4.020762651970385e-7 4.025434393796117e-7 1.1511809705230141e-6 6.714434128183197e-6 6.720470743473966e-6 6.031202366028751e-6 
3.9210838940484164e-7 3.9249583531456573e-7 1.2019734543862203e-6 6.04391509119989e-6 6.631093118835874e-6 6.630783159052408e-6 
3.868675251495986e-7 3.873048180604606e-7 1.3077607734049452e-6 6.181891458358714e-6 6.6777209742217055e-6 6.683049649754526e-6 
3.8240816522559495e-7 3.832271585250973e-7 1.4510341589077175e-6 6.251133839233786e-6 6.7401355220756874e-6 6.743432185006282e-6 
3.789527645587839e-7 3.795434208219872e-7 1.574147506593536e-6 6.1591097939887825e-6 6.774465081009228e-6 6.7851077488853944e-6 
3.699673497452984e-7 3.7017924119191416e-7 1.6317960372683645e-6 5.797039531997567e-6 6.752415742951268e-6 6.756725967857117e-6 
3.647134697725437e-7 3.650750922046198e-7 1.7169204244414115e-6 5.570329794502589e-6 6.750599911801944e-6 6.7560388360162995e-6 
3.639291335930036e-7 3.646208244729738e-7 1.8494358191167633e-6 5.404725094025032e-6 6.768560132852226e-6 6.77312712927947e-6 
3.6423749003052213e-7 3.6477133054635114e-7 1.9813223511761336e-6 5.305937321310065e-6 6.7743122608033876e-6 6.788921982226713e-6 
3.5806045888291817e-7 3.5897779153588136e-7 2.052680189310088e-6 5.0645456038473835e-6 6.79455259297336e-6 6.80958342785483e-6 
3.5612099447674645e-7 3.560925851489159e-7 2.116786510357142e-6 4.92926518621821e-6 6.782648880248272e-6 6.789029255690782e-6 
3.616525757182798e-7 3.6231062272590644e-7 2.2249298985841833e-6 4.813598530567441e-6 6.799656278602948e-6 6.797103118038952e-6 
3.713588057878965e-7 3.733733701776723e-7 2.3451880874310814e-6 4.71942650958697e-6 6.847008104506415e-6 6.839207641904906e-6 
3.789845496577642e-7 3.7965567982147944e-7 2.3846679950747844e-6 4.559959733216567e-6 6.830729642802434e-6 6.818694031488905e-6 
3.800718200910371e-7 3.8068936299101374e-7 2.3916769106349005e-6 4.406380345285209e-6 6.773531175462738e-6 6.770391985512201e-6 
3.843192708695997e-7 3.879904015086357e-7 2.387883435095524e-6 4.27381676287936e-6 6.774042338044641e-6 6.765961112561855e-6 
3.885628283836071e-7 3.922276988714166e-7 2.382525206567109e-6 4.217239217489172e-6 6.744861036532476e-6 6.730398709075797e-6 
3.964022679938398e-7 4.012595520247245e-7 2.391688100754054e-6 4.248858246387187e-6 6.763428849682102e-6 6.7529050072664726e-6 
4.035684261028528e-7 4.1095389726122026e-7 2.405545986013899e-6 4.352542661431081e-6 6.803377129284156e-6 6.796071654152728e-6 

7.60250500911449e-7 6.780199872809567e-7 5.657326470512008e-6 4.680191931142466e-6 1.1306837035654415e-5 1.1512469322552747e-5 
6.988357991498911e-7 5.769229660361457e-7 5.886517582935905e-6 4.8453596382331955e-6 1.1681081476313283e-5 1.1951602280144377e-5 
6.386240396347834e-7 5.09428441135093e-7 5.9018748209122375e-6 5.026146166440697e-6 1.1921608403109474e-5 1.2053656024784608e-5 
5.762949962635169e-7 4.80618179028147e-7 5.603983084234996e-6 5.2441564057874745e-6 1.184257212390415e-5 1.184645265259546e-5 
5.211800439877967e-7 4.7272057301395114e-7 5.183628966366167e-6 5.511817095781724e-6 1.1886223215102703e-5 1.1605376912130375e-5 
4.640888958500015e-7 4.98575388262456e-7 4.69226193101036e-6 5.770250712935857e-6 1.175414201095817e-5 1.1435569284936225e-5 
4.085629748856165e-7 5.319638790764658e-7 4.189732410737637e-6 5.940805256050207e-6 1.1570029613262637e-5 1.1306373230635044e-5 
3.569265938527522e-7 5.752190073274e-7 3.7621164687119477e-6 6.1414654815443246e-6 1.1513761540200063e-5 1.120978602817601e-5 
3.1061878084213173e-7 6.232888950968983e-7 3.4360939546520963e-6 6.46934906533211e-6 1.165501908252618e-5 1.1126005579709451e-5 
2.684774477716182e-7 6.654352157681853e-7 3.1391747751986665e-6 6.844889576223204e-6 1.1645303756935028e-5 1.1132932115984615e-5 
2.3259270486429165e-7 7.249430293331887e-7 2.851604920929834e-6 7.282725815587142e-6 1.1487137403912428e-5 1.1155821568300234e-5 
2.022853976058689e-7 7.674238283746953e-7 2.6262298521135306e-6 7.601662461258277e-6 1.133101945132847e-5 1.109625291351618e-5 
1.7646467407686593e-7 8.310526014744059e-7 2.431594699345914e-6 8.02451860532279e-6 1.1229028351348693e-5 1.1105246690284373e-5 
1.547275639961817e-7 8.837099804053829e-7 2.2231164784943884e-6 8.22482064773967e-6 1.1127059615105802e-5 1.0982242598414528e-5 
1.3671998328051964e-7 9.607462969226418e-7 2.040041988273211e-6 8.336361027206006e-6 1.0975794380685412e-5 1.082895743357614e-5 
1.2040845926988537e-7 1.034951136690345e-6 1.9008179143713901e-6 8.277678107392214e-6 1.0744564468895195e-5 1.0748140863438423e-5 
1.0423263568037525e-7 1.1079297714887974e-6 1.7999712636357683e-6 8.200326230378247e-6 1.037151806697235e-5 1.0563398861607268e-5 
8.863761098837918e-8 1.1697191469634724e-6 1.6766900090580402e-6 8.0919463976689e-6 1.0334644275077605e-5 9.96395451734889e-6 
7.419623012915614e-8 1.2788972029597194e-6 1.5328736662405406e-6 8.180724034959896e-6 1.0021419433018383e-5 9.581454625384085e-6 
6.161461454115172e-8 1.3531395267325232e-6 1.3777778256336015e-6 8.63874548054155e-6 9.364186236841133e-6 9.34147224494702e-6 
5.131795844872011e-8 1.231947463733955e-6 1.2109159186208758e-6 9.366789428887392e-6 8.544917559111785e-6 9.200649871326742e-6 
4.091672013191808e-8 9.494117594095075e-7 1.0347126176746689e-6 9.220056730907139e-6 9.155448218798212e-6 8.638540907677396e-6 
3.016456770886147e-8 6.671143954415037e-7 8.139576894516745e-7 9.052426523252214e-6 9.122375246904418e-6 8.731632085172518e-6 
1.9433572203137416e-8 4.239494932869132e-7 5.601628653742008e-7 9.017060549787188e-6 9.018256375087149e-6 8.815670164900063e-6 
9.45924439973525e-9 2.058501333385067e-7 2.8043146349356286e-7 8.93773665934584e-6 8.928234833300902e-6 8.816513821350686e-6 
0.0 0.0 0.0 8.814117295495427e-6 8.964224063969506e-6 8.940498532104998e-6 
6.810285028697481e-8 6.82199347046511e-8 2.6717767450217324e-7 8.93549492124007e-6 8.92221760220163e-6 8.809735904568487e-6 
1.3456208311382343e-7 1.3449615732170087e-7 5.388607336137762e-7 8.962664227161539e-6 8.960262924186426e-6 8.745371938435146e-6 
1.9728113564934066e-7 1.9698493817721142e-7 7.964126520903188e-7 8.990127113572798e-6 8.992335575850929e-6 8.679510617648205e-6 
2.545386537879255e-7 2.545262556829019e-7 1.0313272928223018e-6 8.996228291947507e-6 8.999770585369724e-6 8.516790249052132e-6 
3.106749245684042e-7 3.097772354029876e-7 1.2489190114070106e-6 9.148502939834478e-6 9.133394289705654e-6 8.41433827783324e-6 
3.701981347048294e-7 3.6900540973150476e-7 1.4554167404973341e-6 9.36005465104999e-6 9.33994885896804e-6 8.42899159302669e-6 
4.321341061771934e-7 4.317597005218884e-7 1.626223684091971e-6 9.6412861073626e-6 9.63006975148248e-6 8.320236566874317e-6 
4.914179716577444e-7 4.91116930106684e-7 1.760720137017347e-6 8.0591018417337e-6 9.95701337360417e-6 9.96254147000312e-6 
5.228162105065766e-7 5.228659100030693e-7 1.822954868818686e-6 7.686521387505999e-6 1.0165112095585196e-5 1.0153101517070938e-5 
5.249917905323025e-7 5.239836791040647e-7 1.8305477107945001e-6 7.398921700126727e-6 1.022994696017113e-5 1.0236399150536884e-5 
5.106993064807989e-7 5.102553807147679e-7 1.8685534506482196e-6 7.278075209643672e-6 1.0237395819320487e-5 1.0243024493621952e-5 
4.971402723837483e-7 4.960838300235623e-7 1.9341967407016923e-6 7.005723245618782e-6 1.0249342100866533e-5 1.026122368716719e-5 
4.912949438029127e-7 4.908016425702176e-7 2.035045867442683e-6 6.741746846522095e-6 1.0326320710763469e-5 1.0332487729784566e-5 
4.899266284836843e-7 4.897528158895881e-7 2.1414424414634935e-6 6.53997345442165e-6 1.0387173754339683e-5 1.0395720340312957e-5 
4.918616201156238e-7 4.916468147514012e-7 2.23270408211378e-6 6.414930996045567e-6 1.0415674278832763e-5 1.040776239166226e-5 
5.035640207435225e-7 5.038041688448999e-7 2.3554766603940386e-6 6.2857231894674054e-6 1.0527357732988176e-5 1.0524571738758355e-5 
5.22663870538928e-7 5.234784811505753e-7 2.4822855060221275e-6 6.126334995150798e-6 1.059732027182447e-5 1.0594255329786667e-5 
5.409574457555884e-7 5.423425539306421e-7 2.581096788805658e-6 5.926335594943468e-6 1.0662530426920926e-5 1.0649787730072504e-5 
5.644213950539612e-7 5.657231869424889e-7 2.622836829274334e-6 5.780896151342237e-6 1.0691440448422036e-5 1.0688585228548563e-5 
5.926792913832027e-7 5.931834613032171e-7 2.6295641257594828e-6 5.703184018446295e-6 1.0781349806628158e-5 1.0761469351709671e-5 
6.184642035005983e-7 6.19072717974144e-7 2.6234995026634255e-6 5.603711613259897e-6 1.085462612810983e-5 1.0827605960722729e-5 
6.358298423245986e-7 6.361430425288523e-7 2.6064545822419636e-6 5.567345096765604e-6 1.0846197902564828e-5 1.0848437183657775e-5 
6.485484751561998e-7 6.490422651869372e-7 2.5202617563970323e-6 5.660662275306444e-6 1.0862511603114164e-5 1.0855380603493248e-5 
6.564794065372774e-7 6.566820849718229e-7 2.372236454235627e-6 5.788315444416478e-6 1.0909620658818494e-5 1.0910651513807517e-5 
6.597148192696711e-7 6.602755080599541e-7 2.2848509962453957e-6 5.90441877472546e-6 1.0945708908030147e-5 1.093910271012519e-5 

1.2694643965869713e-6 1.0877521585024818e-6 6.3549716167462645e-6 5.494857262866891e-6 1.655132634594778e-5 1.688899396622565e-5 
1.1590530600117147e-6 9.585176012874834e-7 5.7720939497471366e-6 5.822957676914155e-6 1.6817311960579824e-5 1.6432432608870196e-5 
1.0522518056079762e-6 8.581803511592354e-7 5.298859921943953e-6 6.042703815512239e-6 1.7024381544577445e-5 1.601635186279464e-5 
9.472196203843939e-7 8.28412264039668e-7 4.9736926250443584e-6 6.372877352271838e-6 1.7406946368379857e-5 1.5902025011868588e-5 
8.510444206108609e-7 8.338104436750487e-7 4.76690035460095e-6 6.719731486454133e-6 1.7897527496736875e-5 1.600397786333469e-5 
7.59469330537538e-7 8.732956175616998e-7 4.608378131899881e-6 7.012169579686721e-6 1.8206867329173886e-5 1.622893900859011e-5 
6.751190807111077e-7 9.455658655133804e-7 4.410568720583136e-6 7.401915260413013e-6 1.863674419738212e-5 1.6375385562803108e-5 
5.949272109209744e-7 1.0208769169342923e-6 4.195276416848759e-6 7.802636382364207e-6 1.8818045061782673e-5 1.647839674416754e-5 
5.244049438258817e-7 1.1193589276336215e-6 3.9390073848636445e-6 8.232638610830143e-6 1.8760756787839234e-5 1.6654781464850113e-5 
4.5922076229222135e-7 1.200697292452273e-6 3.6144196225188127e-6 8.528868746567211e-6 1.8373521376625953e-5 1.671769840039999e-5 
4.0222729246082324e-7 1.3009379372453403e-6 3.3395131028137287e-6 8.932486655576416e-6 1.8021059131253614e-5 1.6765023043724148e-5 
3.5539902918016194e-7 1.4118837699578374e-6 3.1305895585169376e-6 9.448492607972158e-6 1.7868904591021286e-5 1.6945315906066017e-5 
3.133462227828061e-7 1.5386846002090151e-6 3.0008397145442343e-6 9.99543459353995e-6 1.7684202799173405e-5 1.7088120011808837e-5 
2.737190537719069e-7 1.6735483429411849e-6 2.867182341053599e-6 1.0651354853091894e-5 1.741100301354039e-5 1.7233317573559558e-5 
2.3837205043124444e-7 1.815717810473402e-6 2.7230022589977624e-6 1.1271863469873415e-5 1.7062088553895923e-5 1.744250361180756e-5 
2.0610109994022639e-7 2.0307570073051602e-6 2.569480228066633e-6 1.1974481618673725e-5 1.6793002965843815e-5 1.7549138983626092e-5 
1.762742910125941e-7 2.237973328840652e-6 2.407607287354008e-6 1.2625567025157532e-5 1.6614015971357907e-5 1.7394262422650572e-5 
1.4857282779145885e-7 2.205769525258381e-6 2.227522400253056e-6 1.3249034193415804e-5 1.720010624442761e-5 1.6501793578659837e-5 
1.2324386425113396e-7 1.8929201481121253e-6 2.046779141847656e-6 1.3858536715790472e-5 1.7010350788246745e-5 1.6468599134823922e-5 
9.949370011723407e-8 1.5374697155962797e-6 1.8238477714538447e-6 1.4973858735152445e-5 1.6416240457871303e-5 1.6467469952783198e-5 
7.782432804410144e-8 1.2372933573670456e-6 1.5389128931014858e-6 1.673837740784705e-5 1.4994857374336052e-5 1.6310008403290746e-5 
5.893843428131772e-8 9.781162450368533e-7 1.2680559346583987e-6 1.7056962272192227e-5 1.6132736500393954e-5 1.519192323272802e-5 
4.1964710535594026e-8 7.375307795347208e-7 9.694115194226207e-7 1.694747938746842e-5 1.6224034623515588e-5 1.5588477322187683e-5 
2.6968087062190054e-8 4.971915962600911e-7 6.554974297625214e-7 1.6584665890202556e-5 1.6574181136542737e-5 1.6184934697782453e-5 
1.3408606783862191e-8 2.5512642430051626e-7 3.628048463322459e-7 1.6839643492270407e-5 1.6966612685108184e-5 1.6872016462488565e-5 
0.0 0.0 0.0 1.7220086271619688e-5 1.7246556696279082e-5 1.7191271238334925e-5 
8.613424565513659e-8 8.64450591821699e-8 3.481058265691523e-7 1.7008230964122445e-5 1.6986821112106422e-5 1.692669898913785e-5 
1.65866270412262e-7 1.6623000906527949e-7 6.3948816396022e-7 1.6836394362117888e-5 1.6814445452471678e-5 1.644351109434669e-5 
2.3657301531835764e-7 2.36803359972988e-7 9.330939085786607e-7 1.674048303482603e-5 1.6714703313422305e-5 1.61618583101839e-5 
2.984873241180241e-7 2.98909400704554e-7 1.3103459637122219e-6 1.6871132143332065e-5 1.6861864041171622e-5 1.606992183895988e-5 
3.503875630263631e-7 3.50381810670969e-7 1.6780383211108e-6 1.6962568321294533e-5 1.6966779044286522e-5 1.578464927783432e-5 
3.8620035149091865e-7 3.865130252311554e-7 1.9692790657316617e-6 1.6858056414872713e-5 1.6854002057244577e-5 1.5136488441674473e-5 
4.157268231685976e-7 4.1546714889405495e-7 2.193538916741818e-6 1.675192557133988e-5 1.675916185044259e-5 1.4538196202013678e-5 
4.4768587912450753e-7 4.474238592390326e-7 2.3941597244942678e-6 1.4035342788401988e-5 1.673914580996461e-5 1.673438348917711e-5 
4.832320856691747e-7 4.818616514116341e-7 2.58468609921664e-6 1.3599782263130157e-5 1.674678689063898e-5 1.6745142746029342e-5 
5.379289811348416e-7 5.359684843116576e-7 2.756349951800533e-6 1.3030614362008948e-5 1.699123604636263e-5 1.6968826220001108e-5 
6.077221517279526e-7 6.067779854662243e-7 2.9049805042626003e-6 1.2503066433748963e-5 1.7309102995565147e-5 1.7304115009368395e-5 
6.759391185959198e-7 6.760203034785513e-7 3.031117649999752e-6 1.2155884689720841e-5 1.7531034879210704e-5 1.752792976987969e-5 
7.269107344747546e-7 7.276763757265043e-7 3.153317494576721e-6 1.1930267972566479e-5 1.7792109618712374e-5 1.779897665076163e-5 
7.486718070944289e-7 7.484992181978469e-7 3.212012031666723e-6 1.1589813522508937e-5 1.7871619661000343e-5 1.788175205813485e-5 
7.610491160450023e-7 7.600889188929545e-7 3.29508971592682e-6 1.1057896642091164e-5 1.7712694707888708e-5 1.7702019550813823e-5 
7.790277877045833e-7 7.786612306658023e-7 3.3518274174332998e-6 1.0609140994792979e-5 1.750212865385576e-5 1.75050177439631e-5 
8.131057796511923e-7 8.132757772835211e-7 3.4188702254971205e-6 1.0283031301285008e-5 1.7415438711986798e-5 1.7420197822930816e-5 
8.588571764713983e-7 8.55769062352181e-7 3.4865798341166624e-6 9.943091798122087e-6 1.733911542139116e-5 1.7343268820552193e-5 
9.113501871130013e-7 9.080566263197246e-7 3.520152352708461e-6 9.508191589115142e-6 1.7243113117880454e-5 1.722506946903437e-5 
9.667519206569078e-7 9.630533907362142e-7 3.5816683177493096e-6 9.258464149511216e-6 1.7128482502066292e-5 1.7134950759190953e-5 
1.0314245529891828e-6 1.0276137144259988e-6 3.5889207718868487e-6 9.1464691345139e-6 1.7054088684366453e-5 1.704529117748431e-5 
1.08756730923236e-6 1.0853932537043104e-6 3.498112145509293e-6 9.089974455995425e-6 1.6972003666836504e-5 1.6951443505607145e-5 
1.1252398140983808e-6 1.122900020295426e-6 3.239490890356471e-6 9.1590715809088e-6 1.6913843740251212e-5 1.6883747729656394e-5 
1.150935756253842e-6 1.1486128966569355e-6 2.851868660509197e-6 9.417368006978714e-6 1.6856013449917764e-5 1.6862216732826407e-5 
1.1654860422004028e-6 1.163757737042644e-6 2.6189104583895814e-6 9.633206757753592e-6 1.680948955218515e-5 1.682921582383477e-5 

2.4281238096986827e-6 2.011713020551528e-6 5.414225085962496e-6 7.2742276583916264e-6 2.5670243604900737e-5 2.1963700705565216e-5 
2.2672215702875086e-6 1.8498695732866515e-6 5.1394598534626854e-6 7.829815110063168e-6 2.5826198312235035e-5 2.1452964333392423e-5 
2.1091988871142833e-6 1.7517361819756153e-6 4.959529416966598e-6 8.44656428315717e-6 2.5943318204750742e-5 2.1144923505252342e-5 
1.942584216988898e-6 1.7306808942638564e-6 4.841778958385651e-6 9.115326048302838e-6 2.608226898248818e-5 2.1216781627512414e-5 
1.782531303019271e-6 1.7821190443767498e-6 4.734058268522528e-6 9.769927801353953e-6 2.614374849225459e-5 2.1372361370386368e-5 
1.6094559810837579e-6 1.886553868119235e-6 4.651717904295649e-6 1.0408941805358738e-5 2.636369274182238e-5 2.1681015898351857e-5 
1.44407410443611e-6 2.0320790269799993e-6 4.592485049817019e-6 1.1121674966802945e-5 2.6666570612162377e-5 2.2155205050529945e-5 
1.2789769644297147e-6 2.1851186273045447e-6 4.520307074422983e-6 1.1846134680815577e-5 2.6771510241994186e-5 2.277227568748567e-5 
1.123830817252513e-6 2.343388586223456e-6 4.45860343002765e-6 1.2603769629889024e-5 2.6954944558078332e-5 2.3517775420061272e-5 
9.800020866967296e-7 2.5195570113241125e-6 4.383371916406466e-6 1.3502947572507302e-5 2.7320688785671805e-5 2.4401779264391255e-5 
8.521651411188458e-7 2.6933177932763515e-6 4.330651876431761e-6 1.4472613566473829e-5 2.7877946626021064e-5 2.5518792684731658e-5 
7.376518736100488e-7 2.8838361459469764e-6 4.2144164290555595e-6 1.5572313102575553e-5 2.8305699296622623e-5 2.6513128375103955e-5 
6.339567285987806e-7 3.091905091430813e-6 4.02160472802896e-6 1.6681110314419083e-5 2.8517258417441957e-5 2.731062956793996e-5 
5.404412333513297e-7 3.314245844108928e-6 3.7822597604146115e-6 1.7944477319044546e-5 2.8605233062543014e-5 2.7967938227377386e-5 
4.580609435154353e-7 3.3000589844284448e-6 3.4789706858660805e-6 1.9254390119536975e-5 2.8658326481439715e-5 2.8407307874734588e-5 
3.867887855818122e-7 3.041020914801294e-6 3.2009703608899512e-6 2.0666521904279236e-5 2.902024485282037e-5 2.8814057899501974e-5 
3.252705698984476e-7 2.7044176816094825e-6 2.9768100937932765e-6 2.22580734845642e-5 2.952957273944196e-5 2.9361707119875406e-5 
2.708473458380488e-7 2.4598533246201484e-6 2.721900149446111e-6 2.384210877973871e-5 2.9715076108534167e-5 3.003880508515724e-5 
2.2252514942280833e-7 2.210389766081086e-6 2.4568006630475786e-6 2.5334370040583893e-5 2.98133295820142e-5 3.0348522651847814e-5 
1.806099195195784e-7 1.962215160218105e-6 2.2596189139645887e-6 2.744765939099783e-5 2.9403263835076626e-5 3.050775971012693e-5 
1.4423693613351002e-7 1.6813514293355722e-6 1.997816375172478e-6 3.0238752853231475e-5 2.7907769342147906e-5 3.0529438562779766e-5 
1.1215388370487269e-7 1.3724107993549747e-6 1.6414235233561362e-6 3.0348947620824124e-5 3.0674317958320485e-5 2.881616521590686e-5 
8.184720691323867e-8 1.04072027158347e-6 1.2829740239785902e-6 3.0490426560549145e-5 3.0641564285402625e-5 2.9578042037606598e-5 
5.370028755230419e-8 6.935442865188615e-7 8.844569410498089e-7 3.0614037613960614e-5 3.0669798922101666e-5 3.000793858651625e-5 
2.6518134986299672e-8 3.4403967476088793e-7 4.3789061648979487e-7 3.0567193375645304e-5 3.051890202794924e-5 3.0251484015465544e-5 
0.0 0.0 0.0 3.0262468260886012e-5 3.0616632157909013e-5 3.0542518648694806e-5 
1.2192324193928894e-7 1.2205493428337642e-7 4.2483397169092973e-7 3.0583042245266145e-5 3.049909021312848e-5 3.0342283291702652e-5 
2.3782674142343255e-7 2.3773832240471481e-7 8.644401784161728e-7 3.058880103506381e-5 3.053141862668667e-5 3.0174288541820522e-5 
3.4002653385107094e-7 3.397005230678445e-7 1.312894883669734e-6 3.06837434018885e-5 3.061767544433512e-5 2.9896982893690598e-5 
4.20493373168238e-7 4.203216108149827e-7 1.6855596670131298e-6 3.062339146901913e-5 3.055233040323486e-5 2.9087200446252025e-5 
4.820722702651397e-7 4.815857831275902e-7 2.0061290069817172e-6 3.057140250149933e-5 3.053543075928383e-5 2.815546303428786e-5 
5.258534765258215e-7 5.260934679704547e-7 2.3944248355098222e-6 3.046634746131362e-5 3.042864110642454e-5 2.748143847474849e-5 
5.613797477849084e-7 5.613950550897447e-7 2.8664706063606775e-6 3.0420859579787994e-5 3.0433077438219816e-5 2.6706628896237514e-5 
5.877973203599362e-7 5.885225743533793e-7 3.3376733235594828e-6 2.576699518986774e-5 3.0269730384376773e-5 3.0267392332091805e-5 
6.134500902027762e-7 6.139606027778691e-7 3.6987889729410624e-6 2.4611140741694512e-5 2.9934037234426437e-5 2.9956216762357408e-5 
6.443269815212881e-7 6.453372225847392e-7 4.0078406571492146e-6 2.3463242298901692e-5 2.9424622735043766e-5 2.9415952871821186e-5 
6.82702310992757e-7 6.839568623789478e-7 4.287066444672663e-6 2.225180619926867e-5 2.8971340728810107e-5 2.8957493539119296e-5 
7.328904112990605e-7 7.336719069167319e-7 4.560731756935013e-6 2.1152824529918853e-5 2.8477474243371955e-5 2.845611155369282e-5 
7.927866394564422e-7 7.927387762035362e-7 4.753115795666005e-6 1.9977676003034727e-5 2.7952334635434054e-5 2.7917526801528917e-5 
8.701434533168684e-7 8.704037960021347e-7 4.933771667418873e-6 1.901289088922297e-5 2.7626297361798846e-5 2.759500771041878e-5 
9.611438493209534e-7 9.600027893210996e-7 5.096904213470076e-6 1.8237066579285825e-5 2.7471799712115633e-5 2.7411182685816977e-5 
1.0535004653256474e-6 1.0535036482754583e-6 5.225639584113743e-6 1.7615690579143945e-5 2.737926033790035e-5 2.7335376084489744e-5 
1.137988448824106e-6 1.1380719577504837e-6 5.320198051599572e-6 1.700270220380185e-5 2.7256938843835053e-5 2.7213032058853936e-5 
1.2170444538873705e-6 1.2174544009086368e-6 5.3874274011635985e-6 1.6599711480709005e-5 2.7116444657120873e-5 2.7061551637603944e-5 
1.3032327380705522e-6 1.3051323207793674e-6 5.496455628365495e-6 1.6451758066109152e-5 2.6940343642747412e-5 2.6879801098365186e-5 
1.3854944200897662e-6 1.3871834218186272e-6 5.55288701334875e-6 1.6284033428117494e-5 2.6569894372213875e-5 2.6568451537166192e-5 
1.467046723629314e-6 1.4706225965347757e-6 5.4901014077872924e-6 1.6209741209292585e-5 2.6293781734167383e-5 2.628147304728364e-5 
1.532801857669713e-6 1.5384703919073519e-6 5.306406418191308e-6 1.6374515287761607e-5 2.6005621894281446e-5 2.5988910522949345e-5 
1.5842065930180212e-6 1.589678989311716e-6 4.858366908565534e-6 1.6881478165395174e-5 2.578726368326312e-5 2.577075461760981e-5 
1.6141805992526837e-6 1.6202685361586492e-6 4.116695902445194e-6 1.7619063457585647e-5 2.568187079667722e-5 2.567783480277476e-5 
1.6262831150141622e-6 1.635897010078662e-6 3.6567389915970305e-6 1.813210729263179e-5 2.5701172853020193e-5 2.5714944610662505e-5 

2.052168950158952e-6 2.4877160616539866e-6 5.294047334183769e-6 7.505240634421481e-6 2.4061841420188098e-5 1.9268533859767123e-5 
1.8707373500507732e-6 2.3863601836990984e-6 5.0725815362647345e-6 8.033712314678395e-6 2.385431384777077e-5 1.887502614163185e-5 
1.6822570621424047e-6 2.350717449572029e-6 4.913197313180908e-6 8.550492785004103e-6 2.3750717941492824e-5 1.861312227293343e-5 
1.483983910864739e-6 2.3762029302161544e-6 4.727536574535512e-6 8.972694920039081e-6 2.3694664170144155e-5 1.8456803670120627e-5 
1.3144753732382257e-6 2.4778127355179407e-6 4.58873289504628e-6 9.357564003444261e-6 2.3854324993165235e-5 1.8548777004632496e-5 
1.1612364824424127e-6 2.6322788307072846e-6 4.450720253870962e-6 9.790943981687351e-6 2.4185450610298952e-5 1.8817293404143547e-5 
1.0169177226359541e-6 2.805518739368236e-6 4.331238039809431e-6 1.0172697993755749e-5 2.43255673943012e-5 1.9177501864590605e-5 
8.932944967574813e-7 2.9890679065395877e-6 4.231092353226124e-6 1.0709072454654842e-5 2.4375599711600814e-5 1.9644369729538635e-5 
7.789634809827909e-7 3.131781012781148e-6 4.093533456310604e-6 1.126451803159093e-5 2.443689362949379e-5 2.0067083270761583e-5 
6.757269791435941e-7 3.247914483845435e-6 3.9735694896401216e-6 1.1947752514067877e-5 2.441326416894173e-5 2.0519158173974428e-5 
5.807037468867601e-7 3.2978419449117396e-6 3.833869300948634e-6 1.2673018844680457e-5 2.441889419905663e-5 2.0876976659035517e-5 
4.938463081705135e-7 3.201330954138787e-6 3.689299312111667e-6 1.3488059661492953e-5 2.4439920813357388e-5 2.1141880372686372e-5 
4.214202391994076e-7 2.9496993168522405e-6 3.531613237534826e-6 1.4582979084417377e-5 2.463863339505552e-5 2.1361728869380698e-5 
3.5412933599313997e-7 2.6459294316122533e-6 3.4276753336808595e-6 1.5552541335349545e-5 2.4934592045063442e-5 2.1676333009708615e-5 
2.9688285316047936e-7 2.4063084535767924e-6 3.2698937321217927e-6 1.657742922062324e-5 2.5039347621370144e-5 2.1826361754480373e-5 
2.491352806431925e-7 2.2112305814373684e-6 3.0847246325293196e-6 1.7422740847837335e-5 2.495580129549535e-5 2.2172926654886668e-5 
2.0955200094786795e-7 2.01945947645979e-6 2.8129352924564956e-6 1.8269015600789124e-5 2.436281561793157e-5 2.252972128351676e-5 
1.7518467183234263e-7 1.797727929789052e-6 2.43977373922162e-6 1.8716979135659096e-5 2.2280728036373212e-5 2.3521112290766418e-5 
1.451058303983813e-7 1.5610460854620543e-6 2.125637943316467e-6 1.9240662921680842e-5 2.208085563809164e-5 2.2906753877149495e-5 
1.1910107909511959e-7 1.3382672315854217e-6 1.9831547360921797e-6 2.0481299046501188e-5 2.1965896554617145e-5 2.288015979407778e-5 
9.691500107552386e-8 1.1381817080819052e-6 1.8001413490343164e-6 2.2288115272534872e-5 2.1495093350239485e-5 2.336313553039859e-5 
7.572581040302745e-8 9.173970538224991e-7 1.4557546061151706e-6 2.178763104268196e-5 2.3658640097294535e-5 2.224699279583513e-5 
5.6348856212097835e-8 6.83830317586444e-7 1.1250454491456556e-6 2.1855855643897674e-5 2.318828658690816e-5 2.266060044987004e-5 
3.7526137388669534e-8 4.4028230980710734e-7 7.769340255711573e-7 2.2344447966356102e-5 2.222944890455197e-5 2.2265697721799988e-5 
1.8517722194634706e-8 2.074754850130572e-7 3.4272154939011944e-7 2.1505785168203988e-5 2.115453272054477e-5 2.1197579927726748e-5 
0.0 0.0 0.0 2.045636984410933e-5 2.066735562433489e-5 2.0671199785642693e-5 
7.511292849853847e-8 7.505320645706279e-8 3.097839056055097e-7 2.1032603883215438e-5 2.1097900914181196e-5 2.1202567499663478e-5 
1.51120972187893e-7 1.510751232071336e-7 7.283902438311329e-7 2.180839789378878e-5 2.1855995308628918e-5 2.2198172577419725e-5 
2.187718915173561e-7 2.187682434855551e-7 1.1294896842571033e-6 2.2116373211909852e-5 2.2154540736872537e-5 2.2243337850870076e-5 
2.703092998161554e-7 2.7032786214007176e-7 1.3533380494072216e-6 2.180048847051732e-5 2.183699617367753e-5 2.1180250704702777e-5 
3.087239476467733e-7 3.0879111883489023e-7 1.516204292440314e-6 2.1510685263926474e-5 2.1526247894562906e-5 2.0187635167360146e-5 
3.4424579527322733e-7 3.4411764419513857e-7 1.8629484177947945e-6 2.1851260399431054e-5 2.1854279201307166e-5 1.9839880335029037e-5 
3.7761821800962135e-7 3.774112587082656e-7 2.3712560460600352e-6 2.275938209886755e-5 2.27208792125753e-5 1.9765685293889013e-5 
4.0153167545507286e-7 4.0165959167506727e-7 2.870497350969546e-6 1.9544603518850632e-5 2.3424632906198758e-5 2.3433208010979044e-5 
4.232195175656973e-7 4.239988623275384e-7 3.2491426773710115e-6 1.8878204366923677e-5 2.3820076016137167e-5 2.377202135806654e-5 
4.410774950021441e-7 4.4194648826252095e-7 3.5950051448008014e-6 1.8119607033825035e-5 2.3742800161881948e-5 2.3796583114881214e-5 
4.641437513730181e-7 4.655599666210962e-7 3.994563851067607e-6 1.746436773679497e-5 2.3892399490681523e-5 2.3924168810508625e-5 
4.942063752759057e-7 4.956008618096702e-7 4.479179268325824e-6 1.677475042883497e-5 2.4267549632605244e-5 2.4359567166765608e-5 
5.205211074167061e-7 5.221646446431547e-7 4.813472834398524e-6 1.5774887984924085e-5 2.4406132642856805e-5 2.4484983134957553e-5 
5.495957827923425e-7 5.511646141983402e-7 5.057448540792517e-6 1.4898675093856712e-5 2.431500879385712e-5 2.439240178684324e-5 
5.841924711646345e-7 5.863777662890803e-7 5.191383545501339e-6 1.4120288955696412e-5 2.4156878550373084e-5 2.4269069315304643e-5 
6.23265808637268e-7 6.249909281402057e-7 5.223699579115094e-6 1.3465569190682358e-5 2.3992190394599876e-5 2.4100055236498446e-5 
6.688853305903572e-7 6.690601042009248e-7 5.304481051609518e-6 1.2868300489065557e-5 2.3708767169583245e-5 2.380523402772609e-5 
7.204200422387606e-7 7.208657278659321e-7 5.323845530701999e-6 1.2283743419269655e-5 2.336826653672307e-5 2.3496995283548872e-5 
7.797395211920165e-7 7.802004581622914e-7 5.349521854535572e-6 1.1830755378971259e-5 2.3184678856835505e-5 2.3332319847918323e-5 
8.330908623756647e-7 8.327120265989624e-7 5.333161912824027e-6 1.148844546376378e-5 2.307682654530847e-5 2.314076341967338e-5 
8.830977144149589e-7 8.837137665591627e-7 5.311738115166905e-6 1.1298327144782919e-5 2.3202873447307397e-5 2.3197484846313734e-5 
9.224394184821628e-7 9.23203550537327e-7 5.238178548862496e-6 1.1145882299805774e-5 2.3219451923686633e-5 2.3350507981374858e-5 
9.516943774342038e-7 9.520091751052493e-7 5.06581149942641e-6 1.1165216483654308e-5 2.3104054591979603e-5 2.3236103856604837e-5 
9.718200707672712e-7 9.715323531677065e-7 4.819535400855516e-6 1.1422258750272377e-5 2.322545761287316e-5 2.3217899321225113e-5 
9.729893738202366e-7 9.731099042388872e-7 4.652171788844743e-6 1.1631698199563563e-5 2.3188931755687656e-5 2.3167961005010436e-5 

1.32865480888019e-6 1.8517500166623342e-6 5.692059702106586e-6 9.116886785883046e-6 2.8268706404939973e-5 1.4701673275879096e-5 
1.2418057443552088e-6 1.7207802703021867e-6 5.2825109797289844e-6 9.71559711029468e-6 2.6948432208841687e-5 1.4667714080992877e-5 
1.14946999433144e-6 1.6455650424538782e-6 5.006229529342237e-6 1.0304427400816543e-5 2.5766405111943706e-5 1.4689047577494454e-5 
1.0492399480561165e-6 1.6233870605853642e-6 4.776622978958926e-6 1.0815521292705556e-5 2.471560423606558e-5 1.4722663292800887e-5 
9.410591903233226e-7 1.6785791970512503e-6 4.60379482921091e-6 1.1221203052920054e-5 2.391922656515664e-5 1.4842461511381511e-5 
8.323155384040435e-7 1.7961314873029405e-6 4.4774566267013635e-6 1.1681851222017913e-5 2.3343395588201543e-5 1.5084143440423977e-5 
7.215877694263085e-7 1.9450769456525046e-6 4.363153029022777e-6 1.2237239575942706e-5 2.296773910257619e-5 1.5388438683861503e-5 
6.167618540195625e-7 2.0789927336851426e-6 4.297855227356565e-6 1.2828478379425265e-5 2.29429471010389e-5 1.5741720365843464e-5 
5.200202717808929e-7 2.173966156271734e-6 4.186186577690258e-6 1.350141885521759e-5 2.3108859763133656e-5 1.6105448342745632e-5 
4.41843356018363e-7 2.2034360183041957e-6 4.076954076038114e-6 1.4314343838757083e-5 2.3510990972926504e-5 1.6774771525051795e-5 
3.7957452490193217e-7 2.222193942015936e-6 3.9824963327666896e-6 1.521181867749278e-5 2.3897703308573616e-5 1.7610322214069586e-5 
3.31930984981715e-7 2.222964131623849e-6 3.883775865278248e-6 1.621893819712698e-5 2.419462827776307e-5 1.853687975519654e-5 
2.9600864736475375e-7 2.223291857681256e-6 3.723900781897218e-6 1.7411798524437176e-5 2.429632249332402e-5 1.9434295442130037e-5 
2.6696532226023206e-7 2.139452922576321e-6 3.4941399013462666e-6 1.8348857059592212e-5 2.4257724334142313e-5 2.0301919104705474e-5 
2.384221674870623e-7 2.0218418679079425e-6 3.2075115785553187e-6 1.9088099983944268e-5 2.3934077310482663e-5 2.0841335339257152e-5 
2.132539657844222e-7 1.8523036930447053e-6 2.873895514819088e-6 1.9602660148947883e-5 2.3454262528579e-5 2.125633178907976e-5 
1.8786702647257303e-7 1.6858352779779334e-6 2.569389699649094e-6 2.0355670899663987e-5 2.3055586419989965e-5 2.149147884444438e-5 
1.6345352267461943e-7 1.5086451847050072e-6 2.372988630901302e-6 2.0903284720828545e-5 2.1967030635144627e-5 2.2752859886309623e-5 
1.3977663233332807e-7 1.3234060036423447e-6 2.1239332594679693e-6 2.1310203060446273e-5 2.2206502023265553e-5 2.2390759366306185e-5 
1.167597681595871e-7 1.0831268845175718e-6 1.6485107678555204e-6 2.1004106731412866e-5 2.149182597049112e-5 2.1829454862672573e-5 
9.483070569710904e-8 8.57742327024431e-7 1.2897995553499064e-6 2.122623601335165e-5 2.0768980206945097e-5 2.1185001593412977e-5 
7.427388350368398e-8 6.467505447811572e-7 1.0528566322641622e-6 2.155574603801895e-5 2.049521345620615e-5 2.0121738011207254e-5 
5.4972130317675484e-8 4.7288281235083207e-7 7.670230917737279e-7 2.1159549901951806e-5 2.0290038139872337e-5 2.0057228559656456e-5 
3.61677282918122e-8 3.190187923959991e-7 5.011402855594721e-7 2.0500674739207256e-5 2.0583305859552637e-5 2.0559499123241423e-5 
1.8148116513896347e-8 1.6440469460538215e-7 2.868580864417746e-7 2.080499490719455e-5 2.109443037094137e-5 2.1209775470445267e-5 
0.0 0.0 0.0 2.1567707048309426e-5 2.125330030138209e-5 2.1299128426198296e-5 
6.130958012061753e-8 6.134862987037218e-8 2.7281320250693417e-7 2.1051671368577142e-5 2.1092621316620448e-5 2.1256104332106947e-5 
1.158187725005718e-7 1.160521931276505e-7 4.690104909317094e-7 2.064367829562246e-5 2.070857180857024e-5 2.0608785435949105e-5 
1.6430350311806042e-7 1.6446812088214013e-7 6.703967272304699e-7 2.0642674137782554e-5 2.0683031302572925e-5 2.0363443671138905e-5 
2.081018346090017e-7 2.0821058914555338e-7 1.024986261049191e-6 2.1061186048537064e-5 2.1045144402296675e-5 2.0946614914405543e-5 
2.422757278426408e-7 2.425971907044548e-7 1.4833073631220015e-6 2.1464333115300026e-5 2.1505516218563597e-5 2.1744636841189206e-5 
2.64495595276425e-7 2.647308798772361e-7 1.8185609315665163e-6 2.1571105468377823e-5 2.1609852166257934e-5 2.168221469265576e-5 
2.7747621567285285e-7 2.7779834910164433e-7 1.974851932098451e-6 2.157292916958194e-5 2.164823682772447e-5 2.1019534197631493e-5 
2.869101736476645e-7 2.8726680523774045e-7 2.1476910899029832e-6 2.0511039841722617e-5 2.154354269700602e-5 2.1573613134738366e-5 
3.01522362879388e-7 3.0144270930142076e-7 2.5306530697616284e-6 2.0229187410839244e-5 2.170233021469558e-5 2.17417672891898e-5 
3.199224033818028e-7 3.195275183274336e-7 3.0732869757137508e-6 2.002113981293832e-5 2.2045639290026806e-5 2.202743285165024e-5 
3.4087604205372064e-7 3.404119259986371e-7 3.5821080265380307e-6 1.964705209332348e-5 2.2086732515655387e-5 2.206699278295314e-5 
3.6677991310060333e-7 3.655659764876155e-7 3.963077856905269e-6 1.906012947577206e-5 2.2222037792320744e-5 2.2183211307192675e-5 
3.936590791212932e-7 3.9250080539408934e-7 4.340508095142145e-6 1.829513775437524e-5 2.236016143987957e-5 2.231045259369855e-5 
4.24870945857319e-7 4.236163307496038e-7 4.794248612443203e-6 1.7710714998241818e-5 2.2259851570666276e-5 2.223077021027975e-5 
4.596927600387427e-7 4.5840867774172966e-7 5.165957948238758e-6 1.692470243481764e-5 2.2139924803360705e-5 2.2088718130631434e-5 
4.980915079740588e-7 4.965446432789079e-7 5.380055820230468e-6 1.593177473185955e-5 2.191670222490597e-5 2.1855102694950627e-5 
5.433153299228342e-7 5.41934116585221e-7 5.440610795930914e-6 1.4916542246347515e-5 2.1577657913125594e-5 2.1531427923277604e-5 
5.915404193244298e-7 5.893996627453855e-7 5.256364135739366e-6 1.380217076641872e-5 2.119168237058933e-5 2.11607343191144e-5 
6.409466004366229e-7 6.384094602738242e-7 5.098184966258485e-6 1.2778002408431853e-5 2.0887413403645018e-5 2.0833808296262745e-5 
6.879507022851357e-7 6.858080333665976e-7 4.79343577051123e-6 1.1771630508590404e-5 2.041912636782932e-5 2.0428026246932865e-5 
7.32164029342207e-7 7.300735264435236e-7 4.607680853767491e-6 1.0979455289304827e-5 2.0039579600463513e-5 2.0040198500484524e-5 
7.641760262136511e-7 7.620482126187127e-7 4.370467332800419e-6 1.0481178761792812e-5 1.9752308527838328e-5 1.9687778700746167e-5 
7.89890162150114e-7 7.878881747475331e-7 4.106069264956436e-6 1.0055598760425987e-5 1.9446363186786306e-5 1.9405075623192012e-5 
8.028047523375213e-7 8.000350157651948e-7 3.821153718211636e-6 1.004068252753864e-5 1.923597821511869e-5 1.9280629815118263e-5 
8.044583807781464e-7 8.000645039176488e-7 3.620708724480336e-6 1.0118307525391396e-5 1.9168597177939145e-5 1.9197866854594368e-5 

1.494857966280315e-6 2.2902975354413545e-6 1.1180173436195743e-5 1.5289997695705906e-5 2.730754122629087e-5 2.179579657034702e-5 
1.3829616943497178e-6 2.111695021533761e-6 1.0781255632363407e-5 1.637076377076568e-5 2.7944281932612783e-5 2.1870629965014757e-5 
1.2765727006118115e-6 2.035495314395185e-6 1.0436220345314604e-5 1.7288396226522395e-5 2.8790807100978838e-5 2.2137155724417802e-5 
1.175063742426403e-6 2.098535983090176e-6 1.0113098370602194e-5 1.8162250820528884e-5 2.9609765139200043e-5 2.2579611303038227e-5 
1.0799076199979137e-6 2.2917412836758903e-6 9.685615256671642e-6 1.898076333792594e-5 3.0326608409682278e-5 2.313883373296023e-5 
9.938123355154395e-7 2.559482687649633e-6 9.19928632267579e-6 1.9732656209184823e-5 3.084007723233973e-5 2.3886181026469044e-5 
9.078039969170827e-7 2.829552103825811e-6 8.657048583411525e-6 2.057645003252856e-5 3.086943449310872e-5 2.4571407985263553e-5 
8.294922899965337e-7 3.051717481076352e-6 8.12610171131949e-6 2.145106646367011e-5 3.069013144622256e-5 2.5229533083160004e-5 
7.501857181928675e-7 3.1575994493885222e-6 7.542257863930708e-6 2.212332735531169e-5 3.0324910343507546e-5 2.575193967230029e-5 
6.718127083419928e-7 3.155526764097528e-6 6.926642300149478e-6 2.275111436498579e-5 2.967703729404261e-5 2.614310318701128e-5 
5.951884682209382e-7 3.0354145364032834e-6 6.335159214440381e-6 2.328714331877826e-5 2.893171384283341e-5 2.655550850809155e-5 
5.1860476287501e-7 2.831978163031917e-6 5.713613991950768e-6 2.381849257912171e-5 2.8189670894026105e-5 2.686235177181399e-5 
4.4605894090927206e-7 2.5589635222227697e-6 5.011502230774684e-6 2.3877398302624195e-5 2.7526241468227307e-5 2.7044961983732734e-5 
3.796988775433279e-7 2.23958279951745e-6 4.278205429433825e-6 2.3797039632806795e-5 2.68083765083627e-5 2.7167885659717988e-5 
3.191896936466103e-7 1.9320372839972963e-6 3.5725966117546907e-6 2.346008274270457e-5 2.612275189654009e-5 2.709817408447557e-5 
2.6841776861504255e-7 1.6477047442538403e-6 2.9198248060770524e-6 2.3185294798327753e-5 2.5800482808577976e-5 2.64512333419836e-5 
2.236190936944621e-7 1.4269456385915164e-6 2.4301667208624244e-6 2.3477455007058106e-5 2.580196536554351e-5 2.5787632415345067e-5 
1.856890887803773e-7 1.2215574227729138e-6 2.146800694465008e-6 2.3858196577285023e-5 2.6061723590881447e-5 2.5976663238918826e-5 
1.5348324681817042e-7 1.0414115260618698e-6 1.8144821024720038e-6 2.4000525160387515e-5 2.5750531519771334e-5 2.5787579202387663e-5 
1.2494031725311125e-7 8.520925836249098e-7 1.3674455025148613e-6 2.3570799716568168e-5 2.44299973609325e-5 2.513260602925027e-5 
1.0008883045769844e-7 6.858702864310441e-7 1.0599136213642932e-6 2.4132486977579334e-5 2.2927986257702693e-5 2.423774259413131e-5 
7.766876447259488e-8 5.413989873112399e-7 8.806785587004882e-7 2.4459069245402436e-5 2.3676259210655844e-5 2.286416135570456e-5 
5.7119904751307875e-8 4.043114335884914e-7 6.709784261212665e-7 2.4209389324932344e-5 2.367462490961259e-5 2.3081569880159587e-5 
3.797704129365098e-8 2.700446022958179e-7 4.576651744300137e-7 2.3970297324735974e-5 2.403201799161602e-5 2.3549177912986905e-5 
1.8811425319723255e-8 1.370021064782541e-7 2.4569247014201316e-7 2.4221273182344327e-5 2.436533865008809e-5 2.4280262252567523e-5 
0.0 0.0 0.0 2.453894367475345e-5 2.454497033838343e-5 2.4563307332332938e-5 
5.372712587601522e-8 5.373247209702254e-8 2.2927880977155534e-7 2.4407333232593167e-5 2.4382448922519185e-5 2.4300230285881338e-5 
1.0312481801211438e-7 1.0316063676560825e-7 4.291685880932766e-7 2.419374172976519e-5 2.4113658661970584e-5 2.3712103022534323e-5 
1.4659026157169248e-7 1.466173408482049e-7 6.263103794702257e-7 2.418028747496195e-5 2.411396466749931e-5 2.3421389666221444e-5 
1.829834909668555e-7 1.8288385442792603e-7 8.591312737369791e-7 2.452351572558152e-5 2.452162277355877e-5 2.3586888862667366e-5 
2.1327076188422247e-7 2.1316223536257377e-7 1.1817043015702326e-6 2.5196838823140014e-5 2.518796189975131e-5 2.425252312300802e-5 
2.3460022858155755e-7 2.347941939053006e-7 1.4447694868728293e-6 2.536763138312094e-5 2.535186414285669e-5 2.4056199891984717e-5 
2.519620782730659e-7 2.5196788179625416e-7 1.6040809167827982e-6 2.520265342423283e-5 2.516960898781299e-5 2.332850299931327e-5 
2.69610706493965e-7 2.695804733196502e-7 1.8137603656347993e-6 2.2662981759790686e-5 2.4945911916890598e-5 2.490816644031799e-5 
2.950787779976704e-7 2.9562347759467527e-7 2.270163624975591e-6 2.2845275044372703e-5 2.5117663095645775e-5 2.5097916996617956e-5 
3.311159716087278e-7 3.316884712448259e-7 2.832108122713818e-6 2.2812658506830432e-5 2.5900317343786414e-5 2.5877765220453832e-5 
3.744400796654408e-7 3.752139140060148e-7 3.3882429269567213e-6 2.246682153983984e-5 2.6394016460175865e-5 2.6384369571802242e-5 
4.2504465172303197e-7 4.263415218795203e-7 3.7769176044860268e-6 2.18751037237288e-5 2.6526396681301295e-5 2.6507269623660186e-5 
4.834848968909424e-7 4.845630517734189e-7 4.127740984782739e-6 2.1152161632841128e-5 2.678709125771647e-5 2.6751274116129445e-5 
5.454447036156834e-7 5.464488440642069e-7 4.6457714845082595e-6 2.0654232653870066e-5 2.7378845682627853e-5 2.7351487313418347e-5 
6.086963018403951e-7 6.095816441653097e-7 5.319560739314577e-6 2.036102916381073e-5 2.8232937220366348e-5 2.819368729246692e-5 
6.711453201061108e-7 6.718303351728321e-7 5.996247516586387e-6 2.0113300656867718e-5 2.9046396321328795e-5 2.9026588686415983e-5 
7.351705983473543e-7 7.352600713868168e-7 6.509683398890024e-6 1.97490454119756e-5 2.9810063744802864e-5 2.9793419162867865e-5 
7.994678009792187e-7 8.00895844261875e-7 6.985706667253404e-6 1.9382437898770103e-5 3.061541553882538e-5 3.060702251379169e-5 
8.634889418559603e-7 8.655742694944284e-7 7.328486558862144e-6 1.917928407705811e-5 3.135083802307132e-5 3.134643383466467e-5 
9.272520110227315e-7 9.285878557198349e-7 7.438540450493528e-6 1.8892562529431847e-5 3.204689433020141e-5 3.202221126694198e-5 
9.844823101710082e-7 9.865670963213203e-7 7.322658057638137e-6 1.867190601029545e-5 3.2599619049973064e-5 3.2580941601493624e-5 
1.0331077810739712e-6 1.034552862950373e-6 6.898881012997897e-6 1.8664791181735205e-5 3.3043113011577576e-5 3.303415673759561e-5 
1.0648608306601567e-6 1.0664436628037448e-6 6.185657837865877e-6 1.8975684616554765e-5 3.336300783775227e-5 3.334236156493818e-5 
1.0866683181398692e-6 1.0875849036586026e-6 5.16596006379413e-6 1.977452063288862e-5 3.356623841522925e-5 3.350724271140913e-5 
1.0965854734528227e-6 1.0976907216445177e-6 4.54642271380479e-6 2.0466186394888338e-5 3.367497340576636e-5 3.362953193039389e-5 

1.9276448912282134e-6 3.0820142025739838e-6 1.607106865377116e-5 2.1385528982849097e-5 3.053768781368351e-5 3.276399186342678e-5 
1.8119508532662867e-6 2.938150944659451e-6 1.5501410107700816e-5 2.2771863803720263e-5 3.0551611019327616e-5 3.176288525582849e-5 
1.6778047426511283e-6 2.8541383899695695e-6 1.4848554527853185e-5 2.3701703539867876e-5 3.031030752270885e-5 3.107796704235739e-5 
1.531720623183513e-6 2.881568840700456e-6 1.4044865129744805e-5 2.424931172989829e-5 2.9862788705070004e-5 3.062399972249915e-5 
1.3843875768175306e-6 3.003904771586741e-6 1.3159427575419817e-5 2.4464425843957483e-5 2.925008083335194e-5 3.02246938158864e-5 
1.2333803456645762e-6 3.133127568223436e-6 1.220166191381277e-5 2.4406806797084032e-5 2.8615922621940767e-5 3.002975939761619e-5 
1.0873031209720055e-6 3.2023392750758197e-6 1.1238664657192114e-5 2.412036877839986e-5 2.8212093058471177e-5 2.9870897486510176e-5 
9.466112663757789e-7 3.186618833027822e-6 1.0271289240276834e-5 2.3867662937625043e-5 2.7826387951104073e-5 2.97026249123149e-5 
8.179342542723029e-7 3.02354372899643e-6 9.262045694816255e-6 2.3500989848912473e-5 2.7465784968484746e-5 2.9483381781405303e-5 
7.024274821326646e-7 2.749977450566147e-6 8.130662329950652e-6 2.297941505926124e-5 2.7142481914113956e-5 2.8894485849796848e-5 
5.989074930851147e-7 2.3954081827749693e-6 6.89440226001409e-6 2.2399584875964893e-5 2.6702666240910107e-5 2.8104240842292155e-5 
5.06750100130956e-7 2.037016186528458e-6 5.668553120940751e-6 2.1688502604888277e-5 2.6188786405629896e-5 2.6936395375095176e-5 
4.266282617311305e-7 1.7255062497136352e-6 4.59688455174891e-6 2.115945779650117e-5 2.556452763992023e-5 2.5770450799565644e-5 
3.5858197420684617e-7 1.4640670296436303e-6 3.7385777863585768e-6 2.0826333567424818e-5 2.5097248277320598e-5 2.482081007512032e-5 
3.0095984181327257e-7 1.2812723169468755e-6 3.081185652513253e-6 2.0774363428047074e-5 2.4686105525790607e-5 2.4323612936481095e-5 
2.525405697404779e-7 1.1273433859094577e-6 2.5316544310330726e-6 2.0833556630936668e-5 2.4244442497091588e-5 2.3573543170440388e-5 
2.0983713171377802e-7 1.0014399567776666e-6 2.071881052532799e-6 2.093969658223701e-5 2.369454267410331e-5 2.31121651476516e-5 
1.734990952289158e-7 8.615361612184946e-7 1.6861817742081507e-6 2.0848448144070834e-5 2.298029380126681e-5 2.3076735642612863e-5 
1.4309196618844035e-7 7.368511126536061e-7 1.378697994233397e-6 2.0836274289139035e-5 2.2608717163553418e-5 2.269354012769292e-5 
1.1453853546920935e-7 6.267435615250215e-7 1.2183664294620808e-6 2.131794078595705e-5 2.2382527744285423e-5 2.258296033691762e-5 
9.113318428540404e-8 5.325308931257563e-7 1.0719252718012095e-6 2.256744991771374e-5 2.1958280184500376e-5 2.2860731606743616e-5 
6.966087072410516e-8 4.2849223456564267e-7 8.452885632085008e-7 2.2010765434477165e-5 2.3037322292485366e-5 2.2524494083935352e-5 
5.121831277097281e-8 3.1687803216612664e-7 6.430421149155644e-7 2.2128510662157026e-5 2.2863735718868346e-5 2.272071973555949e-5 
3.372245870734203e-8 2.0325338100030936e-7 4.31570790925574e-7 2.248046493648196e-5 2.2235059680034572e-5 2.236160186331187e-5 
1.6755217328429117e-8 9.71579985448885e-8 1.916651099135442e-7 2.1916986937519992e-5 2.1564738561832283e-5 2.1721078748276872e-5 
0.0 0.0 0.0 2.135029200541464e-5 2.1247487550312126e-5 2.1262341541799566e-5 
3.98860089094419e-8 3.9903473196118335e-8 1.7157505294566155e-7 2.146001049524082e-5 2.148345148711219e-5 2.170900626504394e-5 
7.885077660609383e-8 7.88769968814207e-8 3.9290869148206943e-7 2.1852605243632712e-5 2.1894594394500248e-5 2.239557771802289e-5 
1.1314267421510532e-7 1.1308283688528334e-7 6.106997438836045e-7 2.1999248933138514e-5 2.202816678903906e-5 2.2315909310714405e-5 
1.4053613365876446e-7 1.4038243424549858e-7 7.42067765202745e-7 2.18913194228763e-5 2.1898931211600946e-5 2.161386060891924e-5 
1.6183718952284506e-7 1.6154031417673094e-7 8.27683713591933e-7 2.162834291516824e-5 2.163584181371804e-5 2.073123556424489e-5 
1.8236051314068093e-7 1.8202844121874812e-7 1.023197354344668e-6 2.18283290729906e-5 2.1827681947206793e-5 2.068927562017067e-5 
2.0533392600259764e-7 2.0491316898324202e-7 1.3203348127215373e-6 2.240557493380242e-5 2.2355850712313276e-5 2.0766160191096913e-5 
2.2970665240652392e-7 2.2942584702994797e-7 1.6213564740964092e-6 2.0560560404518668e-5 2.286948732054071e-5 2.2840186140141283e-5 
2.587873264379841e-7 2.584594672908165e-7 1.8777247476925383e-6 2.0460122229097033e-5 2.309980210644604e-5 2.3068355451312434e-5 
2.964111477520293e-7 2.9588728010809153e-7 2.140693658869212e-6 2.0239025198028506e-5 2.3329993692191035e-5 2.3334755625352888e-5 
3.4175839356966984e-7 3.412466674302092e-7 2.56585085252766e-6 2.0177801455845903e-5 2.3699658450703725e-5 2.3684866339318293e-5 
3.924894797530042e-7 3.919328757211474e-7 3.1538686679443896e-6 2.0178840834163908e-5 2.3905795628535232e-5 2.3888539662363607e-5 
4.486057725592139e-7 4.47984320208949e-7 3.839265203339731e-6 2.022647679849118e-5 2.410408327108703e-5 2.4110416940684365e-5 
5.047167197197761e-7 5.046455065456704e-7 4.4137089295196855e-6 2.005102884434655e-5 2.4258453118932353e-5 2.4321067188868713e-5 
5.651681704244313e-7 5.654857182549802e-7 5.047232745056974e-6 1.9795575365526195e-5 2.4682496362413226e-5 2.4686715009684985e-5 
6.23620444005975e-7 6.242275724898355e-7 5.674230057255409e-6 1.965273253188349e-5 2.5011724986759674e-5 2.5017585264170255e-5 
6.812721349321684e-7 6.825209673836625e-7 6.230144220715169e-6 1.946028274083047e-5 2.5179172731146536e-5 2.5179636161534296e-5 
7.395977285848542e-7 7.411801274406818e-7 6.7451927630063726e-6 1.9311442601576258e-5 2.521179126461413e-5 2.5224205669186862e-5 
7.952337461924838e-7 7.965293928870348e-7 7.274620098638569e-6 1.9525288725542295e-5 2.5406569204046324e-5 2.540020812304404e-5 
8.461071633863597e-7 8.476138591791829e-7 7.675090993054908e-6 1.986471538465058e-5 2.5516358055567178e-5 2.5510831378867037e-5 
8.917703769863443e-7 8.929963670948012e-7 7.841522070097361e-6 2.0322104945940945e-5 2.5571368879549227e-5 2.5598094390390582e-5 
9.331283688087196e-7 9.343518527226255e-7 7.70798307466565e-6 2.130911707581238e-5 2.562973555699756e-5 2.5607582653965447e-5 
9.590475325512176e-7 9.608447054638285e-7 6.945772290493276e-6 2.235835764104876e-5 2.5548719416799174e-5 2.5544724153438157e-5 
9.771000972218417e-7 9.795810903470937e-7 5.663831881684466e-6 2.376237269104366e-5 2.5599962604419247e-5 2.5640125944886957e-5 
9.829526739789375e-7 9.840670231447231e-7 4.878273852808082e-6 2.4772420549990813e-5 2.5546521437872534e-5 2.5611356763683336e-5 

1.4350590142347683e-6 2.679319699490851e-6 1.4654091493409512e-5 1.957215002215764e-5 2.646941316963829e-5 2.9609550713153608e-5 
1.3255616919798754e-6 2.5088930490730256e-6 1.3910982128223526e-5 2.0559748914798243e-5 2.607479543219335e-5 3.065431997974875e-5 
1.2257813637784364e-6 2.3793517224977695e-6 1.3130136219712569e-5 2.119999754668225e-5 2.565284944882743e-5 2.980394675498673e-5 
1.121188420113758e-6 2.288191308784041e-6 1.225340737594231e-5 2.1735186110213335e-5 2.5146402762356252e-5 2.8364862011015043e-5 
1.0147694923748524e-6 2.199702952633181e-6 1.1398606534969043e-5 2.178561147219879e-5 2.463076343036107e-5 2.7256260063681413e-5 
9.069372413541257e-7 2.054610601225615e-6 1.037333510675715e-5 2.136223554671024e-5 2.4034162694310302e-5 2.6179525268556242e-5 
8.024368397726673e-7 1.8548039959087058e-6 9.299361215960421e-6 2.0548920750990108e-5 2.3580123857089723e-5 2.5183220733248543e-5 
6.99916720923599e-7 1.6222727500562785e-6 8.22091185380749e-6 1.953904004028802e-5 2.3184391672582676e-5 2.4184943912681013e-5 
6.029838549987103e-7 1.4084299257829237e-6 7.169672096829221e-6 1.86451286457313e-5 2.2646163351881378e-5 2.3146255910261178e-5 
5.176551344612546e-7 1.2563155264451795e-6 6.310419624118943e-6 1.8101359223640114e-5 2.2242088920620533e-5 2.2400477135834016e-5 
4.403416525387255e-7 1.1639541402673857e-6 5.588531389128333e-6 1.7849302923907165e-5 2.179914405857959e-5 2.1911976581548434e-5 
3.754810480795192e-7 1.0789699904080612e-6 4.970896241440739e-6 1.7886491734101362e-5 2.1406347365978214e-5 2.160207144859394e-5 
3.2179764256195163e-7 9.976495634291443e-7 4.4054316078183865e-6 1.809997995571816e-5 2.111673012143156e-5 2.1339983180508477e-5 
2.776465713740773e-7 9.047813813280079e-7 3.9140514229259185e-6 1.8232836222995878e-5 2.1089600250128134e-5 2.125893337022711e-5 
2.3936910213948534e-7 8.329427020406811e-7 3.4665407354870167e-6 1.8576480890264034e-5 2.1017580234851342e-5 2.1076104532523994e-5 
2.0636960496750182e-7 7.499298320687379e-7 3.0773068993074788e-6 1.8862675744717527e-5 2.0910592045841905e-5 2.104927569323049e-5 
1.769211840106936e-7 6.80557842228119e-7 2.7382335420129293e-6 1.91172091394711e-5 2.0760778379801086e-5 2.119068051780951e-5 
1.5370413299561784e-7 6.077064887506483e-7 2.410389193660836e-6 1.9465980296252516e-5 2.1036459220367963e-5 2.0751134110334513e-5 
1.315255831100351e-7 5.408472517251271e-7 2.1455443359751726e-6 1.9944282467280656e-5 2.0928774030809544e-5 2.0910587396165675e-5 
1.1076309520359118e-7 4.7243665515158745e-7 1.9919316556311836e-6 2.108019624885183e-5 2.1338988511752893e-5 2.1464469984491327e-5 
9.188093163601331e-8 4.0397161457690367e-7 1.77567214856634e-6 2.225130288355356e-5 2.1533843719402302e-5 2.22800760454537e-5 
7.264788406774819e-8 3.251866289131349e-7 1.4808863909953578e-6 2.2204923252465035e-5 2.2859840467714135e-5 2.216556573835117e-5 
5.480823410273544e-8 2.4228811003308204e-7 1.1694315060197934e-6 2.255244600450103e-5 2.3141239482473214e-5 2.2532190208879816e-5 
3.667804466768293e-8 1.5892288115194643e-7 8.088311761479464e-7 2.2901348019458334e-5 2.2993164884007172e-5 2.2672734343652065e-5 
1.840004510517349e-8 7.816358013844013e-8 4.0484370440216924e-7 2.2779017400040037e-5 2.284756632197763e-5 2.2550055185871168e-5 
0.0 0.0 0.0 2.2137681638810414e-5 2.2667900930936924e-5 2.2651888855031093e-5 
3.528591535018163e-8 3.533388427373577e-8 3.378668276499108e-7 2.282210472479393e-5 2.2850656397518496e-5 2.2267868690377907e-5 
6.876699115474815e-8 6.894348560856037e-8 6.83890984775284e-7 2.3046467527227876e-5 2.306218908267544e-5 2.2511863760222833e-5 
9.80397040618607e-8 9.828908557474937e-8 1.0159408941549194e-6 2.287480705028867e-5 2.2914361601374065e-5 2.258464011716273e-5 
1.2169039355135502e-7 1.2199776624088934e-7 1.2740144301579905e-6 2.2407743128288056e-5 2.2413109268624626e-5 2.1961464506172305e-5 
1.3963673711959006e-7 1.3997893737170026e-7 1.4803352878156483e-6 2.1836134582684392e-5 2.186435873042571e-5 2.1128475701899284e-5 
1.5418147682836884e-7 1.54521677654524e-7 1.699947640460274e-6 2.1537173670379897e-5 2.1544856867726153e-5 2.0830303777591883e-5 
1.6735053174418684e-7 1.676306002561138e-7 1.9742377714129116e-6 2.150731909279686e-5 2.1519252689088626e-5 2.0600249669611824e-5 
1.8264527102340604e-7 1.8284381214757844e-7 2.2443918544600257e-6 2.028696160851861e-5 2.1570555196523668e-5 2.1559787577202963e-5 
2.0080387777917042e-7 2.0093275488071447e-7 2.453159195827735e-6 1.984879001787275e-5 2.128911870748645e-5 2.130710457076633e-5 
2.2514558267654474e-7 2.2515966181296184e-7 2.5574842213357464e-6 1.909895804098847e-5 2.0721257681858202e-5 2.071435581322093e-5 
2.5689566627531486e-7 2.567374301013042e-7 2.7116614147768633e-6 1.8437789607778057e-5 2.049715428115438e-5 2.0485645895019877e-5 
2.9215857169126914e-7 2.9188223929738026e-7 3.0023589166271744e-6 1.8155045239973346e-5 2.0521427720075265e-5 2.0486471090607408e-5 
3.330318094869985e-7 3.326074242557565e-7 3.4083985000087934e-6 1.8134410693232026e-5 2.067536929433999e-5 2.0660271362180805e-5 
3.787474471600576e-7 3.7800780751264993e-7 3.8214767735858614e-6 1.8013236156579676e-5 2.0709451234649324e-5 2.0664244979818e-5 
4.289417631224157e-7 4.2803356193790074e-7 4.260114931421798e-6 1.778214725838668e-5 2.0641636497805858e-5 2.0619025063734366e-5 
4.830550141259718e-7 4.817000130191009e-7 4.868763777983246e-6 1.794916604394935e-5 2.0726595311137748e-5 2.071308296020356e-5 
5.413354987919769e-7 5.404676662390308e-7 5.5707764682642835e-6 1.8240903509174535e-5 2.0894998546500067e-5 2.088881885004731e-5 
6.026692129166369e-7 6.016342526557413e-7 6.142467220581028e-6 1.8470470777117364e-5 2.0853702841825997e-5 2.0859655162872408e-5 
6.66969049945122e-7 6.662667585140361e-7 6.683385151660164e-6 1.8828006689228893e-5 2.0963247426128223e-5 2.098914068937598e-5 
7.280764426785029e-7 7.272745837194051e-7 7.167256474029161e-6 1.937824602813823e-5 2.118066591655495e-5 2.1128306557789023e-5 
7.826534883611318e-7 7.819786484795106e-7 7.455116918376765e-6 2.0019745092691104e-5 2.1223520525463237e-5 2.115953674387058e-5 
8.226846490301079e-7 8.219054535720746e-7 7.515478744599699e-6 2.0913274010608333e-5 2.128244758034434e-5 2.1266688019490392e-5 
8.512264265788433e-7 8.505832284994992e-7 7.1767352368351454e-6 2.2278366207617523e-5 2.136679554925207e-5 2.1335310694385744e-5 
8.645360690178847e-7 8.641768353379047e-7 6.37479391768591e-6 2.3645755376172736e-5 2.1420395674374682e-5 2.137572925525254e-5 
8.709753122049245e-7 8.708607338590138e-7 5.800755502468696e-6 2.4371980079656135e-5 2.1510264796199686e-5 2.1461554548413635e-5 

1.255060346788916e-6 3.448507199027235e-6 3.5950161386014856e-5 4.032526144289516e-5 4.9275704951273834e-5 4.6630539396282176e-5 
1.1866827152419815e-6 2.9444760805655232e-6 3.583118070914953e-5 4.2305498436592865e-5 4.907007174903604e-5 4.672988159890582e-5 
1.1072620740670122e-6 2.465502474432464e-6 3.5671616417823094e-5 4.423281289214415e-5 4.922728700723261e-5 4.7738180084473825e-5 
1.019867379030793e-6 2.0709869066528624e-6 3.520537948316363e-5 4.593040119437951e-5 4.923733063410787e-5 4.9274331437589176e-5 
9.375049469955708e-7 1.8384421479071508e-6 3.456735952043751e-5 4.782752803265973e-5 4.929994500313938e-5 5.058838009157336e-5 
8.626632994765073e-7 1.752596084663307e-6 3.373206200516456e-5 4.978941954284856e-5 4.9399899107432304e-5 5.088632390362604e-5 
7.935997667958681e-7 1.7471485604454812e-6 3.270723218487899e-5 5.144386020452558e-5 4.939762323219233e-5 5.1049135738045084e-5 
7.336314051252657e-7 1.7786062540783228e-6 3.167993718549259e-5 5.284942787978663e-5 4.955289373537869e-5 5.1642022164608126e-5 
6.774866419238323e-7 1.7984539932527926e-6 3.056866092533313e-5 5.367536803922747e-5 4.9716015427483045e-5 5.274601622809153e-5 
6.289056144666113e-7 1.8103931284206312e-6 2.931566248167177e-5 5.410656927910851e-5 4.9837546105044104e-5 5.4046892082319626e-5 
5.898140316662828e-7 1.7940821998145226e-6 2.799510347101571e-5 5.458015103576827e-5 5.018425049696066e-5 5.540936126986963e-5 
5.522959797916743e-7 1.7596175359164158e-6 2.6500475923243395e-5 5.525185450359509e-5 5.086496197134783e-5 5.679365533542009e-5 
5.161471299491483e-7 1.7029454354418359e-6 2.480532091271035e-5 5.605722242561727e-5 5.168744526938043e-5 5.8143042918183813e-5 
4.791367885804964e-7 1.653004688096542e-6 2.2902559971925768e-5 5.696895126424497e-5 5.280758228163795e-5 5.928789646742022e-5 
4.3989938370873857e-7 1.6186645826837285e-6 2.0901188828614388e-5 5.805087551749962e-5 5.429822258733253e-5 6.035255633188317e-5 
3.9830425454845085e-7 1.5823409400521964e-6 1.8826804061830188e-5 5.890255946602677e-5 5.578600359838961e-5 6.134115214309459e-5 
3.5448330166323605e-7 1.5513548267081783e-6 1.6730933118858624e-5 5.9747983302071124e-5 5.731620484938231e-5 6.205861464271675e-5 
3.1217939052201014e-7 1.49840266419515e-6 1.4692011916118324e-5 6.059079300696119e-5 6.250296217874982e-5 5.8707295775475495e-5 
2.690744254211755e-7 1.4143092989187743e-6 1.2740756782849603e-5 6.131102197342434e-5 6.30134709086143e-5 5.998654844729619e-5 
2.2730385902775812e-7 1.28558833015276e-6 1.0844431366578648e-5 6.206164546480185e-5 6.321958270952426e-5 6.1008982777196926e-5 
1.8729280373652467e-7 1.1151562992135968e-6 8.999163908465878e-6 6.317349225746787e-5 6.257260382038288e-5 6.167412002710804e-5 
1.4804243969228463e-7 9.132146882985312e-7 7.20177095945361e-6 6.351733912112305e-5 6.203802005995958e-5 6.257559261918872e-5 
1.1076106766825227e-7 6.958474131814061e-7 5.442234894322936e-6 6.358352380264528e-5 6.24697797519643e-5 6.294316227008264e-5 
7.384211430004469e-8 4.6818513883076076e-7 3.6534586472619825e-6 6.335138226028688e-5 6.293680076654758e-5 6.340620824367198e-5 
3.6955000880468106e-8 2.3523467143223625e-7 1.8443670642344892e-6 6.342838088528103e-5 6.316573206596198e-5 6.377176365191541e-5 
0.0 0.0 0.0 6.406014621538906e-5 6.324414858670027e-5 6.325394344012829e-5 
9.314637982075338e-8 9.314479875281119e-8 1.553848439407983e-6 6.326604802663436e-5 6.327020161012002e-5 6.403052780277391e-5 
1.7825600328040964e-7 1.7826510010561347e-7 3.0864905051959795e-6 6.312533219311097e-5 6.312682948776838e-5 6.374679471443732e-5 
2.4954372461562927e-7 2.495402750327261e-7 4.604138670988366e-6 6.315032229209792e-5 6.315743020266165e-5 6.372654262934988e-5 
3.025787141655334e-7 3.0257585916468863e-7 6.130569551932145e-6 6.305932204925663e-5 6.306288471391766e-5 6.345523120678462e-5 
3.3662490337467306e-7 3.365991673665148e-7 7.640246950482092e-6 6.290951989976616e-5 6.290910452391272e-5 6.336464799869023e-5 
3.550179173399522e-7 3.5504476709102795e-7 9.143482731723688e-6 6.26064638842904e-5 6.259880874648322e-5 6.31140347834037e-5 
3.6471873196610757e-7 3.6481269004838645e-7 1.0651546697202638e-5 6.225012152780802e-5 6.22555701863056e-5 6.271016152498284e-5 
3.7309095850180984e-7 3.732372031489248e-7 1.2176902964960387e-5 6.216696855147887e-5 6.165484656702373e-5 6.165711676700772e-5 
3.8751423961419146e-7 3.876668460019232e-7 1.3768413103628913e-5 6.163881121457558e-5 6.088744550885386e-5 6.087646980333621e-5 
4.1372351120000524e-7 4.1392586576341045e-7 1.540231627025117e-5 6.101840313561824e-5 5.994533140537473e-5 5.995295971525801e-5 
4.523932034977411e-7 4.5257504002759713e-7 1.7027429235658882e-5 6.0122027369841654e-5 5.8795487268558275e-5 5.879827316633079e-5 
5.024237725875809e-7 5.024011520098398e-7 1.8681181683207784e-5 5.930447796390581e-5 5.752188869650493e-5 5.7523167822508424e-5 
5.611647596066893e-7 5.611056802790256e-7 2.0310131264556506e-5 5.84595523092062e-5 5.61525077668713e-5 5.615282979284401e-5 
6.303602519572459e-7 6.303973134918579e-7 2.187624521797587e-5 5.7654066661767625e-5 5.467626359714124e-5 5.46722025368431e-5 
7.092165536895157e-7 7.09158676486442e-7 2.3178329233161086e-5 5.6514015435651246e-5 5.291461844387684e-5 5.290826892528042e-5 
7.96795992937317e-7 7.967885802570435e-7 2.440078426884426e-5 5.5924655829873754e-5 5.145051058058182e-5 5.144729108875613e-5 
8.960840559013243e-7 8.959684901830501e-7 2.5489760536087347e-5 5.55968680008879e-5 5.0284807974259054e-5 5.027631846113024e-5 
1.002342283936117e-6 1.0024006456535294e-6 2.6436893496383393e-5 5.548705352251733e-5 4.9024380885097466e-5 4.9017525840271494e-5 
1.1147321836420828e-6 1.1144798356223537e-6 2.7306820760474053e-5 5.5628557372519974e-5 4.8167569365822794e-5 4.814960288335114e-5 
1.2299584926226277e-6 1.2296662502433774e-6 2.802675551070821e-5 5.595813451595311e-5 4.7585814931533624e-5 4.759699933110489e-5 
1.3427284297699421e-6 1.342106571566802e-6 2.8442040091594574e-5 5.625602449172914e-5 4.7180056346787356e-5 4.7225690948850526e-5 
1.4437043141046692e-6 1.4437869790620862e-6 2.8443157243472805e-5 5.690341492113155e-5 4.698890740704029e-5 4.698248035771696e-5 
1.5249901661988417e-6 1.5252042888472431e-6 2.769711818459005e-5 5.7879533356936e-5 4.6852202567794886e-5 4.684759235049461e-5 
1.5755185801570599e-6 1.5762003831501962e-6 2.620838088792025e-5 5.9307721341316675e-5 4.677288083108963e-5 4.6767412561739296e-5 
1.594433391916957e-6 1.595518177769798e-6 2.5303027417292498e-5 6.045172711225943e-5 4.6805471957603475e-5 4.677693544990118e-5 

9.815857541094983e-7 2.8887075334641157e-6 5.19223379170384e-5 6.179153909018176e-5 6.925002252885663e-5 6.961276691376333e-5 
9.924972250088085e-7 2.296291232780082e-6 5.0637624146402425e-5 6.224312704097426e-5 6.879393350019293e-5 6.893747606401421e-5 
1.0048144043850678e-6 1.8789572402814526e-6 4.935741280224827e-5 6.245614602746083e-5 6.835457923386954e-5 6.817259060485881e-5 
1.0181455153686248e-6 1.7030380447408163e-6 4.803560928448345e-5 6.273908458294076e-5 6.840672960718262e-5 6.760876948776246e-5 
1.0249558195006554e-6 1.7299078337724412e-6 4.6764427750816675e-5 6.318726284590629e-5 6.884115194233674e-5 6.738450405967576e-5 
1.0173631338781089e-6 1.8560623519587539e-6 4.5183411514865645e-5 6.387088175250282e-5 6.951640574868494e-5 6.77493154171394e-5 
9.9640415097291e-7 1.987450905550566e-6 4.338484707511807e-5 6.486841065131225e-5 7.02149698607718e-5 6.86996727132154e-5 
9.669891629406664e-7 2.0769530280883795e-6 4.140459278161473e-5 6.664095330005471e-5 7.118294561952093e-5 6.959130838056294e-5 
9.274449746442181e-7 2.1017085057734313e-6 3.913748908885119e-5 6.889348005862265e-5 7.194279244891547e-5 6.966529474698664e-5 
8.825309139224781e-7 2.0732758803005496e-6 3.668447337507205e-5 7.14212708147262e-5 7.271039786006678e-5 6.930154591735644e-5 
8.297062244708233e-7 2.0045248994387193e-6 3.3998444188028965e-5 7.375950978981451e-5 7.329613586325451e-5 6.872534645685746e-5 
7.680072035383289e-7 1.919306918921653e-6 3.1211419218460066e-5 7.557491106337649e-5 7.373816607535195e-5 6.826277683279094e-5 
7.002749001328947e-7 1.8284730166388654e-6 2.8328201004014537e-5 7.624603543596005e-5 7.41046167162528e-5 6.77489805763203e-5 
6.294079450944701e-7 1.7382451386191427e-6 2.533545477107363e-5 7.597420834646644e-5 7.40307881028649e-5 6.725754163115125e-5 
5.574236560611241e-7 1.6574656534980853e-6 2.2402034309740182e-5 7.465523203004925e-5 7.375008836995975e-5 6.678284736238813e-5 
4.855846601841121e-7 1.5881797620783833e-6 1.9514591153276006e-5 7.291385473872444e-5 7.2911520237343e-5 6.640202873574694e-5 
4.1685068693692043e-7 1.5203206604868924e-6 1.6820654775262765e-5 7.104430503933234e-5 7.177349699895214e-5 6.616079906587485e-5 
3.5311055975655885e-7 1.4379245180720787e-6 1.4304319763388862e-5 6.90937770929131e-5 6.56304117763617e-5 7.031431036971091e-5 
2.942111762208099e-7 1.3279511308681474e-6 1.2022633305496482e-5 6.724918692691764e-5 6.511032510522446e-5 6.875481333925398e-5 
2.4053294749808994e-7 1.190756018695215e-6 9.96761755985056e-6 6.568810252431191e-5 6.461349305277597e-5 6.714294505632091e-5 
1.9248087937421249e-7 1.0258267180415376e-6 8.103595652223038e-6 6.437040223709874e-5 6.413752514639695e-5 6.563346905872526e-5 
1.4853700584057458e-7 8.405458275490623e-7 6.391058957240815e-6 6.386961924315035e-5 6.429012492735402e-5 6.328576017226663e-5 
1.0907775609846179e-7 6.3997758776005e-7 4.7624148432680614e-6 6.328587027577415e-5 6.34926639079545e-5 6.271335756087306e-5 
7.174356591304812e-8 4.303708480847e-7 3.173810641193488e-6 6.267255893714036e-5 6.30790203897843e-5 6.24161120505198e-5 
3.568128787751139e-8 2.1685622277351017e-7 1.5950309629498378e-6 6.260888157656729e-5 6.295869748768125e-5 6.254046794780086e-5 
0.0 0.0 0.0 6.212510479259353e-5 6.277912936958962e-5 6.27783429201162e-5 
8.823169434173573e-8 8.823598106347839e-8 1.3315371097270108e-6 6.277013641577773e-5 6.27791764990646e-5 6.237745818323551e-5 
1.6875232550335678e-7 1.6875341453713215e-7 2.6515770809055443e-6 6.29029436839845e-5 6.2908080646977e-5 6.238216228674788e-5 
2.3489289608414794e-7 2.3489476593259178e-7 3.964778242415739e-6 6.320814214555848e-5 6.320948683074199e-5 6.240872253045702e-5 
2.8244976488287825e-7 2.824357643744413e-7 5.2941288808102256e-6 6.390682440221927e-5 6.390884267462996e-5 6.275713017018058e-5 
3.1043397634992787e-7 3.1042214213709216e-7 6.652093121981822e-6 6.464532067623283e-5 6.464538934265152e-5 6.326753141595824e-5 
3.2185077873527135e-7 3.2184934659406364e-7 8.017837735248247e-6 6.538573364573414e-5 6.538791898925168e-5 6.369038002742296e-5 
3.2354434950035215e-7 3.235478223725837e-7 9.39337574422084e-6 6.617878390084112e-5 6.61758386209785e-5 6.401339799311934e-5 
3.241409601190166e-7 3.241814453448823e-7 1.0874462803355441e-5 6.465094481799442e-5 6.727318472790778e-5 6.727795409390314e-5 
3.3228382699448605e-7 3.323109669932982e-7 1.2429123970956148e-5 6.540425145602736e-5 6.831070592297593e-5 6.830728878627409e-5 
3.5455735311689256e-7 3.545707359988248e-7 1.4060198312540127e-5 6.651385779689342e-5 6.938110776113863e-5 6.938445588285489e-5 
3.9329746076107806e-7 3.9334151657443127e-7 1.5731370732194187e-5 6.761220869042565e-5 7.03726511838932e-5 7.037954039565159e-5 
4.4848989408230503e-7 4.485575547244049e-7 1.737920661956588e-5 6.82828711441517e-5 7.144347884136478e-5 7.144699761732129e-5 
5.186309354538313e-7 5.186452486915347e-7 1.9019770489627332e-5 6.907326442451185e-5 7.235747387876572e-5 7.23514500044196e-5 
6.021330037113036e-7 6.021496940294636e-7 2.058031220117101e-5 6.950602938503685e-5 7.316607889400407e-5 7.317210476743204e-5 
6.971968140181999e-7 6.972546237978397e-7 2.2075671432205094e-5 6.971575946175261e-5 7.34887378475452e-5 7.349700175258365e-5 
8.037750002051632e-7 8.038585144012219e-7 2.3501303971306805e-5 6.935465851933326e-5 7.377510267702319e-5 7.378037740564172e-5 
9.203077756894514e-7 9.202487456975854e-7 2.502030546692687e-5 6.866247651665837e-5 7.390372558606702e-5 7.391147818562711e-5 
1.0386775972171975e-6 1.0388014430385736e-6 2.651677419860092e-5 6.7341672747182e-5 7.369143704600606e-5 7.370281780051202e-5 
1.1526859166839824e-6 1.152773498135371e-6 2.8243431893741786e-5 6.558950348133912e-5 7.358430549004025e-5 7.357324895267557e-5 
1.253311313044077e-6 1.2533228222256285e-6 3.0103034986385018e-5 6.319026485040499e-5 7.348554596535919e-5 7.350591410103347e-5 
1.3331728943338105e-6 1.3331024207771268e-6 3.2201827232790825e-5 6.055805419173713e-5 7.331588304419374e-5 7.333748685950726e-5 
1.391466646227121e-6 1.391194802914023e-6 3.4488052212159786e-5 5.7964990764322536e-5 7.332602227595118e-5 7.33094532852087e-5 
1.4283900867622161e-6 1.4280176793459507e-6 3.6679320671985994e-5 5.542338863126157e-5 7.340084787990684e-5 7.337835974346246e-5 
1.445879632238642e-6 1.4454569438047223e-6 3.848722723711109e-5 5.344281700996445e-5 7.349906960905299e-5 7.353046490360159e-5 
1.4547707295761017e-6 1.4542100128859754e-6 3.9199488678680836e-5 5.2683568234768555e-5 7.356374435685548e-5 7.358880299711848e-5 

2.1808714523098957e-7 8.343682661111147e-7 1.6731713224605128e-5 1.665810682740061e-5 2.6026517782947954e-5 1.2467036606072588e-5 
2.393219347788234e-7 6.38361432164652e-7 1.6764025138425586e-5 1.7538742463464255e-5 2.8123857765175933e-5 1.2877641935181758e-5 
2.6136341773304366e-7 4.856793968677126e-7 1.6579500275324982e-5 1.8238619631878488e-5 3.018278300814897e-5 1.3776685554928554e-5 
2.844603283962499e-7 4.0640023236280934e-7 1.6057914544573666e-5 1.8812623855093394e-5 3.2096266906318626e-5 1.5004426447742777e-5 
3.0739547739827904e-7 3.9133163090799394e-7 1.53609129301092e-5 1.921449419130604e-5 3.371848866124249e-5 1.6399576173264037e-5 
3.2570588636613616e-7 4.127989685281124e-7 1.444419719475787e-5 1.960469932508274e-5 3.501080093831906e-5 1.7855551460989677e-5 
3.386808424389116e-7 4.412114227412976e-7 1.3445736541129974e-5 2.0036629448476586e-5 3.592498759008474e-5 1.9204176760460775e-5 
3.445217346833646e-7 4.5795742056812243e-7 1.2400690365413018e-5 2.053559091711753e-5 3.639626308514128e-5 2.0459590260778275e-5 
3.4298591696725666e-7 4.629929492184044e-7 1.1496943723346495e-5 2.1249305405909664e-5 3.66455386715431e-5 2.205688678079688e-5 
3.311640856339446e-7 4.487672442830365e-7 1.0621502376530762e-5 2.2110759698058107e-5 3.6490325350606304e-5 2.3920072385189322e-5 
3.1378583602561887e-7 4.274298478190599e-7 9.733072804613434e-6 2.3185304573745245e-5 3.622354409271596e-5 2.57603590906044e-5 
2.953698281927066e-7 4.053200071708219e-7 9.0193321775175e-6 2.470394932946063e-5 3.607231300491645e-5 2.77858188532321e-5 
2.73851703093891e-7 3.845872245056379e-7 8.297284859420388e-6 2.617439874156335e-5 3.583560360443308e-5 2.959363425221545e-5 
2.535001053323628e-7 3.715072860783376e-7 7.601821613512698e-6 2.772075315172574e-5 3.577071080043419e-5 3.120908986760706e-5 
2.356296157313603e-7 3.717129344799791e-7 6.991463975393977e-6 2.935127910848621e-5 3.592273102035522e-5 3.2820127169718875e-5 
2.1797244275652835e-7 3.894116111803317e-7 6.42968463038798e-6 3.115265607430713e-5 3.6096006781952036e-5 3.43935878421177e-5 
1.9891786054363904e-7 4.1588031894668513e-7 5.910799692599623e-6 3.277204863499841e-5 3.6388461451686356e-5 3.5700768189109776e-5 
1.794794441035507e-7 4.4410652917353527e-7 5.4295660846623025e-6 3.4227539784722016e-5 3.687436055445997e-5 3.684267718234355e-5 
1.5902087272850537e-7 4.6157866950157884e-7 4.964584788739554e-6 3.5636738167005354e-5 3.7814047296946884e-5 3.750242802662217e-5 
1.3773143193329582e-7 4.600743840070505e-7 4.471839060407613e-6 3.715141237913914e-5 3.824815269359743e-5 3.8107343411469454e-5 
1.1580859117159392e-7 4.336274945417656e-7 3.932491104586431e-6 3.9077547331251304e-5 3.804258296635996e-5 3.880323654427883e-5 
9.322023539424136e-8 3.803699747341173e-7 3.31203839737863e-6 3.962547888763606e-5 3.9271925632779617e-5 3.882737940774138e-5 
7.049694778036099e-8 3.0426827660758997e-7 2.5910128347142525e-6 3.990708345460402e-5 3.9714495755708545e-5 3.949318024384431e-5 
4.742050113796955e-8 2.112681318417594e-7 1.7857439085845471e-6 4.0133204537764537e-5 4.0067777025155476e-5 3.999409751761404e-5 
2.377131188302418e-8 1.0769818757434971e-7 9.094988986061948e-7 4.010313709392103e-5 4.003986650613686e-5 4.0183450377997054e-5 
0.0 0.0 0.0 4.015703632295139e-5 4.001159888989624e-5 4.0016800901041665e-5 
4.695309881423649e-8 4.695366463239982e-8 7.653004100493484e-7 4.0022820274348144e-5 4.002304330445651e-5 4.024693579679783e-5 
8.951788307511668e-8 8.952298021769379e-8 1.5061951174677086e-6 4.0045532388214955e-5 4.004539991265409e-5 4.019653228339321e-5 
1.2318274787023448e-7 1.231885224789195e-7 2.205718471673819e-6 3.981058764966919e-5 3.9810680994903385e-5 3.9795795075461714e-5 
1.4610664063678012e-7 1.4610620633051398e-7 2.850078974445507e-6 3.95440754460112e-5 3.9544468444959173e-5 3.9244918078805035e-5 
1.5832785179470034e-7 1.583295708326798e-7 3.4211687594380027e-6 3.929023158193057e-5 3.929044323865332e-5 3.860093471483432e-5 
1.6147733454257638e-7 1.6147774954302899e-7 3.9178987796177675e-6 3.8798426745289005e-5 3.879908272987428e-5 3.7779672542770314e-5 
1.6029794907477612e-7 1.6029733324095725e-7 4.34920493332927e-6 3.8361275576525874e-5 3.83618368987424e-5 3.701227419839459e-5 
1.5782833928431075e-7 1.5782528915730433e-7 4.717586464835421e-6 3.595845174462469e-5 3.777895585054043e-5 3.7779321809331406e-5 
1.5778747954576358e-7 1.5779805963642823e-7 5.019512893011906e-6 3.461869611556404e-5 3.713166236743603e-5 3.7127888259235776e-5 
1.6145303129270602e-7 1.614953370478196e-7 5.2906175363691275e-6 3.3056904446054085e-5 3.636022232717203e-5 3.6364564269407044e-5 
1.6922343286287692e-7 1.6925414348032126e-7 5.545194127882754e-6 3.1332636595168856e-5 3.5729821303566114e-5 3.572964673291829e-5 
1.7940413884562685e-7 1.7944356143862693e-7 5.777176341301642e-6 2.9395044608051745e-5 3.5034738261482346e-5 3.503896855396356e-5 
1.912515467540575e-7 1.9128861643496224e-7 6.033298124583927e-6 2.7337365680375526e-5 3.457380731832551e-5 3.457176233814418e-5 
2.0251787734612537e-7 2.025439136689559e-7 6.292930123329667e-6 2.5103475565140555e-5 3.401758286334646e-5 3.401104758922576e-5 
2.1413361929539623e-7 2.1415555673896248e-7 6.544658175052716e-6 2.2774078245567895e-5 3.3586904129909666e-5 3.358760923669286e-5 
2.268203260845125e-7 2.2684162396455254e-7 6.836684523933055e-6 2.0379916906660538e-5 3.3181203253081364e-5 3.3178835480336864e-5 
2.381580631269279e-7 2.3817550264297746e-7 7.132757420870096e-6 1.816909877264307e-5 3.269679976137458e-5 3.2699565661118484e-5 
2.4987809444402905e-7 2.498969344130626e-7 7.503412728284183e-6 1.6238213033422736e-5 3.238500635564377e-5 3.23846744655541e-5 
2.5764674392992505e-7 2.5764630361278786e-7 7.916043573795293e-6 1.4433106738710414e-5 3.1928122568718206e-5 3.19300374494601e-5 
2.6156886652460556e-7 2.6157052478762404e-7 8.427866347512446e-6 1.2743611529274667e-5 3.158131042773637e-5 3.158319146568127e-5 
2.616631010975908e-7 2.616453426934164e-7 9.056920802587115e-6 1.1170449101870918e-5 3.126304410740104e-5 3.12630442292822e-5 
2.5966391042239366e-7 2.596512443359127e-7 9.801181436785394e-6 9.665941438850232e-6 3.090821190233178e-5 3.0911976994322604e-5 
2.5581280958014196e-7 2.558115556135353e-7 1.0736195505073951e-5 8.154797908346635e-6 3.065278689707182e-5 3.065336786827431e-5 
2.5327785056009115e-7 2.5327778309215746e-7 1.1718241943224561e-5 6.762836768325381e-6 3.042627535424503e-5 3.042634239452691e-5 
2.513274785560157e-7 2.5132705913873837e-7 1.223846719082747e-5 6.1413267541945485e-6 3.0305138675516432e-5 3.0305159287722097e-5 

9.695811480519201e-11 1.6481959476328507e-8 1.0158287964401694e-7 2.4659971556477576e-7 2.00667296093211e-7 8.950165941803712e-8 
1.998873214120092e-10 1.909435313099664e-8 1.7711056736194027e-7 4.2954424026173963e-7 3.3538789416377443e-7 1.3165713795584385e-7 
3.027320019378605e-10 1.625496265472885e-8 2.6315969862841935e-7 6.076983910824713e-7 4.914911304554568e-7 1.6137678455321137e-7 
3.972008699576636e-10 1.2720490228281229e-8 3.4464875656023987e-7 7.992411283233298e-7 6.529151616856189e-7 1.7927074787406653e-7 
5.65929225681662e-10 9.824315955741082e-9 4.376439146453324e-7 1.0156755049526005e-6 8.711083617804862e-7 1.9055560486404756e-7 
7.17141727647241e-10 9.156749116270356e-9 5.206950444276602e-7 1.2335122436477119e-6 1.1348749632203949e-6 1.9156335412607704e-7 
1.0063826083071174e-9 1.0343742692082762e-8 6.123365355912241e-7 1.4910297015326815e-6 1.5083015703939226e-6 2.2957445889801185e-7 
3.076443739159951e-9 1.2925755022551098e-8 7.993497400578636e-7 1.746494529808826e-6 2.0852038177830486e-6 5.940273780585472e-7 
6.7808409916893315e-9 1.5426128229677123e-8 9.47422941988833e-7 2.050701285093105e-6 2.864497992205176e-6 1.0459240809812406e-6 
1.2596355506334455e-8 1.811619640127202e-8 1.1074448507920699e-6 2.424736763870302e-6 3.966059303689685e-6 1.7535046613679535e-6 
2.034590740605682e-8 1.989570567862073e-8 1.2426895015302817e-6 2.8622361864601533e-6 5.270173399022738e-6 2.622169975776288e-6 
2.804773842725047e-8 2.186698127841927e-8 1.3222808432472069e-6 3.419583386285172e-6 6.58779841686053e-6 3.609040011872857e-6 
3.466924033727675e-8 2.421390251615914e-8 1.3557543268321888e-6 4.112013233048416e-6 7.906360569498685e-6 4.691017736564524e-6 
4.1101675113377595e-8 2.8495985811809556e-8 1.3868543508908248e-6 5.093219244820728e-6 9.262081679298715e-6 5.897991503991041e-6 
4.3526211435997914e-8 3.519680043782227e-8 1.3570841868108836e-6 6.217715599896101e-6 1.0378362186855016e-5 6.990255265276749e-6 
4.352096797410377e-8 4.477905576854094e-8 1.2730099720154762e-6 7.328914947233895e-6 1.1145391821947501e-5 7.894742646993507e-6 
4.123973223561584e-8 5.7051338721286024e-8 1.167813514086486e-6 8.369134741096922e-6 1.1645698924431142e-5 8.696292512299123e-6 
3.7556387339252845e-8 6.974292788637641e-8 1.062645896306831e-6 9.27180699274537e-6 9.475558225461434e-6 1.1988620061081523e-5 
3.2947276705561636e-8 8.010554066338055e-8 9.546733382225204e-7 1.0085510808566797e-5 1.019652917536104e-5 1.2250522588696734e-5 
2.7960250071206408e-8 8.495665772170988e-8 8.395679294049097e-7 1.0715161267281794e-5 1.069308046043189e-5 1.2372699929352942e-5 
2.2841425763484118e-8 8.301247326484004e-8 7.229341839501863e-7 1.1253366528077765e-5 1.1096606948364601e-5 1.23192311554393e-5 
1.7999147805125607e-8 7.448853582282567e-8 6.028826492349855e-7 1.1549775260817866e-5 1.2269815106937445e-5 1.143435746880021e-5 
1.3434604269369082e-8 6.094362578836261e-8 4.71334630866819e-7 1.1837262530054442e-5 1.227554449252463e-5 1.175987149885194e-5 
8.918030607186367e-9 4.269447918314098e-8 3.233826647993076e-7 1.1991683320381426e-5 1.2216749558073726e-5 1.1925269049386147e-5 
4.468138999938259e-9 2.2097385385611772e-8 1.6591869725972686e-7 1.2172510141934903e-5 1.2197452998808451e-5 1.2085997983901402e-5 
0.0 0.0 0.0 1.2114283358043648e-5 1.2221181739470543e-5 1.2222081728576874e-5 
9.799554488660421e-9 9.79960239207652e-9 1.3954612522910738e-7 1.219616963583051e-5 1.2196358691118526e-5 1.2044836480163395e-5 
1.84633010097519e-8 1.846363235505028e-8 2.7367188368521666e-7 1.2184726072965115e-5 1.2185417946456106e-5 1.1921998326570027e-5 
2.51145384852157e-8 2.511569020315793e-8 4.0088359653931604e-7 1.2155439019464218e-5 1.2156336800488927e-5 1.1758046293310471e-5 
2.9439176803924505e-8 2.9442041551333854e-8 5.137478485316907e-7 1.2128242798945173e-5 1.2127619893274369e-5 1.146695035367957e-5 
3.132466226288726e-8 3.132327226086994e-8 6.195236675936954e-7 1.212481014073689e-5 1.2124558998656789e-5 1.1169673764444531e-5 
3.144842968880904e-8 3.1446548642595105e-8 7.109409585914811e-7 1.206780889234505e-5 1.2067943861445273e-5 1.0735931098856188e-5 
3.07327502863855e-8 3.073019166345299e-8 7.902346023032544e-7 1.1924572709162486e-5 1.1925339989093248e-5 1.0218624117830987e-5 
3.055188133531197e-8 3.0548501188588015e-8 8.604722252503513e-7 9.637218018346489e-6 1.1830707253383509e-5 1.1831979762975805e-5 
3.154910828311529e-8 3.1545660796250815e-8 9.224359869871197e-7 8.98072351190358e-6 1.1562045394731999e-5 1.1562483986954696e-5 
3.4134858988629475e-8 3.413048698919087e-8 9.741332580855066e-7 8.256179399115294e-6 1.128233075133319e-5 1.1283543010302625e-5 
3.7536989818642647e-8 3.7531344679485374e-8 1.0138912376103432e-6 7.480222497658746e-6 1.0951526930594905e-5 1.0953667551037199e-5 
4.097186021854655e-8 4.099797383066256e-8 1.051213852893792e-6 6.622432043422549e-6 1.0478855581510215e-5 1.0477954593449895e-5 
4.422394618483515e-8 4.4250164943130736e-8 1.0891951443156835e-6 5.7600147280764294e-6 9.971209202781273e-6 9.974041198349296e-6 
4.554314170708984e-8 4.5540005661723196e-8 1.113508618779942e-6 4.872476113140667e-6 9.312484516691586e-6 9.311251341710307e-6 
4.5489362635085505e-8 4.549373756751751e-8 1.1385762477705648e-6 4.046314862611031e-6 8.704768809771998e-6 8.705208469866055e-6 
4.383862449959082e-8 4.383245079572497e-8 1.1632968458889294e-6 3.319926666990004e-6 8.036181733605751e-6 8.03661792426386e-6 
4.005659135741076e-8 4.008512780578529e-8 1.1907228706462318e-6 2.65296736109465e-6 7.317737231572562e-6 7.3167171351643775e-6 
3.5628921428230224e-8 3.562895725114549e-8 1.2364700753827163e-6 2.1631442218140485e-6 6.658981706659016e-6 6.658987938419539e-6 
3.0579491066003805e-8 3.058487749528304e-8 1.2926297573868113e-6 1.7493838277690884e-6 6.092085447895206e-6 6.093198134838722e-6 
2.566111264871344e-8 2.5662842613576127e-8 1.3688523035580476e-6 1.4601301069957823e-6 5.6074248395496175e-6 5.607457877944815e-6 
2.1194040523072875e-8 2.119468932104608e-8 1.4812508540751843e-6 1.2112304649211038e-6 5.1975234970736374e-6 5.197469819607569e-6 
1.807547511120801e-8 1.8078541933432378e-8 1.6219184845693643e-6 9.407159490565103e-7 4.938055458797395e-6 4.9391279980803385e-6 
1.5875982795091253e-8 1.5876819001893445e-8 1.8368711948166529e-6 6.636078691687654e-7 4.764246180450267e-6 4.7647432482820404e-6 
1.4160560399029408e-8 1.4160997901081229e-8 2.0456360364497773e-6 3.735019353718497e-7 4.631128453205418e-6 4.63091626483318e-6 
1.3834033168969978e-8 1.3835660090918285e-8 2.2069206644174543e-6 2.2888902408253133e-7 4.623948773565804e-6 4.623504107767505e-6 

0.0 0.0 0.0 0.0 0.0 0.0 
0.0 0.0 0.0 0.0 0.0 0.0 
0.0 0.0 0.0 0.0 0.0 0.0 
0.0 0.0 0.0 0.0 0.0 0.0 
0.0 0.0 0.0 0.0 0.0 0.0 
0.0 0.0 0.0 0.0 0.0 0.0 
0.0 0.0 0.0 0.0 0.0 0.0 
0.0 0.0 0.0 0.0 0.0 0.0 
0.0 0.0 0.0 0.0 0.0 0.0 
0.0 0.0 0.0 0.0 0.0 0.0 
0.0 0.0 0.0 0.0 0.0 0.0 
0.0 0.0 0.0 0.0 0.0 0.0 
0.0 0.0 0.0 0.0 0.0 0.0 
0.0 0.0 0.0 0.0 0.0 0.0 
1.164210708984848e-11 4.275756669592392e-13 7.254745450944081e-10 9.480742091992987e-11 2.3999997534547177e-10 6.343012592888775e-8 
1.76346049622088e-10 5.2530803821439265e-11 3.4692336173792114e-9 1.0611111815725105e-8 3.810083661994349e-9 1.965624032921706e-7 
7.018297045342524e-10 5.405604536121374e-10 1.3811517684822303e-8 1.0019919471709315e-7 1.4214894271010055e-7 3.8612093211905404e-7 
1.2734077143954723e-9 1.4733439716590883e-9 2.597723562195791e-8 2.429254118893091e-7 6.275676628343877e-7 3.378542562789672e-7 
1.9493939328638407e-9 3.282017532716124e-9 4.6188588262499215e-8 4.996331314909378e-7 8.923767929731395e-7 6.174694035111687e-7 
2.228634494619753e-9 5.615715944459728e-9 6.177154486044589e-8 8.77219557005797e-7 1.0848092093147477e-6 9.189966343170435e-7 
2.4591842776893167e-9 7.392027060640299e-9 7.299570998046741e-8 1.3644677577808634e-6 1.209214037396097e-6 1.2223306913225751e-6 
2.289604772775171e-9 8.052421989818425e-9 7.46778574086748e-8 1.6406397796846595e-6 1.5131403261526605e-6 1.4686155962539725e-6 
1.9712945473777906e-9 7.720246869297612e-9 6.839946751026712e-8 1.8514212923011574e-6 1.7574404246489765e-6 1.7605065446619121e-6 
1.4494973849202255e-9 6.0694695529497935e-9 5.260790139720181e-8 2.0245158884166787e-6 1.98219292976537e-6 1.994988872029021e-6 
7.640299337682199e-10 3.32253530282792e-9 2.8809979626396347e-8 2.1387184665555043e-6 2.1000011989717684e-6 2.141406638604144e-6 
0.0 0.0 0.0 2.234256473414753e-6 2.1863458952292443e-6 2.1856808023088868e-6 
1.4643910528510586e-9 1.4643140224064005e-9 2.3675296072488157e-8 2.10006280328471e-6 2.099053335742285e-6 2.1474011167535025e-6 
2.7165680959618925e-9 2.7173405308029894e-9 4.6574535930878865e-8 2.0604388554138643e-6 2.0610480129885526e-6 2.1028210183133008e-6 
3.4610174726810547e-9 3.4621142275526916e-9 6.368030020688004e-8 1.9268583115983616e-6 1.9271905402147177e-6 1.9594647875490356e-6 
3.6122061302143843e-9 3.613236964458254e-9 7.381999841313268e-8 1.7323274333940482e-6 1.7322812993829831e-6 1.7473707460827098e-6 
3.2997622143578827e-9 3.298218425479377e-9 7.624852008273851e-8 1.529448289305882e-6 1.5327878995203398e-6 1.5183655374329763e-6 
2.7445037205896675e-9 2.7365607796865627e-9 7.303571216885887e-8 1.3041688855594022e-6 1.3058077082413223e-6 1.2471970635151624e-6 
2.24194570905967e-9 2.223993006331084e-9 6.828859326620014e-8 1.0563369993896036e-6 1.0564231068442739e-6 9.960087265214498e-7 
1.7825620451499263e-9 1.7820491747162485e-9 5.9072850538756134e-8 7.731500929671613e-7 8.21308475762244e-7 8.211738944615397e-7 
1.3081288293513101e-9 1.3258495705060295e-9 4.389827421409648e-8 5.269691294219288e-7 5.815630034591612e-7 5.8041970558712e-7 
9.271036001047705e-10 9.271036001048189e-10 2.8812206540716525e-8 3.087347289670979e-7 3.758173400007876e-7 3.7581734000078395e-7 
5.41692578517507e-10 5.431435180224266e-10 1.3653009986336882e-8 1.2448398951521296e-7 1.7013068123491986e-7 1.7013290814602805e-7 
2.7253044232521864e-10 2.7253044232521647e-10 6.423471403753105e-9 5.789330674601408e-8 1.0455690302494915e-7 1.0455690302494809e-7 
5.855752215839194e-11 5.855752215838977e-11 6.226045893052573e-10 6.4915126887099505e-9 1.072158124765918e-8 1.0721581247657983e-8 
0.0 0.0 0.0 0.0 0.0 0.0 
0.0 0.0 0.0 0.0 0.0 0.0 
0.0 0.0 0.0 0.0 0.0 0.0 
0.0 0.0 0.0 0.0 0.0 0.0 
0.0 0.0 0.0 0.0 0.0 0.0 
0.0 0.0 0.0 0.0 0.0 0.0 
0.0 0.0 0.0 0.0 0.0 0.0 
0.0 0.0 0.0 0.0 0.0 0.0 
0.0 0.0 0.0 0.0 0.0 0.0 
0.0 0.0 0.0 0.0 0.0 0.0 
0.0 0.0 0.0 0.0 0.0 0.0 
0.0 0.0 0.0 0.0 0.0 0.0 

0.0 0.0 0.0 0.0 0.0 0.0 
0.0 0.0 0.0 0.0 0.0 0.0 
0.0 0.0 0.0 0.0 0.0 0.0 
0.0 0.0 0.0 0.0 0.0 0.0 
0.0 0.0 0.0 0.0 0.0 0.0 
0.0 0.0 0.0 0.0 0.0 0.0 
0.0 0.0 0.0 0.0 0.0 0.0 
0.0 0.0 0.0 0.0 0.0 0.0 
0.0 0.0 0.0 0.0 0.0 0.0 
0.0 0.0 0.0 0.0 0.0 0.0 
0.0 0.0 0.0 0.0 0.0 0.0 
0.0 0.0 0.0 0.0 0.0 0.0 
0.0 0.0 0.0 0.0 0.0 0.0 
0.0 0.0 0.0 0.0 0.0 0.0 
0.0 0.0 0.0 0.0 0.0 0.0 
0.0 0.0 0.0 0.0 0.0 0.0 
0.0 0.0 0.0 0.0 0.0 0.0 
0.0 0.0 0.0 0.0 0.0 0.0 
0.0 0.0 0.0 0.0 0.0 0.0 
0.0 0.0 0.0 0.0 0.0 0.0 
0.0 0.0 0.0 0.0 0.0 0.0 
0.0 0.0 0.0 0.0 0.0 0.0 
0.0 0.0 0.0 0.0 0.0 0.0 
0.0 0.0 0.0 0.0 0.0 0.0 
0.0 0.0 0.0 0.0 0.0 0.0 
0.0 0.0 0.0 0.0 0.0 0.0 
0.0 0.0 0.0 0.0 0.0 0.0 
0.0 0.0 0.0 0.0 0.0 0.0 
0.0 0.0 0.0 0.0 0.0 0.0 
0.0 0.0 0.0 0.0 0.0 0.0 
0.0 0.0 0.0 0.0 0.0 0.0 
0.0 0.0 0.0 0.0 0.0 0.0 
0.0 0.0 0.0 0.0 0.0 0.0 
0.0 0.0 0.0 0.0 0.0 0.0 
0.0 0.0 0.0 0.0 0.0 0.0 
0.0 0.0 0.0 0.0 0.0 0.0 
0.0 0.0 0.0 0.0 0.0 0.0 
0.0 0.0 0.0 0.0 0.0 0.0 
0.0 0.0 0.0 0.0 0.0 0.0 
0.0 0.0 0.0 0.0 0.0 0.0 
0.0 0.0 0.0 0.0 0.0 0.0 
0.0 0.0 0.0 0.0 0.0 0.0 
0.0 0.0 0.0 0.0 0.0 0.0 
0.0 0.0 0.0 0.0 0.0 0.0 
0.0 0.0 0.0 0.0 0.0 0.0 
0.0 0.0 0.0 0.0 0.0 0.0 
0.0 0.0 0.0 0.0 0.0 0.0 
0.0 0.0 0.0 0.0 0.0 0.0 
0.0 0.0 0.0 0.0 0.0 0.0 
0.0 0.0 0.0 0.0 0.0 0.0 
0.0 0.0 0.0 0.0 0.0 0.0 

0.0 0.0 0.0 0.0 0.0 0.0 
0.0 0.0 0.0 0.0 0.0 0.0 
0.0 0.0 0.0 0.0 0.0 0.0 
0.0 0.0 0.0 0.0 0.0 0.0 
0.0 0.0 0.0 0.0 0.0 0.0 
0.0 0.0 0.0 0.0 0.0 0.0 
0.0 0.0 0.0 0.0 0.0 0.0 
0.0 0.0 0.0 0.0 0.0 0.0 
0.0 0.0 0.0 0.0 0.0 0.0 
0.0 0.0 0.0 0.0 0.0 0.0 
0.0 0.0 0.0 0.0 0.0 0.0 
0.0 0.0 0.0 0.0 0.0 0.0 
0.0 0.0 0.0 0.0 0.0 0.0 
0.0 0.0 0.0 0.0 0.0 0.0 
0.0 0.0 0.0 0.0 0.0 0.0 
0.0 0.0 0.0 0.0 0.0 0.0 
0.0 0.0 0.0 0.0 0.0 0.0 
0.0 0.0 0.0 0.0 0.0 0.0 
0.0 0.0 0.0 0.0 0.0 0.0 
0.0 0.0 0.0 0.0 0.0 0.0 
0.0 0.0 0.0 0.0 0.0 0.0 
0.0 0.0 0.0 0.0 0.0 0.0 
0.0 0.0 0.0 0.0 0.0 0.0 
0.0 0.0 0.0 0.0 0.0 0.0 
0.0 0.0 0.0 0.0 0.0 0.0 
0.0 0.0 0.0 0.0 0.0 0.0 
0.0 0.0 0.0 0.0 0.0 0.0 
0.0 0.0 0.0 0.0 0.0 0.0 
0.0 0.0 0.0 0.0 0.0 0.0 
0.0 0.0 0.0 0.0 0.0 0.0 
0.0 0.0 0.0 0.0 0.0 0.0 
0.0 0.0 0.0 0.0 0.0 0.0 
0.0 0.0 0.0 0.0 0.0 0.0 
0.0 0.0 0.0 0.0 0.0 0.0 
0.0 0.0 0.0 0.0 0.0 0.0 
0.0 0.0 0.0 0.0 0.0 0.0 
0.0 0.0 0.0 0.0 0.0 0.0 
0.0 0.0 0.0 0.0 0.0 0.0 
0.0 0.0 0.0 0.0 0.0 0.0 
0.0 0.0 0.0 0.0 0.0 0.0 
0.0 0.0 0.0 0.0 0.0 0.0 
0.0 0.0 0.0 0.0 0.0 0.0 
0.0 0.0 0.0 0.0 0.0 0.0 
0.0 0.0 0.0 0.0 0.0 0.0 
0.0 0.0 0.0 0.0 0.0 0.0 
0.0 0.0 0.0 0.0 0.0 0.0 
0.0 0.0 0.0 0.0 0.0 0.0 
0.0 0.0 0.0 0.0 0.0 0.0 
0.0 0.0 0.0 0.0 0.0 0.0 
0.0 0.0 0.0 0.0 0.0 0.0 
0.0 0.0 0.0 0.0 0.0 0.0 

0.0 0.0 0.0 0.0 0.0 0.0 
0.0 0.0 0.0 0.0 0.0 0.0 
0.0 0.0 0.0 0.0 0.0 0.0 
0.0 0.0 0.0 0.0 0.0 0.0 
0.0 0.0 0.0 0.0 0.0 0.0 
0.0 0.0 0.0 0.0 0.0 0.0 
0.0 0.0 0.0 0.0 0.0 0.0 
0.0 0.0 0.0 0.0 0.0 0.0 
0.0 0.0 0.0 0.0 0.0 0.0 
0.0 0.0 0.0 0.0 0.0 0.0 
0.0 0.0 0.0 0.0 0.0 0.0 
0.0 0.0 0.0 0.0 0.0 0.0 
0.0 0.0 0.0 0.0 0.0 0.0 
0.0 0.0 0.0 0.0 0.0 0.0 
0.0 0.0 0.0 0.0 0.0 0.0 
0.0 0.0 0.0 0.0 0.0 0.0 
0.0 0.0 0.0 0.0 0.0 0.0 
0.0 0.0 0.0 0.0 0.0 0.0 
0.0 0.0 0.0 0.0 0.0 0.0 
0.0 0.0 0.0 0.0 0.0 0.0 
0.0 0.0 0.0 0.0 0.0 0.0 
0.0 0.0 0.0 0.0 0.0 0.0 
0.0 0.0 0.0 0.0 0.0 0.0 
0.0 0.0 0.0 0.0 0.0 0.0 
0.0 0.0 0.0 0.0 0.0 0.0 
0.0 0.0 0.0 0.0 0.0 0.0 
0.0 0.0 0.0 0.0 0.0 0.0 
0.0 0.0 0.0 0.0 0.0 0.0 
0.0 0.0 0.0 0.0 0.0 0.0 
0.0 0.0 0.0 0.0 0.0 0.0 
0.0 0.0 0.0 0.0 0.0 0.0 
0.0 0.0 0.0 0.0 0.0 0.0 
0.0 0.0 0.0 0.0 0.0 0.0 
0.0 0.0 0.0 0.0 0.0 0.0 
0.0 0.0 0.0 0.0 0.0 0.0 
0.0 0.0 0.0 0.0 0.0 0.0 
0.0 0.0 0.0 0.0 0.0 0.0 
0.0 0.0 0.0 0.0 0.0 0.0 
0.0 0.0 0.0 0.0 0.0 0.0 
0.0 0.0 0.0 0.0 0.0 0.0 
0.0 0.0 0.0 0.0 0.0 0.0 
0.0 0.0 0.0 0.0 0.0 0.0 
0.0 0.0 0.0 0.0 0.0 0.0 
0.0 0.0 0.0 0.0 0.0 0.0 
0.0 0.0 0.0 0.0 0.0 0.0 
0.0 0.0 0.0 0.0 0.0 0.0 
0.0 0.0 0.0 0.0 0.0 0.0 
0.0 0.0 0.0 0.0 0.0 0.0 
0.0 0.0 0.0 0.0 0.0 0.0 
0.0 0.0 0.0 0.0 0.0 0.0 
0.0 0.0 0.0 0.0 0.0 0.0 

0.0 0.0 0.0 0.0 0.0 0.0 
0.0 0.0 0.0 0.0 0.0 0.0 
0.0 0.0 0.0 0.0 0.0 0.0 
0.0 0.0 0.0 0.0 0.0 0.0 
0.0 0.0 0.0 0.0 0.0 0.0 
0.0 0.0 0.0 0.0 0.0 0.0 
0.0 0.0 0.0 0.0 0.0 0.0 
0.0 0.0 0.0 0.0 0.0 0.0 
0.0 0.0 0.0 0.0 0.0 0.0 
0.0 0.0 0.0 0.0 0.0 0.0 
0.0 0.0 0.0 0.0 0.0 0.0 
0.0 0.0 0.0 0.0 0.0 0.0 
0.0 0.0 0.0 0.0 0.0 0.0 
0.0 0.0 0.0 0.0 0.0 0.0 
0.0 0.0 0.0 0.0 0.0 0.0 
0.0 0.0 0.0 0.0 0.0 0.0 
0.0 0.0 0.0 0.0 0.0 0.0 
0.0 0.0 0.0 0.0 0.0 0.0 
0.0 0.0 0.0 0.0 0.0 0.0 
0.0 0.0 0.0 0.0 0.0 0.0 
0.0 0.0 0.0 0.0 0.0 0.0 
0.0 0.0 0.0 0.0 0.0 0.0 
0.0 0.0 0.0 0.0 0.0 0.0 
0.0 0.0 0.0 0.0 0.0 0.0 
0.0 0.0 0.0 0.0 0.0 0.0 
0.0 0.0 0.0 0.0 0.0 0.0 
0.0 0.0 0.0 0.0 0.0 0.0 
0.0 0.0 0.0 0.0 0.0 0.0 
0.0 0.0 0.0 0.0 0.0 0.0 
0.0 0.0 0.0 0.0 0.0 0.0 
0.0 0.0 0.0 0.0 0.0 0.0 
0.0 0.0 0.0 0.0 0.0 0.0 
0.0 0.0 0.0 0.0 0.0 0.0 
0.0 0.0 0.0 0.0 0.0 0.0 
0.0 0.0 0.0 0.0 0.0 0.0 
0.0 0.0 0.0 0.0 0.0 0.0 
0.0 0.0 0.0 0.0 0.0 0.0 
0.0 0.0 0.0 0.0 0.0 0.0 
0.0 0.0 0.0 0.0 0.0 0.0 
0.0 0.0 0.0 0.0 0.0 0.0 
0.0 0.0 0.0 0.0 0.0 0.0 
0.0 0.0 0.0 0.0 0.0 0.0 
0.0 0.0 0.0 0.0 0.0 0.0 
0.0 0.0 0.0 0.0 0.0 0.0 
0.0 0.0 0.0 0.0 0.0 0.0 
0.0 0.0 0.0 0.0 0.0 0.0 
0.0 0.0 0.0 0.0 0.0 0.0 
0.0 0.0 0.0 0.0 0.0 0.0 
0.0 0.0 0.0 0.0 0.0 0.0 
0.0 0.0 0.0 0.0 0.0 0.0 
0.0 0.0 0.0 0.0 0.0 0.0 

0.0 0.0 0.0 0.0 0.0 0.0 
0.0 0.0 0.0 0.0 0.0 0.0 
0.0 0.0 0.0 0.0 0.0 0.0 
0.0 0.0 0.0 0.0 0.0 0.0 
0.0 0.0 0.0 0.0 0.0 0.0 
0.0 0.0 0.0 0.0 0.0 0.0 
0.0 0.0 0.0 0.0 0.0 0.0 
0.0 0.0 0.0 0.0 0.0 0.0 
0.0 0.0 0.0 0.0 0.0 0.0 
0.0 0.0 0.0 0.0 0.0 0.0 
0.0 0.0 0.0 0.0 0.0 0.0 
0.0 0.0 0.0 0.0 0.0 0.0 
0.0 0.0 0.0 0.0 0.0 0.0 
0.0 0.0 0.0 0.0 0.0 0.0 
0.0 0.0 0.0 0.0 0.0 0.0 
0.0 0.0 0.0 0.0 0.0 0.0 
0.0 0.0 0.0 0.0 0.0 0.0 
0.0 0.0 0.0 0.0 0.0 0.0 
0.0 0.0 0.0 0.0 0.0 0.0 
0.0 0.0 0.0 0.0 0.0 0.0 
0.0 0.0 0.0 0.0 0.0 0.0 
0.0 0.0 0.0 0.0 0.0 0.0 
0.0 0.0 0.0 0.0 0.0 0.0 
0.0 0.0 0.0 0.0 0.0 0.0 
0.0 0.0 0.0 0.0 0.0 0.0 
0.0 0.0 0.0 0.0 0.0 0.0 
0.0 0.0 0.0 0.0 0.0 0.0 
0.0 0.0 0.0 0.0 0.0 0.0 
0.0 0.0 0.0 0.0 0.0 0.0 
0.0 0.0 0.0 0.0 0.0 0.0 
0.0 0.0 0.0 0.0 0.0 0.0 
0.0 0.0 0.0 0.0 0.0 0.0 
0.0 0.0 0.0 0.0 0.0 0.0 
0.0 0.0 0.0 0.0 0.0 0.0 
0.0 0.0 0.0 0.0 0.0 0.0 
0.0 0.0 0.0 0.0 0.0 0.0 
0.0 0.0 0.0 0.0 0.0 0.0 
0.0 0.0 0.0 0.0 0.0 0.0 
0.0 0.0 0.0 0.0 0.0 0.0 
0.0 0.0 0.0 0.0 0.0 0.0 
0.0 0.0 0.0 0.0 0.0 0.0 
0.0 0.0 0.0 0.0 0.0 0.0 
0.0 0.0 0.0 0.0 0.0 0.0 
0.0 0.0 0.0 0.0 0.0 0.0 
0.0 0.0 0.0 0.0 0.0 0.0 
0.0 0.0 0.0 0.0 0.0 0.0 
0.0 0.0 0.0 0.0 0.0 0.0 
0.0 0.0 0.0 0.0 0.0 0.0 
0.0 0.0 0.0 0.0 0.0 0.0 
0.0 0.0 0.0 0.0 0.0 0.0 
0.0 0.0 0.0 0.0 0.0 0.0 

0.0 0.0 0.0 0.0 0.0 0.0 
0.0 0.0 0.0 0.0 0.0 0.0 
0.0 0.0 0.0 0.0 0.0 0.0 
0.0 0.0 0.0 0.0 0.0 0.0 
0.0 0.0 0.0 0.0 0.0 0.0 
0.0 0.0 0.0 0.0 0.0 0.0 
0.0 0.0 0.0 0.0 0.0 0.0 
0.0 0.0 0.0 0.0 0.0 0.0 
0.0 0.0 0.0 0.0 0.0 0.0 
0.0 0.0 0.0 0.0 0.0 0.0 
0.0 0.0 0.0 0.0 0.0 0.0 
0.0 0.0 0.0 0.0 0.0 0.0 
0.0 0.0 0.0 0.0 0.0 0.0 
0.0 0.0 0.0 0.0 0.0 0.0 
0.0 0.0 0.0 0.0 0.0 0.0 
0.0 0.0 0.0 0.0 0.0 0.0 
0.0 0.0 0.0 0.0 0.0 0.0 
0.0 0.0 0.0 0.0 0.0 0.0 
0.0 0.0 0.0 0.0 0.0 0.0 
0.0 0.0 0.0 0.0 0.0 0.0 
0.0 0.0 0.0 0.0 0.0 0.0 
0.0 0.0 0.0 0.0 0.0 0.0 
0.0 0.0 0.0 0.0 0.0 0.0 
0.0 0.0 0.0 0.0 0.0 0.0 
0.0 0.0 0.0 0.0 0.0 0.0 
0.0 0.0 0.0 0.0 0.0 0.0 
0.0 0.0 0.0 0.0 0.0 0.0 
0.0 0.0 0.0 0.0 0.0 0.0 
0.0 0.0 0.0 0.0 0.0 0.0 
0.0 0.0 0.0 0.0 0.0 0.0 
0.0 0.0 0.0 0.0 0.0 0.0 
0.0 0.0 0.0 0.0 0.0 0.0 
0.0 0.0 0.0 0.0 0.0 0.0 
0.0 0.0 0.0 0.0 0.0 0.0 
0.0 0.0 0.0 0.0 0.0 0.0 
0.0 0.0 0.0 0.0 0.0 0.0 
0.0 0.0 0.0 0.0 0.0 0.0 
0.0 0.0 0.0 0.0 0.0 0.0 
0.0 0.0 0.0 0.0 0.0 0.0 
0.0 0.0 0.0 0.0 0.0 0.0 
0.0 0.0 0.0 0.0 0.0 0.0 
0.0 0.0 0.0 0.0 0.0 0.0 
0.0 0.0 0.0 0.0 0.0 0.0 
0.0 0.0 0.0 0.0 0.0 0.0 
0.0 0.0 0.0 0.0 0.0 0.0 
0.0 0.0 0.0 0.0 0.0 0.0 
0.0 0.0 0.0 0.0 0.0 0.0 
0.0 0.0 0.0 0.0 0.0 0.0 
0.0 0.0 0.0 0.0 0.0 0.0 
0.0 0.0 0.0 0.0 0.0 0.0 
0.0 0.0 0.0 0.0 0.0 0.0 

0.0 0.0 0.0 0.0 0.0 0.0 
0.0 0.0 0.0 0.0 0.0 0.0 
0.0 0.0 0.0 0.0 0.0 0.0 
0.0 0.0 0.0 0.0 0.0 0.0 
0.0 0.0 0.0 0.0 0.0 0.0 
0.0 0.0 0.0 0.0 0.0 0.0 
0.0 0.0 0.0 0.0 0.0 0.0 
0.0 0.0 0.0 0.0 0.0 0.0 
0.0 0.0 0.0 0.0 0.0 0.0 
0.0 0.0 0.0 0.0 0.0 0.0 
0.0 0.0 0.0 0.0 0.0 0.0 
0.0 0.0 0.0 0.0 0.0 0.0 
0.0 0.0 0.0 0.0 0.0 0.0 
0.0 0.0 0.0 0.0 0.0 0.0 
0.0 0.0 0.0 0.0 0.0 0.0 
0.0 0.0 0.0 0.0 0.0 0.0 
0.0 0.0 0.0 0.0 0.0 0.0 
0.0 0.0 0.0 0.0 0.0 0.0 
0.0 0.0 0.0 0.0 0.0 0.0 
0.0 0.0 0.0 0.0 0.0 0.0 
0.0 0.0 0.0 0.0 0.0 0.0 
0.0 0.0 0.0 0.0 0.0 0.0 
0.0 0.0 0.0 0.0 0.0 0.0 
0.0 0.0 0.0 0.0 0.0 0.0 
0.0 0.0 0.0 0.0 0.0 0.0 
0.0 0.0 0.0 0.0 0.0 0.0 
0.0 0.0 0.0 0.0 0.0 0.0 
0.0 0.0 0.0 0.0 0.0 0.0 
0.0 0.0 0.0 0.0 0.0 0.0 
0.0 0.0 0.0 0.0 0.0 0.0 
0.0 0.0 0.0 0.0 0.0 0.0 
0.0 0.0 0.0 0.0 0.0 0.0 
0.0 0.0 0.0 0.0 0.0 0.0 
0.0 0.0 0.0 0.0 0.0 0.0 
0.0 0.0 0.0 0.0 0.0 0.0 
0.0 0.0 0.0 0.0 0.0 0.0 
0.0 0.0 0.0 0.0 0.0 0.0 
0.0 0.0 0.0 0.0 0.0 0.0 
0.0 0.0 0.0 0.0 0.0 0.0 
0.0 0.0 0.0 0.0 0.0 0.0 
0.0 0.0 0.0 0.0 0.0 0.0 
0.0 0.0 0.0 0.0 0.0 0.0 
0.0 0.0 0.0 0.0 0.0 0.0 
0.0 0.0 0.0 0.0 0.0 0.0 
0.0 0.0 0.0 0.0 0.0 0.0 
0.0 0.0 0.0 0.0 0.0 0.0 
0.0 0.0 0.0 0.0 0.0 0.0 
0.0 0.0 0.0 0.0 0.0 0.0 
0.0 0.0 0.0 0.0 0.0 0.0 
0.0 0.0 0.0 0.0 0.0 0.0 
0.0 0.0 0.0 0.0 0.0 0.0 

0.0 0.0 0.0 0.0 0.0 0.0 
0.0 0.0 0.0 0.0 0.0 0.0 
0.0 0.0 0.0 0.0 0.0 0.0 
0.0 0.0 0.0 0.0 0.0 0.0 
0.0 0.0 0.0 0.0 0.0 0.0 
0.0 0.0 0.0 0.0 0.0 0.0 
0.0 0.0 0.0 0.0 0.0 0.0 
0.0 0.0 0.0 0.0 0.0 0.0 
0.0 0.0 0.0 0.0 0.0 0.0 
0.0 0.0 0.0 0.0 0.0 0.0 
0.0 0.0 0.0 0.0 0.0 0.0 
0.0 0.0 0.0 0.0 0.0 0.0 
0.0 0.0 0.0 0.0 0.0 0.0 
0.0 0.0 0.0 0.0 0.0 0.0 
0.0 0.0 0.0 0.0 0.0 0.0 
0.0 0.0 0.0 0.0 0.0 0.0 
0.0 0.0 0.0 0.0 0.0 0.0 
0.0 0.0 0.0 0.0 0.0 0.0 
0.0 0.0 0.0 0.0 0.0 0.0 
0.0 0.0 0.0 0.0 0.0 0.0 
0.0 0.0 0.0 0.0 0.0 0.0 
0.0 0.0 0.0 0.0 0.0 0.0 
0.0 0.0 0.0 0.0 0.0 0.0 
0.0 0.0 0.0 0.0 0.0 0.0 
0.0 0.0 0.0 0.0 0.0 0.0 
0.0 0.0 0.0 0.0 0.0 0.0 
0.0 0.0 0.0 0.0 0.0 0.0 
0.0 0.0 0.0 0.0 0.0 0.0 
0.0 0.0 0.0 0.0 0.0 0.0 
0.0 0.0 0.0 0.0 0.0 0.0 
0.0 0.0 0.0 0.0 0.0 0.0 
0.0 0.0 0.0 0.0 0.0 0.0 
0.0 0.0 0.0 0.0 0.0 0.0 
0.0 0.0 0.0 0.0 0.0 0.0 
0.0 0.0 0.0 0.0 0.0 0.0 
0.0 0.0 0.0 0.0 0.0 0.0 
0.0 0.0 0.0 0.0 0.0 0.0 
0.0 0.0 0.0 0.0 0.0 0.0 
0.0 0.0 0.0 0.0 0.0 0.0 
0.0 0.0 0.0 0.0 0.0 0.0 
0.0 0.0 0.0 0.0 0.0 0.0 
0.0 0.0 0.0 0.0 0.0 0.0 
0.0 0.0 0.0 0.0 0.0 0.0 
0.0 0.0 0.0 0.0 0.0 0.0 
0.0 0.0 0.0 0.0 0.0 0.0 
0.0 0.0 0.0 0.0 0.0 0.0 
0.0 0.0 0.0 0.0 0.0 0.0 
0.0 0.0 0.0 0.0 0.0 0.0 
0.0 0.0 0.0 0.0 0.0 0.0 
0.0 0.0 0.0 0.0 0.0 0.0 
0.0 0.0 0.0 0.0 0.0 0.0 

0.0 0.0 0.0 0.0 0.0 0.0 
0.0 0.0 0.0 0.0 0.0 0.0 
0.0 0.0 0.0 0.0 0.0 0.0 
0.0 0.0 0.0 0.0 0.0 0.0 
0.0 0.0 0.0 0.0 0.0 0.0 
0.0 0.0 0.0 0.0 0.0 0.0 
0.0 0.0 0.0 0.0 0.0 0.0 
0.0 0.0 0.0 0.0 0.0 0.0 
0.0 0.0 0.0 0.0 0.0 0.0 
0.0 0.0 0.0 0.0 0.0 0.0 
0.0 0.0 0.0 0.0 0.0 0.0 
0.0 0.0 0.0 0.0 0.0 0.0 
0.0 0.0 0.0 0.0 0.0 0.0 
0.0 0.0 0.0 0.0 0.0 0.0 
0.0 0.0 0.0 0.0 0.0 0.0 
0.0 0.0 0.0 0.0 0.0 0.0 
0.0 0.0 0.0 0.0 0.0 0.0 
0.0 0.0 0.0 0.0 0.0 0.0 
0.0 0.0 0.0 0.0 0.0 0.0 
0.0 0.0 0.0 0.0 0.0 0.0 
0.0 0.0 0.0 0.0 0.0 0.0 
0.0 0.0 0.0 0.0 0.0 0.0 
0.0 0.0 0.0 0.0 0.0 0.0 
0.0 0.0 0.0 0.0 0.0 0.0 
0.0 0.0 0.0 0.0 0.0 0.0 
0.0 0.0 0.0 0.0 0.0 0.0 
0.0 0.0 0.0 0.0 0.0 0.0 
0.0 0.0 0.0 0.0 0.0 0.0 
0.0 0.0 0.0 0.0 0.0 0.0 
0.0 0.0 0.0 0.0 0.0 0.0 
0.0 0.0 0.0 0.0 0.0 0.0 
0.0 0.0 0.0 0.0 0.0 0.0 
0.0 0.0 0.0 0.0 0.0 0.0 
0.0 0.0 0.0 0.0 0.0 0.0 
0.0 0.0 0.0 0.0 0.0 0.0 
0.0 0.0 0.0 0.0 0.0 0.0 
0.0 0.0 0.0 0.0 0.0 0.0 
0.0 0.0 0.0 0.0 0.0 0.0 
0.0 0.0 0.0 0.0 0.0 0.0 
0.0 0.0 0.0 0.0 0.0 0.0 
0.0 0.0 0.0 0.0 0.0 0.0 
0.0 0.0 0.0 0.0 0.0 0.0 
0.0 0.0 0.0 0.0 0.0 0.0 
0.0 0.0 0.0 0.0 0.0 0.0 
0.0 0.0 0.0 0.0 0.0 0.0 
0.0 0.0 0.0 0.0 0.0 0.0 
0.0 0.0 0.0 0.0 0.0 0.0 
0.0 0.0 0.0 0.0 0.0 0.0 
0.0 0.0 0.0 0.0 0.0 0.0 
0.0 0.0 0.0 0.0 0.0 0.0 
0.0 0.0 0.0 0.0 0.0 0.0 

0.0 0.0 0.0 0.0 0.0 0.0 
0.0 0.0 0.0 0.0 0.0 0.0 
0.0 0.0 0.0 0.0 0.0 0.0 
0.0 0.0 0.0 0.0 0.0 0.0 
0.0 0.0 0.0 0.0 0.0 0.0 
0.0 0.0 0.0 0.0 0.0 0.0 
0.0 0.0 0.0 0.0 0.0 0.0 
0.0 0.0 0.0 0.0 0.0 0.0 
0.0 0.0 0.0 0.0 0.0 0.0 
0.0 0.0 0.0 0.0 0.0 0.0 
0.0 0.0 0.0 0.0 0.0 0.0 
0.0 0.0 0.0 0.0 0.0 0.0 
0.0 0.0 0.0 0.0 0.0 0.0 
0.0 0.0 0.0 0.0 0.0 0.0 
0.0 0.0 0.0 0.0 0.0 0.0 
0.0 0.0 0.0 0.0 0.0 0.0 
0.0 0.0 0.0 0.0 0.0 0.0 
0.0 0.0 0.0 0.0 0.0 0.0 
0.0 0.0 0.0 0.0 0.0 0.0 
0.0 0.0 0.0 0.0 0.0 0.0 
0.0 0.0 0.0 0.0 0.0 0.0 
0.0 0.0 0.0 0.0 0.0 0.0 
0.0 0.0 0.0 0.0 0.0 0.0 
0.0 0.0 0.0 0.0 0.0 0.0 
0.0 0.0 0.0 0.0 0.0 0.0 
0.0 0.0 0.0 0.0 0.0 0.0 
0.0 0.0 0.0 0.0 0.0 0.0 
0.0 0.0 0.0 0.0 0.0 0.0 
0.0 0.0 0.0 0.0 0.0 0.0 
0.0 0.0 0.0 0.0 0.0 0.0 
0.0 0.0 0.0 0.0 0.0 0.0 
0.0 0.0 0.0 0.0 0.0 0.0 
0.0 0.0 0.0 0.0 0.0 0.0 
0.0 0.0 0.0 0.0 0.0 0.0 
0.0 0.0 0.0 0.0 0.0 0.0 
0.0 0.0 0.0 0.0 0.0 0.0 
0.0 0.0 0.0 0.0 0.0 0.0 
0.0 0.0 0.0 0.0 0.0 0.0 
0.0 0.0 0.0 0.0 0.0 0.0 
0.0 0.0 0.0 0.0 0.0 0.0 
0.0 0.0 0.0 0.0 0.0 0.0 
0.0 0.0 0.0 0.0 0.0 0.0 
0.0 0.0 0.0 0.0 0.0 0.0 
0.0 0.0 0.0 0.0 0.0 0.0 
0.0 0.0 0.0 0.0 0.0 0.0 
0.0 0.0 0.0 0.0 0.0 0.0 
0.0 0.0 0.0 0.0 0.0 0.0 
0.0 0.0 0.0 0.0 0.0 0.0 
0.0 0.0 0.0 0.0 0.0 0.0 
0.0 0.0 0.0 0.0 0.0 0.0 
0.0 0.0 0.0 0.0 0.0 0.0 

0.0 0.0 0.0 0.0 0.0 0.0 
0.0 0.0 0.0 0.0 0.0 0.0 
0.0 0.0 0.0 0.0 0.0 0.0 
0.0 0.0 0.0 0.0 0.0 0.0 
0.0 0.0 0.0 0.0 0.0 0.0 
0.0 0.0 0.0 0.0 0.0 0.0 
0.0 0.0 0.0 0.0 0.0 0.0 
0.0 0.0 0.0 0.0 0.0 0.0 
0.0 0.0 0.0 0.0 0.0 0.0 
0.0 0.0 0.0 0.0 0.0 0.0 
0.0 0.0 0.0 0.0 0.0 0.0 
0.0 0.0 0.0 0.0 0.0 0.0 
0.0 0.0 0.0 0.0 0.0 0.0 
0.0 0.0 0.0 0.0 0.0 0.0 
0.0 0.0 0.0 0.0 0.0 0.0 
0.0 0.0 0.0 0.0 0.0 0.0 
0.0 0.0 0.0 0.0 0.0 0.0 
0.0 0.0 0.0 0.0 0.0 0.0 
0.0 0.0 0.0 0.0 0.0 0.0 
0.0 0.0 0.0 0.0 0.0 0.0 
0.0 0.0 0.0 0.0 0.0 0.0 
0.0 0.0 0.0 0.0 0.0 0.0 
0.0 0.0 0.0 0.0 0.0 0.0 
0.0 0.0 0.0 0.0 0.0 0.0 
0.0 0.0 0.0 0.0 0.0 0.0 
0.0 0.0 0.0 0.0 0.0 0.0 
0.0 0.0 0.0 0.0 0.0 0.0 
0.0 0.0 0.0 0.0 0.0 0.0 
0.0 0.0 0.0 0.0 0.0 0.0 
0.0 0.0 0.0 0.0 0.0 0.0 
0.0 0.0 0.0 0.0 0.0 0.0 
0.0 0.0 0.0 0.0 0.0 0.0 
0.0 0.0 0.0 0.0 0.0 0.0 
0.0 0.0 0.0 0.0 0.0 0.0 
0.0 0.0 0.0 0.0 0.0 0.0 
0.0 0.0 0.0 0.0 0.0 0.0 
0.0 0.0 0.0 0.0 0.0 0.0 
0.0 0.0 0.0 0.0 0.0 0.0 
0.0 0.0 0.0 0.0 0.0 0.0 
0.0 0.0 0.0 0.0 0.0 0.0 
0.0 0.0 0.0 0.0 0.0 0.0 
0.0 0.0 0.0 0.0 0.0 0.0 
0.0 0.0 0.0 0.0 0.0 0.0 
0.0 0.0 0.0 0.0 0.0 0.0 
0.0 0.0 0.0 0.0 0.0 0.0 
0.0 0.0 0.0 0.0 0.0 0.0 
0.0 0.0 0.0 0.0 0.0 0.0 
0.0 0.0 0.0 0.0 0.0 0.0 
0.0 0.0 0.0 0.0 0.0 0.0 
0.0 0.0 0.0 0.0 0.0 0.0 
0.0 0.0 0.0 0.0 0.0 0.0 

0.0 0.0 0.0 0.0 0.0 0.0 
0.0 0.0 0.0 0.0 0.0 0.0 
0.0 0.0 0.0 0.0 0.0 0.0 
0.0 0.0 0.0 0.0 0.0 0.0 
0.0 0.0 0.0 0.0 0.0 0.0 
0.0 0.0 0.0 0.0 0.0 0.0 
0.0 0.0 0.0 0.0 0.0 0.0 
0.0 0.0 0.0 0.0 0.0 0.0 
0.0 0.0 0.0 0.0 0.0 0.0 
0.0 0.0 0.0 0.0 0.0 0.0 
0.0 0.0 0.0 0.0 0.0 0.0 
0.0 0.0 0.0 0.0 0.0 0.0 
0.0 0.0 0.0 0.0 0.0 0.0 
0.0 0.0 0.0 0.0 0.0 0.0 
0.0 0.0 0.0 0.0 0.0 0.0 
0.0 0.0 0.0 0.0 0.0 0.0 
0.0 0.0 0.0 0.0 0.0 0.0 
0.0 0.0 0.0 0.0 0.0 0.0 
0.0 0.0 0.0 0.0 0.0 0.0 
0.0 0.0 0.0 0.0 0.0 0.0 
0.0 0.0 0.0 0.0 0.0 0.0 
0.0 0.0 0.0 0.0 0.0 0.0 
0.0 0.0 0.0 0.0 0.0 0.0 
0.0 0.0 0.0 0.0 0.0 0.0 
0.0 0.0 0.0 0.0 0.0 0.0 
0.0 0.0 0.0 0.0 0.0 0.0 
0.0 0.0 0.0 0.0 0.0 0.0 
0.0 0.0 0.0 0.0 0.0 0.0 
0.0 0.0 0.0 0.0 0.0 0.0 
0.0 0.0 0.0 0.0 0.0 0.0 
0.0 0.0 0.0 0.0 0.0 0.0 
0.0 0.0 0.0 0.0 0.0 0.0 
0.0 0.0 0.0 0.0 0.0 0.0 
0.0 0.0 0.0 0.0 0.0 0.0 
0.0 0.0 0.0 0.0 0.0 0.0 
0.0 0.0 0.0 0.0 0.0 0.0 
0.0 0.0 0.0 0.0 0.0 0.0 
0.0 0.0 0.0 0.0 0.0 0.0 
0.0 0.0 0.0 0.0 0.0 0.0 
0.0 0.0 0.0 0.0 0.0 0.0 
0.0 0.0 0.0 0.0 0.0 0.0 
0.0 0.0 0.0 0.0 0.0 0.0 
0.0 0.0 0.0 0.0 0.0 0.0 
0.0 0.0 0.0 0.0 0.0 0.0 
0.0 0.0 0.0 0.0 0.0 0.0 
0.0 0.0 0.0 0.0 0.0 0.0 
0.0 0.0 0.0 0.0 0.0 0.0 
0.0 0.0 0.0 0.0 0.0 0.0 
0.0 0.0 0.0 0.0 0.0 0.0 
0.0 0.0 0.0 0.0 0.0 0.0 
0.0 0.0 0.0 0.0 0.0 0.0 

0.0 0.0 0.0 0.0 0.0 0.0 
0.0 0.0 0.0 0.0 0.0 0.0 
0.0 0.0 0.0 0.0 0.0 0.0 
0.0 0.0 0.0 0.0 0.0 0.0 
0.0 0.0 0.0 0.0 0.0 0.0 
0.0 0.0 0.0 0.0 0.0 0.0 
0.0 0.0 0.0 0.0 0.0 0.0 
0.0 0.0 0.0 0.0 0.0 0.0 
0.0 0.0 0.0 0.0 0.0 0.0 
0.0 0.0 0.0 0.0 0.0 0.0 
0.0 0.0 0.0 0.0 0.0 0.0 
0.0 0.0 0.0 0.0 0.0 0.0 
0.0 0.0 0.0 0.0 0.0 0.0 
0.0 0.0 0.0 0.0 0.0 0.0 
0.0 0.0 0.0 0.0 0.0 0.0 
0.0 0.0 0.0 0.0 0.0 0.0 
0.0 0.0 0.0 0.0 0.0 0.0 
0.0 0.0 0.0 0.0 0.0 0.0 
0.0 0.0 0.0 0.0 0.0 0.0 
0.0 0.0 0.0 0.0 0.0 0.0 
0.0 0.0 0.0 0.0 0.0 0.0 
0.0 0.0 0.0 0.0 0.0 0.0 
0.0 0.0 0.0 0.0 0.0 0.0 
0.0 0.0 0.0 0.0 0.0 0.0 
0.0 0.0 0.0 0.0 0.0 0.0 
0.0 0.0 0.0 0.0 0.0 0.0 
0.0 0.0 0.0 0.0 0.0 0.0 
0.0 0.0 0.0 0.0 0.0 0.0 
0.0 0.0 0.0 0.0 0.0 0.0 
0.0 0.0 0.0 0.0 0.0 0.0 
0.0 0.0 0.0 0.0 0.0 0.0 
0.0 0.0 0.0 0.0 0.0 0.0 
0.0 0.0 0.0 0.0 0.0 0.0 
0.0 0.0 0.0 0.0 0.0 0.0 
0.0 0.0 0.0 0.0 0.0 0.0 
0.0 0.0 0.0 0.0 0.0 0.0 
0.0 0.0 0.0 0.0 0.0 0.0 
0.0 0.0 0.0 0.0 0.0 0.0 
0.0 0.0 0.0 0.0 0.0 0.0 
0.0 0.0 0.0 0.0 0.0 0.0 
0.0 0.0 0.0 0.0 0.0 0.0 
0.0 0.0 0.0 0.0 0.0 0.0 
0.0 0.0 0.0 0.0 0.0 0.0 
0.0 0.0 0.0 0.0 0.0 0.0 
0.0 0.0 0.0 0.0 0.0 0.0 
0.0 0.0 0.0 0.0 0.0 0.0 
0.0 0.0 0.0 0.0 0.0 0.0 
0.0 0.0 0.0 0.0 0.0 0.0 
0.0 0.0 0.0 0.0 0.0 0.0 
0.0 0.0 0.0 0.0 0.0 0.0 
0.0 0.0 0.0 0.0 0.0 0.0 

0.0 0.0 0.0 0.0 0.0 0.0 
0.0 0.0 0.0 0.0 0.0 0.0 
0.0 0.0 0.0 0.0 0.0 0.0 
0.0 0.0 0.0 0.0 0.0 0.0 
0.0 0.0 0.0 0.0 0.0 0.0 
0.0 0.0 0.0 0.0 0.0 0.0 
0.0 0.0 0.0 0.0 0.0 0.0 
0.0 0.0 0.0 0.0 0.0 0.0 
0.0 0.0 0.0 0.0 0.0 0.0 
0.0 0.0 0.0 0.0 0.0 0.0 
0.0 0.0 0.0 0.0 0.0 0.0 
0.0 0.0 0.0 0.0 0.0 0.0 
0.0 0.0 0.0 0.0 0.0 0.0 
0.0 0.0 0.0 0.0 0.0 0.0 
0.0 0.0 0.0 0.0 0.0 0.0 
0.0 0.0 0.0 0.0 0.0 0.0 
0.0 0.0 0.0 0.0 0.0 0.0 
0.0 0.0 0.0 0.0 0.0 0.0 
0.0 0.0 0.0 0.0 0.0 0.0 
0.0 0.0 0.0 0.0 0.0 0.0 
0.0 0.0 0.0 0.0 0.0 0.0 
0.0 0.0 0.0 0.0 0.0 0.0 
0.0 0.0 0.0 0.0 0.0 0.0 
0.0 0.0 0.0 0.0 0.0 0.0 
0.0 0.0 0.0 0.0 0.0 0.0 
0.0 0.0 0.0 0.0 0.0 0.0 
0.0 0.0 0.0 0.0 0.0 0.0 
0.0 0.0 0.0 0.0 0.0 0.0 
0.0 0.0 0.0 0.0 0.0 0.0 
0.0 0.0 0.0 0.0 0.0 0.0 
0.0 0.0 0.0 0.0 0.0 0.0 
0.0 0.0 0.0 0.0 0.0 0.0 
0.0 0.0 0.0 0.0 0.0 0.0 
0.0 0.0 0.0 0.0 0.0 0.0 
0.0 0.0 0.0 0.0 0.0 0.0 
0.0 0.0 0.0 0.0 0.0 0.0 
0.0 0.0 0.0 0.0 0.0 0.0 
0.0 0.0 0.0 0.0 0.0 0.0 
0.0 0.0 0.0 0.0 0.0 0.0 
0.0 0.0 0.0 0.0 0.0 0.0 
0.0 0.0 0.0 0.0 0.0 0.0 
0.0 0.0 0.0 0.0 0.0 0.0 
0.0 0.0 0.0 0.0 0.0 0.0 
0.0 0.0 0.0 0.0 0.0 0.0 
0.0 0.0 0.0 0.0 0.0 0.0 
0.0 0.0 0.0 0.0 0.0 0.0 
0.0 0.0 0.0 0.0 0.0 0.0 
0.0 0.0 0.0 0.0 0.0 0.0 
0.0 0.0 0.0 0.0 0.0 0.0 
0.0 0.0 0.0 0.0 0.0 0.0 
0.0 0.0 0.0 0.0 0.0 0.0 

